rank,file,ops,contiguous,strided,forward-jump,backward-seek
0,.metadata,2,1,0,0,0
0,__0_0.distcp,678,113,0,176,388
0,__1_0.distcp,689,113,0,181,394
0,__2_0.distcp,11,0,0,9,1
0,__3_0.distcp,10,0,0,8,1
0,__4_0.distcp,678,113,0,176,388
0,__5_0.distcp,689,113,0,181,394
0,__6_0.distcp,11,0,0,10,0
0,__7_0.distcp,11,0,1,9,0
1,.metadata,2,1,0,0,0
1,__1_0.distcp,11,0,0,9,1
1,__2_0.distcp,689,113,0,182,393
1,__3_0.distcp,688,113,0,181,393
1,__5_0.distcp,11,0,0,10,0
1,__6_0.distcp,689,113,0,182,393
1,__7_0.distcp,689,113,0,182,393
