timestamp,label,modules_used,POSIX_OPENS,POSIX_READS,POSIX_WRITES,POSIX_SEEKS,POSIX_STATS,POSIX_MMAPS,POSIX_FSYNCS,POSIX_FDSYNCS,POSIX_BYTES_READ,POSIX_BYTES_WRITTEN,POSIX_CONSEC_READS,POSIX_CONSEC_WRITES,POSIX_SEQ_READS,POSIX_SEQ_WRITES,POSIX_RW_SWITCHES,POSIX_MEM_NOT_ALIGNED,POSIX_MEM_ALIGNMENT,POSIX_FILE_NOT_ALIGNED,POSIX_FILE_ALIGNMENT,POSIX_MAX_READ_TIME_SIZE,POSIX_MAX_WRITE_TIME_SIZE,POSIX_SIZE_READ_0_100,POSIX_SIZE_READ_100_1K,POSIX_SIZE_READ_1K_10K,POSIX_SIZE_READ_10K_100K,POSIX_SIZE_READ_100K_1M,POSIX_SIZE_READ_1M_4M,POSIX_SIZE_READ_4M_10M,POSIX_SIZE_READ_10M_100M,POSIX_SIZE_READ_100M_1G,POSIX_SIZE_READ_1G_PLUS,POSIX_SIZE_WRITE_0_100,POSIX_SIZE_WRITE_100_1K,POSIX_SIZE_WRITE_1K_10K,POSIX_SIZE_WRITE_10K_100K,POSIX_SIZE_WRITE_100K_1M,POSIX_SIZE_WRITE_1M_4M,POSIX_SIZE_WRITE_4M_10M,POSIX_SIZE_WRITE_10M_100M,POSIX_SIZE_WRITE_100M_1G,POSIX_SIZE_WRITE_1G_PLUS,POSIX_STRIDE1_STRIDE,POSIX_STRIDE2_STRIDE,POSIX_STRIDE3_STRIDE,POSIX_STRIDE4_STRIDE,POSIX_STRIDE1_COUNT,POSIX_STRIDE2_COUNT,POSIX_STRIDE3_COUNT,POSIX_STRIDE4_COUNT,POSIX_F_OPEN_START_TIMESTAMP,POSIX_F_OPEN_END_TIMESTAMP,POSIX_F_READ_START_TIMESTAMP,POSIX_F_READ_END_TIMESTAMP,POSIX_F_WRITE_START_TIMESTAMP,POSIX_F_WRITE_END_TIMESTAMP,POSIX_F_CLOSE_START_TIMESTAMP,POSIX_F_CLOSE_END_TIMESTAMP,POSIX_F_READ_TIME,POSIX_F_WRITE_TIME,POSIX_F_META_TIME,POSIX_F_MAX_READ_TIME,POSIX_F_MAX_WRITE_TIME,MPIIO_INDEP_OPENS,MPIIO_COLL_OPENS,MPIIO_INDEP_READS,MPIIO_INDEP_WRITES,MPIIO_COLL_READS,MPIIO_COLL_WRITES,MPIIO_SPLIT_READS,MPIIO_SPLIT_WRITES,MPIIO_NB_READS,MPIIO_NB_WRITES,MPIIO_SYNCS,MPIIO_BYTES_READ,MPIIO_BYTES_WRITTEN,MPIIO_RW_SWITCHES,MPIIO_MAX_READ_TIME_SIZE,MPIIO_MAX_WRITE_TIME_SIZE,MPIIO_SIZE_READ_AGG_0_100,MPIIO_SIZE_READ_AGG_100_1K,MPIIO_SIZE_READ_AGG_1K_10K,MPIIO_SIZE_READ_AGG_10K_100K,MPIIO_SIZE_READ_AGG_100K_1M,MPIIO_SIZE_READ_AGG_1M_4M,MPIIO_SIZE_READ_AGG_4M_10M,MPIIO_SIZE_READ_AGG_10M_100M,MPIIO_SIZE_READ_AGG_100M_1G,MPIIO_SIZE_READ_AGG_1G_PLUS,MPIIO_SIZE_WRITE_AGG_0_100,MPIIO_SIZE_WRITE_AGG_100_1K,MPIIO_SIZE_WRITE_AGG_1K_10K,MPIIO_SIZE_WRITE_AGG_10K_100K,MPIIO_SIZE_WRITE_AGG_100K_1M,MPIIO_SIZE_WRITE_AGG_1M_4M,MPIIO_SIZE_WRITE_AGG_4M_10M,MPIIO_SIZE_WRITE_AGG_10M_100M,MPIIO_SIZE_WRITE_AGG_100M_1G,MPIIO_SIZE_WRITE_AGG_1G_PLUS,MPIIO_F_OPEN_START_TIMESTAMP,MPIIO_F_OPEN_END_TIMESTAMP,MPIIO_F_READ_START_TIMESTAMP,MPIIO_F_READ_END_TIMESTAMP,MPIIO_F_WRITE_START_TIMESTAMP,MPIIO_F_WRITE_END_TIMESTAMP,MPIIO_F_CLOSE_START_TIMESTAMP,MPIIO_F_CLOSE_END_TIMESTAMP,MPIIO_F_READ_TIME,MPIIO_F_WRITE_TIME,MPIIO_F_META_TIME,MPIIO_F_MAX_READ_TIME,MPIIO_F_MAX_WRITE_TIME,STDIO_OPENS,STDIO_READS,STDIO_WRITES,STDIO_FLUSHES,STDIO_BYTES_WRITTEN,STDIO_BYTES_READ,STDIO_F_META_TIME,STDIO_F_WRITE_TIME,STDIO_F_READ_TIME,STDIO_F_OPEN_START_TIMESTAMP,STDIO_F_OPEN_END_TIMESTAMP,STDIO_F_READ_START_TIMESTAMP,STDIO_F_READ_END_TIMESTAMP,STDIO_F_WRITE_START_TIMESTAMP,STDIO_F_WRITE_END_TIMESTAMP,STDIO_F_CLOSE_START_TIMESTAMP,STDIO_F_CLOSE_END_TIMESTAMP
2026-02-27T14:37:59.159427,large_contiguous_write_heavy_freq_1gb_run1,posix,1,0,256,256,0,-1,1,0,0,1073741824,0,255,0,255,0,0,8,0,524288,0,4194304,0,0,0,0,0,0,0,0,0,0,0,0,0,0,0,256,0,0,0,0,0,0,0,0,0,0,0,0,0.002905130386352539,0.0036497116088867188,0.0,0.0,0.006871223449707031,3.805874824523926,6.1688830852508545,6.170159578323364,0.0,6.160846948623657,0.002237558364868164,0.0,0.054157257080078125,,,,,,,,,,,,,,,,,,,,,,,,,,,,,,,,,,,,,,,,,,,,,,,,,,,,,,,,,,,,,,,,,,
2026-02-27T14:40:07.300496,large_contiguous_write_heavy_freq_1gb_run2,posix,1,0,256,256,0,-1,1,0,0,1073741824,0,255,0,255,0,0,8,0,524288,0,4194304,0,0,0,0,0,0,0,0,0,0,0,0,0,0,0,256,0,0,0,0,0,0,0,0,0,0,0,0,0.002719402313232422,0.00321197509765625,0.0,0.0,0.008553028106689453,3.923766851425171,6.417666912078857,6.419374704360962,0.0,6.407763957977295,0.002429962158203125,0.0,0.05764436721801758,,,,,,,,,,,,,,,,,,,,,,,,,,,,,,,,,,,,,,,,,,,,,,,,,,,,,,,,,,,,,,,,,,
2026-02-27T14:42:15.359520,large_contiguous_write_heavy_freq_1gb_run3,posix,1,0,256,256,0,-1,1,0,0,1073741824,0,255,0,255,0,0,8,0,524288,0,4194304,0,0,0,0,0,0,0,0,0,0,0,0,0,0,0,256,0,0,0,0,0,0,0,0,0,0,0,0,0.005096912384033203,0.0067479610443115234,0.0,0.0,0.011105537414550781,3.758686065673828,6.313267230987549,6.3144471645355225,0.0,6.301067590713501,0.003028392791748047,0.0,0.015176057815551758,,,,,,,,,,,,,,,,,,,,,,,,,,,,,,,,,,,,,,,,,,,,,,,,,,,,,,,,,,,,,,,,,,
2026-02-27T14:44:23.348555,large_contiguous_write_heavy_freq_1gb_run4,posix,1,0,256,256,0,-1,1,0,0,1073741824,0,255,0,255,0,0,8,0,524288,0,4194304,0,0,0,0,0,0,0,0,0,0,0,0,0,0,0,256,0,0,0,0,0,0,0,0,0,0,0,0,0.0038862228393554688,0.005002498626708984,0.0,0.0,0.008533239364624023,3.761899709701538,6.29758358001709,6.299292325973511,0.0,6.287833213806152,0.0030345916748046875,0.0,0.01616215705871582,,,,,,,,,,,,,,,,,,,,,,,,,,,,,,,,,,,,,,,,,,,,,,,,,,,,,,,,,,,,,,,,,,
2026-02-27T14:46:30.522491,large_contiguous_write_heavy_freq_1gb_run5,posix,1,0,256,256,0,-1,1,0,0,1073741824,0,255,0,255,0,0,8,0,524288,0,4194304,0,0,0,0,0,0,0,0,0,0,0,0,0,0,0,256,0,0,0,0,0,0,0,0,0,0,0,0,0.002340078353881836,0.003055572509765625,0.0,0.0,0.006802797317504883,3.76033353805542,5.427197694778442,5.429116725921631,0.0,5.419229745864868,0.002850055694580078,0.0,0.014901876449584961,,,,,,,,,,,,,,,,,,,,,,,,,,,,,,,,,,,,,,,,,,,,,,,,,,,,,,,,,,,,,,,,,,
2026-02-27T14:49:19.476456,large_contiguous_write_heavy_freq_10gb_run1,posix,1,0,2560,2560,0,-1,1,0,0,10737418240,0,2559,0,2559,0,0,8,0,524288,0,4194304,0,0,0,0,0,0,0,0,0,0,0,0,0,0,0,2560,0,0,0,0,0,0,0,0,0,0,0,0,0.005185842514038086,0.007290840148925781,0.0,0.0,0.011885643005371094,38.05033731460571,47.22566533088684,47.2271192073822,0.0,47.20295453071594,0.005815267562866211,0.0,0.04678750038146973,,,,,,,,,,,,,,,,,,,,,,,,,,,,,,,,,,,,,,,,,,,,,,,,,,,,,,,,,,,,,,,,,,
2026-02-27T14:52:04.843496,large_contiguous_write_heavy_freq_10gb_run2,posix,1,0,2560,2560,0,-1,1,0,0,10737418240,0,2559,0,2559,0,0,8,0,524288,0,4194304,0,0,0,0,0,0,0,0,0,0,0,0,0,0,0,2560,0,0,0,0,0,0,0,0,0,0,0,0,0.002535581588745117,0.0038301944732666016,0.0,0.0,0.0075075626373291016,39.51605939865112,43.596213817596436,43.59741520881653,0.0,43.57767939567566,0.004736661911010742,0.0,0.018904924392700195,,,,,,,,,,,,,,,,,,,,,,,,,,,,,,,,,,,,,,,,,,,,,,,,,,,,,,,,,,,,,,,,,,
2026-02-27T14:54:48.153490,large_contiguous_write_heavy_freq_10gb_run3,posix,1,0,2560,2560,0,-1,1,0,0,10737418240,0,2559,0,2559,0,0,8,0,524288,0,4194304,0,0,0,0,0,0,0,0,0,0,0,0,0,0,0,2560,0,0,0,0,0,0,0,0,0,0,0,0,0.0026140213012695312,0.003645181655883789,0.0,0.0,0.007364511489868164,38.545745611190796,41.58874583244324,41.59567642211914,0.0,41.572123765945435,0.01001882553100586,0.0,0.05977892875671387,,,,,,,,,,,,,,,,,,,,,,,,,,,,,,,,,,,,,,,,,,,,,,,,,,,,,,,,,,,,,,,,,,
2026-02-27T14:57:34.462802,large_contiguous_write_heavy_freq_10gb_run4,posix,1,0,2560,2560,0,-1,1,0,0,10737418240,0,2559,0,2559,0,0,8,0,524288,0,4194304,0,0,0,0,0,0,0,0,0,0,0,0,0,0,0,2560,0,0,0,0,0,0,0,0,0,0,0,0,0.004961729049682617,0.007084846496582031,0.0,0.0,0.011440515518188477,37.49158215522766,44.5722131729126,44.57445526123047,0.0,44.55088710784912,0.006452083587646484,0.0,0.0150299072265625,,,,,,,,,,,,,,,,,,,,,,,,,,,,,,,,,,,,,,,,,,,,,,,,,,,,,,,,,,,,,,,,,,
2026-02-27T15:00:22.996920,large_contiguous_write_heavy_freq_10gb_run5,posix,1,0,2560,2560,0,-1,1,0,0,10737418240,0,2559,0,2559,0,0,8,0,524288,0,4194304,0,0,0,0,0,0,0,0,0,0,0,0,0,0,0,2560,0,0,0,0,0,0,0,0,0,0,0,0,0.004515886306762695,0.006354808807373047,0.0,0.0,0.010413646697998047,37.64840054512024,46.82409977912903,46.827903270721436,0.0,46.804176330566406,0.007656097412109375,0.0,0.05696606636047363,,,,,,,,,,,,,,,,,,,,,,,,,,,,,,,,,,,,,,,,,,,,,,,,,,,,,,,,,,,,,,,,,,
2026-02-27T15:02:34.687085,large_contiguous_read_heavy_freq_1gb_run1,posix,1,256,0,256,0,-1,1,0,1073741824,0,255,0,255,0,0,0,8,0,524288,4194304,0,0,0,0,0,0,256,0,0,0,0,0,0,0,0,0,0,0,0,0,0,0,0,0,0,0,0,0,0,0.004778385162353516,0.006155967712402344,0.007588624954223633,3.7259833812713623,0.0,0.0,3.727228879928589,3.728942394256592,3.717435836791992,0.0010294914245605469,0.003297090530395508,0.02521967887878418,0.0,,,,,,,,,,,,,,,,,,,,,,,,,,,,,,,,,,,,,,,,,,,,,,,,,,,,,,,,,,,,,,,,,,
2026-02-27T15:04:45.725948,large_contiguous_read_heavy_freq_1gb_run2,posix,1,256,0,256,0,-1,1,0,1073741824,0,255,0,255,0,0,0,8,0,524288,4194304,0,0,0,0,0,0,256,0,0,0,0,0,0,0,0,0,0,0,0,0,0,0,0,0,0,0,0,0,0,0.030161380767822266,0.03718900680541992,0.03865551948547363,3.752358913421631,0.0,0.0,3.753723621368408,3.7577290534973145,3.7127907276153564,0.001171112060546875,0.01124715805053711,0.023871660232543945,0.0,,,,,,,,,,,,,,,,,,,,,,,,,,,,,,,,,,,,,,,,,,,,,,,,,,,,,,,,,,,,,,,,,,
2026-02-27T15:06:57.584696,large_contiguous_read_heavy_freq_1gb_run3,posix,1,256,0,256,0,-1,1,0,1073741824,0,255,0,255,0,0,0,8,0,524288,4194304,0,0,0,0,0,0,256,0,0,0,0,0,0,0,0,0,0,0,0,0,0,0,0,0,0,0,0,0,0,0.0020439624786376953,0.0024728775024414062,0.0039217472076416016,3.7195515632629395,0.0,0.0,3.720900774002075,3.722665786743164,3.7146806716918945,0.0012025833129882812,0.002432584762573242,0.02759575843811035,0.0,,,,,,,,,,,,,,,,,,,,,,,,,,,,,,,,,,,,,,,,,,,,,,,,,,,,,,,,,,,,,,,,,,
2026-02-27T15:09:09.390533,large_contiguous_read_heavy_freq_1gb_run4,posix,1,256,0,256,0,-1,1,0,1073741824,0,255,0,255,0,0,0,8,0,524288,4194304,0,0,0,0,0,0,256,0,0,0,0,0,0,0,0,0,0,0,0,0,0,0,0,0,0,0,0,0,0,0.0034067630767822266,0.004383087158203125,0.005829811096191406,3.7229743003845215,0.0,0.0,3.7243943214416504,3.7262096405029297,3.716184377670288,0.0012624263763427734,0.0029973983764648438,0.0334475040435791,0.0,,,,,,,,,,,,,,,,,,,,,,,,,,,,,,,,,,,,,,,,,,,,,,,,,,,,,,,,,,,,,,,,,,
2026-02-27T15:11:20.483442,large_contiguous_read_heavy_freq_1gb_run5,posix,1,256,0,256,0,-1,1,0,1073741824,0,255,0,255,0,0,0,8,0,524288,4194304,0,0,0,0,0,0,256,0,0,0,0,0,0,0,0,0,0,0,0,0,0,0,0,0,0,0,0,0,0,0.004405498504638672,0.005705595016479492,0.009617328643798828,3.719313859939575,0.0,0.0,3.7206192016601562,3.7224934101104736,3.7083373069763184,0.001119375228881836,0.0034699440002441406,0.0251920223236084,0.0,,,,,,,,,,,,,,,,,,,,,,,,,,,,,,,,,,,,,,,,,,,,,,,,,,,,,,,,,,,,,,,,,,
2026-02-27T15:14:45.619879,large_contiguous_read_heavy_freq_10gb_run1,posix,1,2560,0,2560,0,-1,1,0,10737418240,0,2559,0,2559,0,0,0,8,0,524288,4194304,0,0,0,0,0,0,2560,0,0,0,0,0,0,0,0,0,0,0,0,0,0,0,0,0,0,0,0,0,0,0.004046916961669922,0.0050280094146728516,0.0064923763275146484,36.91955852508545,0.0,0.0,36.92037081718445,36.922205686569214,36.90309739112854,0.0004661083221435547,0.0048716068267822266,0.019529342651367188,0.0,,,,,,,,,,,,,,,,,,,,,,,,,,,,,,,,,,,,,,,,,,,,,,,,,,,,,,,,,,,,,,,,,,
2026-02-27T19:00:32.219205,large_contiguous_read_heavy_freq_10gb_run2,posix,1,2560,0,2560,0,-1,1,0,10737418240,0,2559,0,2559,0,0,0,8,0,524288,4194304,0,0,0,0,0,0,2560,0,0,0,0,0,0,0,0,0,0,0,0,0,0,0,0,0,0,0,0,0,0,0.00461888313293457,0.006028890609741211,0.007489442825317383,50.98327016830444,0.0,0.0,50.98489761352539,50.98916006088257,50.96462941169739,0.0013937950134277344,0.00808405876159668,1.4914803504943848,0.0,,,,,,,,,,,,,,,,,,,,,,,,,,,,,,,,,,,,,,,,,,,,,,,,,,,,,,,,,,,,,,,,,,
2026-02-27T19:04:36.554839,large_contiguous_read_heavy_freq_10gb_run3,posix,1,2560,0,2560,0,-1,1,0,10737418240,0,2559,0,2559,0,0,0,8,0,524288,4194304,0,0,0,0,0,0,2560,0,0,0,0,0,0,0,0,0,0,0,0,0,0,0,0,0,0,0,0,0,0,0.004228353500366211,0.005021572113037109,0.006497383117675781,69.34665966033936,0.0,0.0,69.34876799583435,69.35005021095276,69.32844376564026,0.001806020736694336,0.004553556442260742,0.8476712703704834,0.0,,,,,,,,,,,,,,,,,,,,,,,,,,,,,,,,,,,,,,,,,,,,,,,,,,,,,,,,,,,,,,,,,,
2026-02-27T19:08:15.425102,large_contiguous_read_heavy_freq_10gb_run4,posix,1,2560,0,2560,0,-1,1,0,10737418240,0,2559,0,2559,0,0,0,8,0,524288,4194304,0,0,0,0,0,0,2560,0,0,0,0,0,0,0,0,0,0,0,0,0,0,0,0,0,0,0,0,0,0,0.0024175643920898438,0.0029382705688476562,0.004398345947265625,47.89951205253601,0.0,0.0,47.90006947517395,47.90166354179382,47.8851523399353,0.0003495216369628906,0.004276275634765625,0.10140204429626465,0.0,,,,,,,,,,,,,,,,,,,,,,,,,,,,,,,,,,,,,,,,,,,,,,,,,,,,,,,,,,,,,,,,,,
2026-02-27T19:12:15.328307,large_contiguous_read_heavy_freq_10gb_run5,posix,1,2560,0,2560,0,-1,1,0,10737418240,0,2559,0,2559,0,0,0,8,0,524288,4194304,0,0,0,0,0,0,2560,0,0,0,0,0,0,0,0,0,0,0,0,0,0,0,0,0,0,0,0,0,0,0.0032334327697753906,0.004029989242553711,0.005499601364135742,61.74896574020386,0.0,0.0,61.78732752799988,61.788546562194824,61.73198461532593,0.038158416748046875,0.004472970962524414,0.5869910717010498,0.0,,,,,,,,,,,,,,,,,,,,,,,,,,,,,,,,,,,,,,,,,,,,,,,,,,,,,,,,,,,,,,,,,,
2026-02-27T19:14:27.153747,small_contiguous_write_heavy_freq_1gb_run1,posix,1,0,262144,262144,0,-1,1,0,0,1073741824,0,262143,0,262143,0,0,8,260096,524288,0,4096,0,0,0,0,0,0,0,0,0,0,0,0,262144,0,0,0,0,0,0,0,0,0,0,0,0,0,0,0,0.0036389827728271484,0.004334688186645508,0.0,0.0,0.12865686416625977,8.427331447601318,10.087895154953003,10.090454816818237,0.0,9.884283542633057,0.032412052154541016,0.0,0.04721570014953613,,,,,,,,,,,,,,,,,,,,,,,,,,,,,,,,,,,,,,,,,,,,,,,,,,,,,,,,,,,,,,,,,,
2026-02-27T19:16:38.313265,small_contiguous_write_heavy_freq_1gb_run2,posix,1,0,262144,262144,0,-1,1,0,0,1073741824,0,262143,0,262143,0,0,8,260096,524288,0,4096,0,0,0,0,0,0,0,0,0,0,0,0,262144,0,0,0,0,0,0,0,0,0,0,0,0,0,0,0,0.014915704727172852,0.021694421768188477,0.0,0.0,0.16622185707092285,6.842162370681763,9.411510944366455,9.416865825653076,0.0,9.17173981666565,0.0410616397857666,0.0,0.07075858116149902,,,,,,,,,,,,,,,,,,,,,,,,,,,,,,,,,,,,,,,,,,,,,,,,,,,,,,,,,,,,,,,,,,
2026-02-27T19:18:48.941204,small_contiguous_write_heavy_freq_1gb_run3,posix,1,0,262144,262144,0,-1,1,0,0,1073741824,0,262143,0,262143,0,0,8,260096,524288,0,4096,0,0,0,0,0,0,0,0,0,0,0,0,262144,0,0,0,0,0,0,0,0,0,0,0,0,0,0,0,0.004313468933105469,0.0063724517822265625,0.0,0.0,0.27315783500671387,7.008560657501221,8.893993139266968,8.895524740219116,0.0,8.5469388961792,0.03250002861022949,0.0,0.05196952819824219,,,,,,,,,,,,,,,,,,,,,,,,,,,,,,,,,,,,,,,,,,,,,,,,,,,,,,,,,,,,,,,,,,
2026-02-27T19:21:00.154328,small_contiguous_write_heavy_freq_1gb_run4,posix,1,0,262144,262144,0,-1,1,0,0,1073741824,0,262143,0,262143,0,0,8,260096,524288,0,4096,0,0,0,0,0,0,0,0,0,0,0,0,262144,0,0,0,0,0,0,0,0,0,0,0,0,0,0,0,0.012740373611450195,0.017105579376220703,0.0,0.0,0.11764955520629883,7.963636875152588,9.424123764038086,9.42791199684143,0.0,9.225676536560059,0.04010295867919922,0.0,0.08389639854431152,,,,,,,,,,,,,,,,,,,,,,,,,,,,,,,,,,,,,,,,,,,,,,,,,,,,,,,,,,,,,,,,,,
2026-02-27T19:23:08.805645,small_contiguous_write_heavy_freq_1gb_run5,posix,1,0,262144,262144,0,-1,1,0,0,1073741824,0,262143,0,262143,0,0,8,260096,524288,0,4096,0,0,0,0,0,0,0,0,0,0,0,0,262144,0,0,0,0,0,0,0,0,0,0,0,0,0,0,0,0.004789113998413086,0.006657838821411133,0.0,0.0,0.1462259292602539,4.6377112865448,6.922679662704468,6.92463493347168,0.0,6.702237844467163,0.033844709396362305,0.0,0.003960847854614258,,,,,,,,,,,,,,,,,,,,,,,,,,,,,,,,,,,,,,,,,,,,,,,,,,,,,,,,,,,,,,,,,,
2026-02-27T19:26:09.274940,small_contiguous_write_heavy_freq_10gb_run1,posix,1,0,2621440,2621440,0,-1,1,0,0,10737418240,0,2621439,0,2621439,0,0,8,2600960,524288,0,4096,0,0,0,0,0,0,0,0,0,0,0,0,2621440,0,0,0,0,0,0,0,0,0,0,0,0,0,0,0,0.004650592803955078,0.006062984466552734,0.0,0.0,0.19659852981567383,44.63365602493286,59.081769943237305,59.08284521102905,0.0,58.16278839111328,0.2877030372619629,0.0,0.07253885269165039,,,,,,,,,,,,,,,,,,,,,,,,,,,,,,,,,,,,,,,,,,,,,,,,,,,,,,,,,,,,,,,,,,
2026-02-27T19:29:10.965403,small_contiguous_write_heavy_freq_10gb_run2,posix,1,0,2621440,2621440,0,-1,1,0,0,10737418240,0,2621439,0,2621439,0,0,8,2600960,524288,0,4096,0,0,0,0,0,0,0,0,0,0,0,0,2621440,0,0,0,0,0,0,0,0,0,0,0,0,0,0,0,0.005009174346923828,0.0074062347412109375,0.0,0.0,0.19853758811950684,44.87202572822571,59.79716968536377,59.79911541938782,0.0,58.88110971450806,0.2888054847717285,0.0,0.04450845718383789,,,,,,,,,,,,,,,,,,,,,,,,,,,,,,,,,,,,,,,,,,,,,,,,,,,,,,,,,,,,,,,,,,
2026-02-27T19:32:04.493897,small_contiguous_write_heavy_freq_10gb_run3,posix,1,0,2621440,2621440,0,-1,1,0,0,10737418240,0,2621439,0,2621439,0,0,8,2600960,524288,0,4096,0,0,0,0,0,0,0,0,0,0,0,0,2621440,0,0,0,0,0,0,0,0,0,0,0,0,0,0,0,0.005415678024291992,0.007289886474609375,0.0,0.0,0.22524046897888184,45.5922691822052,51.79202103614807,51.793999433517456,0.0,50.866331338882446,0.28006935119628906,0.0,0.7690854072570801,,,,,,,,,,,,,,,,,,,,,,,,,,,,,,,,,,,,,,,,,,,,,,,,,,,,,,,,,,,,,,,,,,
2026-02-27T19:35:06.030772,small_contiguous_write_heavy_freq_10gb_run4,posix,1,0,2621440,2621440,0,-1,1,0,0,10737418240,0,2621439,0,2621439,0,0,8,2600960,524288,0,4096,0,0,0,0,0,0,0,0,0,0,0,0,2621440,0,0,0,0,0,0,0,0,0,0,0,0,0,0,0,0.0049076080322265625,0.006783008575439453,0.0,0.0,0.25228071212768555,44.99654960632324,59.7986536026001,59.80642294883728,0.0,58.83992123603821,0.2891378402709961,0.0,0.053061723709106445,,,,,,,,,,,,,,,,,,,,,,,,,,,,,,,,,,,,,,,,,,,,,,,,,,,,,,,,,,,,,,,,,,
2026-02-27T19:38:03.142472,small_contiguous_write_heavy_freq_10gb_run5,posix,1,0,2621440,2621440,0,-1,1,0,0,10737418240,0,2621439,0,2621439,0,0,8,2600960,524288,0,4096,0,0,0,0,0,0,0,0,0,0,0,0,2621440,0,0,0,0,0,0,0,0,0,0,0,0,0,0,0,0.004328489303588867,0.005699634552001953,0.0,0.0,0.008513212203979492,46.16282939910889,55.35363411903381,55.357752561569214,0.0,54.61752700805664,0.2927565574645996,0.0,0.6005001068115234,,,,,,,,,,,,,,,,,,,,,,,,,,,,,,,,,,,,,,,,,,,,,,,,,,,,,,,,,,,,,,,,,,
2026-02-27T19:40:46.032363,small_random_read_heavy_freq_1gb_run1,posix,1,262144,0,262144,0,-1,1,0,1073741824,0,4,0,131074,0,0,0,8,260096,524288,4096,0,0,0,262144,0,0,0,0,0,0,0,0,0,0,0,0,0,0,0,0,0,187432960,156205056,103596032,69844992,4,4,4,4,0.003921031951904297,0.005437612533569336,0.0054607391357421875,34.89080500602722,0.0,0.0,34.89113783836365,34.893146276474,34.74850916862488,0.00032639503479003906,0.041748762130737305,0.007216691970825195,0.0,,,,,,,,,,,,,,,,,,,,,,,,,,,,,,,,,,,,,,,,,,,,,,,,,,,,,,,,,,,,,,,,,,
2026-02-27T19:43:39.463776,small_random_read_heavy_freq_1gb_run2,posix,1,262144,0,262144,0,-1,1,0,1073741824,0,4,0,131073,0,0,0,8,260096,524288,4096,0,0,0,262144,0,0,0,0,0,0,0,0,0,0,0,0,0,0,0,0,0,158646272,139919360,106987520,94797824,4,4,4,4,0.004031181335449219,0.004909992218017578,0.0049285888671875,44.798476457595825,0.0,0.0,44.79874348640442,44.80057692527771,44.64852261543274,0.0002608299255371094,0.04267168045043945,0.0033435821533203125,0.0,,,,,,,,,,,,,,,,,,,,,,,,,,,,,,,,,,,,,,,,,,,,,,,,,,,,,,,,,,,,,,,,,,
2026-02-27T19:46:22.821967,small_random_read_heavy_freq_1gb_run3,posix,1,262144,0,262144,0,-1,1,0,1073741824,0,4,0,131074,0,0,0,8,260096,524288,4096,0,0,0,262144,0,0,0,0,0,0,0,0,0,0,0,0,0,0,0,0,0,224575488,146784256,99254272,68075520,4,4,4,4,0.00452876091003418,0.005765199661254883,0.005787372589111328,34.673752546310425,0.0,0.0,34.674118757247925,34.67587375640869,34.526238679885864,0.0003554821014404297,0.042746782302856445,0.002390146255493164,0.0,,,,,,,,,,,,,,,,,,,,,,,,,,,,,,,,,,,,,,,,,,,,,,,,,,,,,,,,,,,,,,,,,,
2026-02-27T19:49:04.773623,small_random_read_heavy_freq_1gb_run4,posix,1,262144,0,262144,0,-1,1,0,1073741824,0,4,0,131074,0,0,0,8,260096,524288,4096,0,0,0,262144,0,0,0,0,0,0,0,0,0,0,0,0,0,0,0,0,0,252985344,214237184,148013056,147439616,4,4,4,4,0.004027366638183594,0.005462646484375,0.0054798126220703125,33.33777904510498,0.0,0.0,33.338282108306885,33.34006190299988,33.19645047187805,0.0004963874816894531,0.04146313667297363,0.0041713714599609375,0.0,,,,,,,,,,,,,,,,,,,,,,,,,,,,,,,,,,,,,,,,,,,,,,,,,,,,,,,,,,,,,,,,,,
2026-02-27T19:52:07.355190,small_random_read_heavy_freq_1gb_run5,posix,1,262144,0,262144,0,-1,1,0,1073741824,0,4,0,131074,0,0,0,8,260096,524288,4096,0,0,0,262144,0,0,0,0,0,0,0,0,0,0,0,0,0,0,0,0,0,246988800,168656896,153321472,96157696,4,4,4,4,0.0023517608642578125,0.0030107498168945312,0.003028392791748047,53.96658253669739,0.0,0.0,53.96687364578247,53.968002796173096,53.811420917510986,0.00028252601623535156,0.04312491416931152,0.009286880493164062,0.0,,,,,,,,,,,,,,,,,,,,,,,,,,,,,,,,,,,,,,,,,,,,,,,,,,,,,,,,,,,,,,,,,,
2026-02-27T20:01:58.989717,small_random_read_heavy_freq_10gb_run1,posix,1,2621440,0,2621440,0,-1,1,0,10737418240,0,3,0,1311058,0,0,0,8,2600960,524288,4096,0,0,0,2621440,0,0,0,0,0,0,0,0,0,0,0,0,0,0,0,0,0,3398238208,4853694464,1644773376,762265600,6,5,5,5,0.002660989761352539,0.0032219886779785156,0.0032415390014648438,408.6933624744415,0.0,0.0,408.6938030719757,408.69566106796265,407.30230259895325,0.00043392181396484375,0.39667415618896484,0.009073972702026367,0.0,,,,,,,,,,,,,,,,,,,,,,,,,,,,,,,,,,,,,,,,,,,,,,,,,,,,,,,,,,,,,,,,,,
2026-02-27T20:12:08.966933,small_random_read_heavy_freq_10gb_run2,posix,1,2621440,0,2621440,0,-1,1,0,10737418240,0,6,0,1310614,0,0,0,8,2600960,524288,4096,0,0,0,2621440,0,0,0,0,0,0,0,0,0,0,0,0,0,0,0,0,0,1186414592,2917138432,2585395200,1962868736,13,5,5,5,0.004971742630004883,0.006257772445678711,0.006274700164794922,432.7471809387207,0.0,0.0,432.7476682662964,432.7495150566101,431.30926299095154,0.0004744529724121094,0.3996467590332031,0.00793313980102539,0.0,,,,,,,,,,,,,,,,,,,,,,,,,,,,,,,,,,,,,,,,,,,,,,,,,,,,,,,,,,,,,,,,,,
2026-02-27T20:21:48.206585,small_random_read_heavy_freq_10gb_run3,posix,1,2621440,0,2621440,0,-1,1,0,10737418240,0,4,0,1311090,0,0,0,8,2600960,524288,4096,0,0,0,2621440,0,0,0,0,0,0,0,0,0,0,0,0,0,0,0,0,0,2112454656,707690496,1329545216,885080064,7,7,6,6,0.003410816192626953,0.004381418228149414,0.0043981075286865234,402.8232476711273,0.0,0.0,402.82367420196533,402.8247802257538,401.4153084754944,0.0004208087921142578,0.3963940143585205,0.01122903823852539,0.0,,,,,,,,,,,,,,,,,,,,,,,,,,,,,,,,,,,,,,,,,,,,,,,,,,,,,,,,,,,,,,,,,,
2026-02-27T20:31:49.038121,small_random_read_heavy_freq_10gb_run4,posix,1,2621440,0,2621440,0,-1,1,0,10737418240,0,3,0,1310505,0,0,0,8,2600960,524288,4096,0,0,0,2621440,0,0,0,0,0,0,0,0,0,0,0,0,0,0,0,0,0,4777836544,2885910528,1051738112,808173568,6,6,6,6,0.003968238830566406,0.005193948745727539,0.005215883255004883,423.5890910625458,0.0,0.0,423.58966183662415,423.5913760662079,422.18525409698486,0.0005638599395751953,0.3933427333831787,0.006013154983520508,0.0,,,,,,,,,,,,,,,,,,,,,,,,,,,,,,,,,,,,,,,,,,,,,,,,,,,,,,,,,,,,,,,,,,
2026-02-27T20:41:13.998586,small_random_read_heavy_freq_10gb_run5,posix,1,2621440,0,2621440,0,-1,1,0,10737418240,0,5,0,1311111,0,0,0,8,2600960,524288,4096,0,0,0,2621440,0,0,0,0,0,0,0,0,0,0,0,0,0,0,0,0,0,3141353472,1831944192,612483072,6482083840,10,7,6,5,0.0038917064666748047,0.005075216293334961,0.00509333610534668,389.2981050014496,0.0,0.0,389.2985746860504,389.3003077507019,387.882931470871,0.0004608631134033203,0.39557576179504395,0.007848501205444336,0.0,,,,,,,,,,,,,,,,,,,,,,,,,,,,,,,,,,,,,,,,,,,,,,,,,,,,,,,,,,,,,,,,,,
2026-02-27T20:43:27.175781,small_contiguous_read_heavy_freq_1gb_run1,posix,1,262144,0,262144,0,-1,1,0,1073741824,0,262143,0,262143,0,0,0,8,260096,524288,4096,0,0,0,262144,0,0,0,0,0,0,0,0,0,0,0,0,0,0,0,0,0,0,0,0,0,0,0,0,0,0.004263162612915039,0.005102634429931641,0.0051212310791015625,4.408260107040405,0.0,0.0,4.409365653991699,4.411149740219116,4.330774784088135,0.0010993480682373047,0.030946969985961914,0.015119791030883789,0.0,,,,,,,,,,,,,,,,,,,,,,,,,,,,,,,,,,,,,,,,,,,,,,,,,,,,,,,,,,,,,,,,,,
2026-02-27T20:45:39.811220,small_contiguous_read_heavy_freq_1gb_run2,posix,1,262144,0,262144,0,-1,1,0,1073741824,0,262143,0,262143,0,0,0,8,260096,524288,4096,0,0,0,262144,0,0,0,0,0,0,0,0,0,0,0,0,0,0,0,0,0,0,0,0,0,0,0,0,0,0.004191398620605469,0.005600929260253906,0.005619525909423828,4.326991081237793,0.0,0.0,4.328125,4.3300087451934814,4.249644756317139,0.0011277198791503906,0.03145289421081543,0.007831335067749023,0.0,,,,,,,,,,,,,,,,,,,,,,,,,,,,,,,,,,,,,,,,,,,,,,,,,,,,,,,,,,,,,,,,,,
2026-02-27T20:47:52.722515,small_contiguous_read_heavy_freq_1gb_run3,posix,1,262144,0,262144,0,-1,1,0,1073741824,0,262143,0,262143,0,0,0,8,260096,524288,4096,0,0,0,262144,0,0,0,0,0,0,0,0,0,0,0,0,0,0,0,0,0,0,0,0,0,0,0,0,0,0.003625154495239258,0.0048770904541015625,0.0048961639404296875,4.226511240005493,0.0,0.0,4.22767972946167,4.229639768600464,4.149637937545776,0.0011625289916992188,0.031229734420776367,0.003927946090698242,0.0,,,,,,,,,,,,,,,,,,,,,,,,,,,,,,,,,,,,,,,,,,,,,,,,,,,,,,,,,,,,,,,,,,
2026-02-27T20:50:05.447564,small_contiguous_read_heavy_freq_1gb_run4,posix,1,262144,0,262144,0,-1,1,0,1073741824,0,262143,0,262143,0,0,0,8,260096,524288,4096,0,0,0,262144,0,0,0,0,0,0,0,0,0,0,0,0,0,0,0,0,0,0,0,0,0,0,0,0,0,0.003987789154052734,0.0052874088287353516,0.005305290222167969,4.248783588409424,0.0,0.0,4.250160217285156,4.252251863479614,4.1723692417144775,0.0013701915740966797,0.031106233596801758,0.008129358291625977,0.0,,,,,,,,,,,,,,,,,,,,,,,,,,,,,,,,,,,,,,,,,,,,,,,,,,,,,,,,,,,,,,,,,,
2026-02-27T20:52:18.399247,small_contiguous_read_heavy_freq_1gb_run5,posix,1,262144,0,262144,0,-1,1,0,1073741824,0,262143,0,262143,0,0,0,8,260096,524288,4096,0,0,0,262144,0,0,0,0,0,0,0,0,0,0,0,0,0,0,0,0,0,0,0,0,0,0,0,0,0,0.004724025726318359,0.006050825119018555,0.00606846809387207,4.3593738079071045,0.0,0.0,4.3604724407196045,4.361668109893799,4.281153202056885,0.0010890960693359375,0.03061985969543457,0.008747339248657227,0.0,,,,,,,,,,,,,,,,,,,,,,,,,,,,,,,,,,,,,,,,,,,,,,,,,,,,,,,,,,,,,,,,,,
2026-02-27T20:56:00.900987,small_contiguous_read_heavy_freq_10gb_run1,posix,1,2621440,0,2621440,0,-1,1,0,10737418240,0,2621439,0,2621439,0,0,0,8,2600960,524288,4096,0,0,0,2621440,0,0,0,0,0,0,0,0,0,0,0,0,0,0,0,0,0,0,0,0,0,0,0,0,0,0.0038602352142333984,0.005124330520629883,0.005143165588378906,43.8004949092865,0.0,0.0,43.80106735229492,43.80295467376709,43.05776643753052,0.0005657672882080078,0.29564976692199707,0.009132862091064453,0.0,,,,,,,,,,,,,,,,,,,,,,,,,,,,,,,,,,,,,,,,,,,,,,,,,,,,,,,,,,,,,,,,,,
2026-02-27T20:59:42.012396,small_contiguous_read_heavy_freq_10gb_run2,posix,1,2621440,0,2621440,0,-1,1,0,10737418240,0,2621439,0,2621439,0,0,0,8,2600960,524288,4096,0,0,0,2621440,0,0,0,0,0,0,0,0,0,0,0,0,0,0,0,0,0,0,0,0,0,0,0,0,0,0.0022819042205810547,0.0030813217163085938,0.00310516357421875,43.662179708480835,0.0,0.0,43.66267967224121,43.66447353363037,42.907559394836426,0.0004935264587402344,0.30048251152038574,0.008416891098022461,0.0,,,,,,,,,,,,,,,,,,,,,,,,,,,,,,,,,,,,,,,,,,,,,,,,,,,,,,,,,,,,,,,,,,
2026-02-27T21:03:18.849446,small_contiguous_read_heavy_freq_10gb_run3,posix,1,2621440,0,2621440,0,-1,1,0,10737418240,0,2621439,0,2621439,0,0,0,8,2600960,524288,4096,0,0,0,2621440,0,0,0,0,0,0,0,0,0,0,0,0,0,0,0,0,0,0,0,0,0,0,0,0,0,0.004050016403198242,0.005026102066040039,0.005044221878051758,42.8444402217865,0.0,0.0,42.844889640808105,42.846598625183105,42.076680183410645,0.00044345855712890625,0.30780792236328125,0.010780811309814453,0.0,,,,,,,,,,,,,,,,,,,,,,,,,,,,,,,,,,,,,,,,,,,,,,,,,,,,,,,,,,,,,,,,,,
2026-02-27T21:06:50.069908,small_contiguous_read_heavy_freq_10gb_run4,posix,1,2621440,0,2621440,0,-1,1,0,10737418240,0,2621439,0,2621439,0,0,0,8,2600960,524288,4096,0,0,0,2621440,0,0,0,0,0,0,0,0,0,0,0,0,0,0,0,0,0,0,0,0,0,0,0,0,0,0.003024578094482422,0.003869295120239258,0.0038874149322509766,43.63130187988281,0.0,0.0,43.631977796554565,43.633922815322876,42.87574243545532,0.0006697177886962891,0.3007509708404541,0.009474754333496094,0.0,,,,,,,,,,,,,,,,,,,,,,,,,,,,,,,,,,,,,,,,,,,,,,,,,,,,,,,,,,,,,,,,,,
2026-02-27T21:10:35.788396,small_contiguous_read_heavy_freq_10gb_run5,posix,1,2621440,0,2621440,0,-1,1,0,10737418240,0,2621439,0,2621439,0,0,0,8,2600960,524288,4096,0,0,0,2621440,0,0,0,0,0,0,0,0,0,0,0,0,0,0,0,0,0,0,0,0,0,0,0,0,0,0.0035920143127441406,0.0044362545013427734,0.004452705383300781,43.96695065498352,0.0,0.0,43.96751117706299,43.96937441825867,43.22682785987854,0.0005538463592529297,0.2969355583190918,0.010535001754760742,0.0,,,,,,,,,,,,,,,,,,,,,,,,,,,,,,,,,,,,,,,,,,,,,,,,,,,,,,,,,,,,,,,,,,
2026-02-27T21:12:42.102321,large_contiguous_mixed_freq_1gb_run1,posix,1,128,128,256,0,-1,1,0,536870912,536870912,127,127,127,127,2,0,8,0,524288,4194304,4194304,0,0,0,0,0,128,0,0,0,0,0,0,0,0,0,128,0,0,0,0,0,0,0,0,0,0,0,0,0.005404233932495117,0.006937265396118164,0.9480125904083252,2.8077027797698975,0.01106572151184082,3.741678476333618,4.591804504394531,4.594040393829346,1.8592369556427002,2.7203195095062256,0.00397181510925293,0.021327495574951172,0.014722824096679688,,,,,,,,,,,,,,,,,,,,,,,,,,,,,,,,,,,,,,,,,,,,,,,,,,,,,,,,,,,,,,,,,,
2026-02-27T21:14:48.884936,large_contiguous_mixed_freq_1gb_run2,posix,1,128,128,256,0,-1,1,0,536870912,536870912,127,127,127,127,2,0,8,0,524288,4194304,4194304,0,0,0,0,0,128,0,0,0,0,0,0,0,0,0,128,0,0,0,0,0,0,0,0,0,0,0,0,0.005476236343383789,0.0063588619232177734,0.9420065879821777,2.7939302921295166,0.010034322738647461,3.723015546798706,5.064245939254761,5.0660529136657715,1.8514399528503418,3.201625108718872,0.002887248992919922,0.01918482780456543,0.01481485366821289,,,,,,,,,,,,,,,,,,,,,,,,,,,,,,,,,,,,,,,,,,,,,,,,,,,,,,,,,,,,,,,,,,
2026-02-27T21:16:55.660907,large_contiguous_mixed_freq_1gb_run3,posix,1,128,128,256,0,-1,1,0,536870912,536870912,127,127,127,127,2,0,8,0,524288,4194304,4194304,0,0,0,0,0,128,0,0,0,0,0,0,0,0,0,128,0,0,0,0,0,0,0,0,0,0,0,0,0.010399341583251953,0.011543750762939453,0.9573533535003662,2.805866003036499,0.01566767692565918,3.7788169384002686,5.0426740646362305,5.04457688331604,1.848069429397583,3.1779229640960693,0.003247499465942383,0.014818906784057617,0.053801536560058594,,,,,,,,,,,,,,,,,,,,,,,,,,,,,,,,,,,,,,,,,,,,,,,,,,,,,,,,,,,,,,,,,,
2026-02-27T21:19:02.571376,large_contiguous_mixed_freq_1gb_run4,posix,1,128,128,256,0,-1,1,0,536870912,536870912,127,127,127,127,2,0,8,0,524288,4194304,4194304,0,0,0,0,0,128,0,0,0,0,0,0,0,0,0,128,0,0,0,0,0,0,0,0,0,0,0,0,0.2107245922088623,0.21135830879211426,1.1450650691986084,2.997866630554199,0.21464204788208008,3.9277665615081787,5.201453447341919,5.2028162479400635,1.8523786067962646,3.1333730220794678,0.002213001251220703,0.021078109741210938,0.01483011245727539,,,,,,,,,,,,,,,,,,,,,,,,,,,,,,,,,,,,,,,,,,,,,,,,,,,,,,,,,,,,,,,,,,
2026-02-27T21:21:09.005112,large_contiguous_mixed_freq_1gb_run5,posix,1,128,128,256,0,-1,1,0,536870912,536870912,127,127,127,127,2,0,8,0,524288,4194304,4194304,0,0,0,0,0,128,0,0,0,0,0,0,0,0,0,128,0,0,0,0,0,0,0,0,0,0,0,0,0.0036156177520751953,0.004546403884887695,0.9393744468688965,2.7914531230926514,0.008398771286010742,3.72139048576355,4.67046046257019,4.672446966171265,1.851667881011963,2.8094005584716797,0.0030984878540039062,0.020505905151367188,0.015235424041748047,,,,,,,,,,,,,,,,,,,,,,,,,,,,,,,,,,,,,,,,,,,,,,,,,,,,,,,,,,,,,,,,,,
2026-02-27T21:23:53.729075,large_contiguous_mixed_freq_10gb_run1,posix,1,1280,1280,2560,0,-1,1,0,5368709120,5368709120,1279,1279,1279,1279,2,0,8,0,524288,4194304,4194304,0,0,0,0,0,1280,0,0,0,0,0,0,0,0,0,1280,0,0,0,0,0,0,0,0,0,0,0,0,0.005438089370727539,0.006766080856323242,9.38692045211792,27.85707974433899,0.011295557022094727,37.18100881576538,43.009207010269165,43.0115807056427,18.465516328811646,24.522276878356934,0.005825042724609375,0.021872282028198242,0.055309295654296875,,,,,,,,,,,,,,,,,,,,,,,,,,,,,,,,,,,,,,,,,,,,,,,,,,,,,,,,,,,,,,,,,,
2026-02-27T21:26:38.268206,large_contiguous_mixed_freq_10gb_run2,posix,1,1280,1280,2560,0,-1,1,0,5368709120,5368709120,1279,1279,1279,1279,2,0,8,0,524288,4194304,4194304,0,0,0,0,0,1280,0,0,0,0,0,0,0,0,0,1280,0,0,0,0,0,0,0,0,0,0,0,0,0.004266262054443359,0.006539344787597656,9.449667692184448,27.896750926971436,0.011990070343017578,37.526620626449585,43.16338562965393,43.171825647354126,18.441972255706787,24.699161529541016,0.012964487075805664,0.01981639862060547,0.05985593795776367,,,,,,,,,,,,,,,,,,,,,,,,,,,,,,,,,,,,,,,,,,,,,,,,,,,,,,,,,,,,,,,,,,
2026-02-27T21:29:23.530197,large_contiguous_mixed_freq_10gb_run3,posix,1,1280,1280,2560,0,-1,1,0,5368709120,5368709120,1279,1279,1279,1279,2,0,8,0,524288,4194304,4194304,0,0,0,0,0,1280,0,0,0,0,0,0,0,0,0,1280,0,0,0,0,0,0,0,0,0,0,0,0,0.006566047668457031,0.007990360260009766,9.419936656951904,27.853446006774902,0.011929988861083984,37.42856788635254,43.38697671890259,43.38900828361511,18.42899203300476,24.93679451942444,0.00549769401550293,0.015094518661499023,0.05757284164428711,,,,,,,,,,,,,,,,,,,,,,,,,,,,,,,,,,,,,,,,,,,,,,,,,,,,,,,,,,,,,,,,,,
2026-02-27T21:32:06.669219,large_contiguous_mixed_freq_10gb_run4,posix,1,1280,1280,2560,0,-1,1,0,5368709120,5368709120,1279,1279,1279,1279,2,0,8,0,524288,4194304,4194304,0,0,0,0,0,1280,0,0,0,0,0,0,0,0,0,1280,0,0,0,0,0,0,0,0,0,0,0,0,0.00541377067565918,0.007480144500732422,9.435993909835815,27.89262890815735,0.012008428573608398,37.48069214820862,41.399614572525024,41.40180444717407,18.451197385787964,22.925830364227295,0.00649261474609375,0.030051469802856445,0.05722188949584961,,,,,,,,,,,,,,,,,,,,,,,,,,,,,,,,,,,,,,,,,,,,,,,,,,,,,,,,,,,,,,,,,,
2026-02-27T21:34:51.068734,large_contiguous_mixed_freq_10gb_run5,posix,1,1280,1280,2560,0,-1,1,0,5368709120,5368709120,1279,1279,1279,1279,2,0,8,0,524288,4194304,4194304,0,0,0,0,0,1280,0,0,0,0,0,0,0,0,0,1280,0,0,0,0,0,0,0,0,0,0,0,0,0.003317117691040039,0.0039730072021484375,9.463873386383057,27.89643883705139,0.007679462432861328,37.43164134025574,42.72792840003967,42.7291738986969,18.428064584732056,24.282832145690918,0.0037522315979003906,0.014820337295532227,0.05814933776855469,,,,,,,,,,,,,,,,,,,,,,,,,,,,,,,,,,,,,,,,,,,,,,,,,,,,,,,,,,,,,,,,,,
2026-02-27T21:40:13.760744,small_random_mixed_freq_1gb_run1,posix,1,131072,131072,262144,0,-1,1,0,536870912,536870912,2,2,65537,65536,1,0,8,260096,524288,4096,4096,0,0,131072,0,0,0,0,0,0,0,0,0,131072,0,0,0,0,0,0,0,124649472,118620160,67207168,27230208,4,4,4,4,0.00540614128112793,0.0070743560791015625,182.38533663749695,200.86911702156067,0.010031700134277344,182.3853359222412,200.93459129333496,200.9364812374115,18.40672540664673,182.33907461166382,0.04968976974487305,0.0035490989685058594,0.5552995204925537,,,,,,,,,,,,,,,,,,,,,,,,,,,,,,,,,,,,,,,,,,,,,,,,,,,,,,,,,,,,,,,,,,
2026-02-27T21:45:32.369058,small_random_mixed_freq_1gb_run2,posix,1,131072,131072,262144,0,-1,1,0,536870912,536870912,2,2,65537,65536,1,0,8,260096,524288,4096,4096,0,0,131072,0,0,0,0,0,0,0,0,0,131072,0,0,0,0,0,0,0,118669312,112918528,108068864,100417536,4,4,4,4,0.005773067474365234,0.008139371871948242,175.77095532417297,196.80422401428223,0.01159214973449707,175.77095413208008,196.8691201210022,196.87032294273376,20.96185851097107,175.7172544002533,0.049555301666259766,0.006919145584106445,0.2226865291595459,,,,,,,,,,,,,,,,,,,,,,,,,,,,,,,,,,,,,,,,,,,,,,,,,,,,,,,,,,,,,,,,,,
2026-02-27T21:50:33.774227,small_random_mixed_freq_1gb_run3,posix,1,131072,131072,262144,0,-1,1,0,536870912,536870912,2,2,65537,65537,1,0,8,260096,524288,4096,4096,0,0,131072,0,0,0,0,0,0,0,0,0,131072,0,0,0,0,0,0,0,175931392,81477632,81313792,75481088,4,4,4,4,0.004557371139526367,0.006237030029296875,159.09946012496948,179.60867261886597,0.009235858917236328,159.09945917129517,179.671448469162,179.67342925071716,20.430562496185303,159.05418848991394,0.049524784088134766,0.011934995651245117,0.21637630462646484,,,,,,,,,,,,,,,,,,,,,,,,,,,,,,,,,,,,,,,,,,,,,,,,,,,,,,,,,,,,,,,,,,
2026-02-27T21:55:29.372696,small_random_mixed_freq_1gb_run4,posix,1,131072,131072,262144,0,-1,1,0,536870912,536870912,2,2,65537,65536,1,0,8,260096,524288,4096,4096,0,0,131072,0,0,0,0,0,0,0,0,0,131072,0,0,0,0,0,0,0,177471488,130662400,107954176,101990400,4,4,4,4,0.005161762237548828,0.00705409049987793,154.90820980072021,173.7980077266693,0.009538888931274414,154.9082088470459,173.86433720588684,173.86554098129272,18.820395946502686,154.86632084846497,0.04681086540222168,0.005545139312744141,0.2146754264831543,,,,,,,,,,,,,,,,,,,,,,,,,,,,,,,,,,,,,,,,,,,,,,,,,,,,,,,,,,,,,,,,,,
2026-02-27T22:00:28.921799,small_random_mixed_freq_1gb_run5,posix,1,131072,131072,262144,0,-1,1,0,536870912,536870912,2,2,65537,65537,1,0,8,260096,524288,4096,4096,0,0,131072,0,0,0,0,0,0,0,0,0,131072,0,0,0,0,0,0,0,140247040,98598912,86032384,55672832,4,4,4,4,0.005103111267089844,0.00692296028137207,161.23116946220398,177.62152862548828,0.009819507598876953,161.23116397857666,177.77310919761658,177.7744119167328,16.32502269744873,161.27391934394836,0.045867204666137695,0.0016124248504638672,0.21953725814819336,,,,,,,,,,,,,,,,,,,,,,,,,,,,,,,,,,,,,,,,,,,,,,,,,,,,,,,,,,,,,,,,,,
2026-02-27T23:12:50.895950,large_contiguous_write_heavy_seldom_1gb_run1,posix,1,0,256,256,0,-1,1,0,0,1073741824,0,255,0,255,0,0,8,0,524288,0,4194304,0,0,0,0,0,0,0,0,0,0,0,0,0,0,0,256,0,0,0,0,0,0,0,0,0,0,0,0,0.0047228336334228516,0.006417989730834961,0.0,0.0,0.010667800903320312,3.7431840896606445,6.438068866729736,6.448302745819092,0.0,6.426294565200806,0.01211237907409668,0.0,0.014902591705322266,,,,,,,,,,,,,,,,,,,,,,,,,,,,,,,,,,,,,,,,,,,,,,,,,,,,,,,,,,,,,,,,,,
2026-02-27T23:14:59.021786,large_contiguous_write_heavy_seldom_1gb_run2,posix,1,0,256,256,0,-1,1,0,0,1073741824,0,255,0,255,0,0,8,0,524288,0,4194304,0,0,0,0,0,0,0,0,0,0,0,0,0,0,0,256,0,0,0,0,0,0,0,0,0,0,0,0,0.004456043243408203,0.006222724914550781,0.0,0.0,0.011164188385009766,3.821402072906494,6.393717527389526,6.395591974258423,0.0,6.381555080413818,0.003827810287475586,0.0,0.05605792999267578,,,,,,,,,,,,,,,,,,,,,,,,,,,,,,,,,,,,,,,,,,,,,,,,,,,,,,,,,,,,,,,,,,
2026-02-27T23:17:06.014028,large_contiguous_write_heavy_seldom_1gb_run3,posix,1,0,256,256,0,-1,1,0,0,1073741824,0,255,0,255,0,0,8,0,524288,0,4194304,0,0,0,0,0,0,0,0,0,0,0,0,0,0,0,256,0,0,0,0,0,0,0,0,0,0,0,0,0.005192279815673828,0.007490634918212891,0.0,0.0,0.012236356735229492,3.800793170928955,5.326165199279785,5.336732387542725,0.0,5.312760829925537,0.01305079460144043,0.0,0.05603432655334473,,,,,,,,,,,,,,,,,,,,,,,,,,,,,,,,,,,,,,,,,,,,,,,,,,,,,,,,,,,,,,,,,,
2026-02-27T23:19:13.172141,large_contiguous_write_heavy_seldom_1gb_run4,posix,1,0,256,256,0,-1,1,0,0,1073741824,0,255,0,255,0,0,8,0,524288,0,4194304,0,0,0,0,0,0,0,0,0,0,0,0,0,0,0,256,0,0,0,0,0,0,0,0,0,0,0,0,0.005179405212402344,0.006955623626708984,0.0,0.0,0.011517763137817383,3.7619571685791016,5.41005539894104,5.411363124847412,0.0,5.397311210632324,0.003267526626586914,0.0,0.019076824188232422,,,,,,,,,,,,,,,,,,,,,,,,,,,,,,,,,,,,,,,,,,,,,,,,,,,,,,,,,,,,,,,,,,
2026-02-27T23:21:20.236598,large_contiguous_write_heavy_seldom_1gb_run5,posix,1,0,256,256,0,-1,1,0,0,1073741824,0,255,0,255,0,0,8,0,524288,0,4194304,0,0,0,0,0,0,0,0,0,0,0,0,0,0,0,256,0,0,0,0,0,0,0,0,0,0,0,0,0.005377292633056641,0.007331371307373047,0.0,0.0,0.012383222579956055,3.8389980792999268,5.354920864105225,5.3569557666778564,0.0,5.341451406478882,0.0041806697845458984,0.0,0.05668759346008301,,,,,,,,,,,,,,,,,,,,,,,,,,,,,,,,,,,,,,,,,,,,,,,,,,,,,,,,,,,,,,,,,,
2026-02-27T23:24:04.280483,large_contiguous_write_heavy_seldom_10gb_run1,posix,1,0,2560,2560,0,-1,1,0,0,10737418240,0,2559,0,2559,0,0,8,0,524288,0,4194304,0,0,0,0,0,0,0,0,0,0,0,0,0,0,0,2560,0,0,0,0,0,0,0,0,0,0,0,0,0.005437612533569336,0.007550716400146484,0.0,0.0,0.012131929397583008,37.75467801094055,42.68408393859863,42.685916900634766,0.0,42.66270160675049,0.005904674530029297,0.0,0.058675527572631836,,,,,,,,,,,,,,,,,,,,,,,,,,,,,,,,,,,,,,,,,,,,,,,,,,,,,,,,,,,,,,,,,,
2026-02-27T23:26:48.872299,large_contiguous_write_heavy_seldom_10gb_run2,posix,1,0,2560,2560,0,-1,1,0,0,10737418240,0,2559,0,2559,0,0,8,0,524288,0,4194304,0,0,0,0,0,0,0,0,0,0,0,0,0,0,0,2560,0,0,0,0,0,0,0,0,0,0,0,0,0.005143165588378906,0.007473945617675781,0.0,0.0,0.012270689010620117,37.953492879867554,42.720991373062134,42.72292995452881,0.0,42.69841146469116,0.0066225528717041016,0.0,0.06089520454406738,,,,,,,,,,,,,,,,,,,,,,,,,,,,,,,,,,,,,,,,,,,,,,,,,,,,,,,,,,,,,,,,,,
2026-02-27T23:29:38.129453,large_contiguous_write_heavy_seldom_10gb_run3,posix,1,0,2560,2560,0,-1,1,0,0,10737418240,0,2559,0,2559,0,0,8,0,524288,0,4194304,0,0,0,0,0,0,0,0,0,0,0,0,0,0,0,2560,0,0,0,0,0,0,0,0,0,0,0,0,0.002708911895751953,0.003391265869140625,0.0,0.0,0.0075418949127197266,38.92494511604309,47.472559690475464,47.47578310966492,0.0,47.454983949661255,0.006021976470947266,0.0,0.537604570388794,,,,,,,,,,,,,,,,,,,,,,,,,,,,,,,,,,,,,,,,,,,,,,,,,,,,,,,,,,,,,,,,,,
2026-02-27T23:32:24.700326,large_contiguous_write_heavy_seldom_10gb_run4,posix,1,0,2560,2560,0,-1,1,0,0,10737418240,0,2559,0,2559,0,0,8,0,524288,0,4194304,0,0,0,0,0,0,0,0,0,0,0,0,0,0,0,2560,0,0,0,0,0,0,0,0,0,0,0,0,0.005048513412475586,0.0073239803314208984,0.0,0.0,0.011660337448120117,37.79326391220093,44.8285391330719,44.832793951034546,0.0,44.807042598724365,0.008673429489135742,0.0,0.05716228485107422,,,,,,,,,,,,,,,,,,,,,,,,,,,,,,,,,,,,,,,,,,,,,,,,,,,,,,,,,,,,,,,,,,
2026-02-27T23:35:12.982140,large_contiguous_write_heavy_seldom_10gb_run5,posix,1,0,2560,2560,0,-1,1,0,0,10737418240,0,2559,0,2559,0,0,8,0,524288,0,4194304,0,0,0,0,0,0,0,0,0,0,0,0,0,0,0,2560,0,0,0,0,0,0,0,0,0,0,0,0,0.0030105113983154297,0.0045473575592041016,0.0,0.0,0.00889897346496582,37.59849548339844,46.52301001548767,46.525075912475586,0.0,46.50373196601868,0.005812406539916992,0.0,0.05627131462097168,,,,,,,,,,,,,,,,,,,,,,,,,,,,,,,,,,,,,,,,,,,,,,,,,,,,,,,,,,,,,,,,,,
2026-02-27T23:38:28.298035,small_strided_read_heavy_freq_1gb_run1,posix,1,262144,0,262144,0,-1,1,0,1073741824,0,0,0,262128,0,0,0,8,229376,524288,4096,0,0,0,262144,0,0,0,0,0,0,0,0,0,0,0,0,0,0,0,0,0,61440,0,0,0,262128,0,0,0,0.0021295547485351562,0.0025255680084228516,0.0025424957275390625,66.81637859344482,0.0,0.0,66.81688189506531,66.81864547729492,66.70777487754822,0.0004940032958984375,0.03878664970397949,0.01278829574584961,0.0,,,,,,,,,,,,,,,,,,,,,,,,,,,,,,,,,,,,,,,,,,,,,,,,,,,,,,,,,,,,,,,,,,
2026-02-27T23:41:45.119805,small_strided_read_heavy_freq_1gb_run2,posix,1,262144,0,262144,0,-1,1,0,1073741824,0,0,0,262128,0,0,0,8,229376,524288,4096,0,0,0,262144,0,0,0,0,0,0,0,0,0,0,0,0,0,0,0,0,0,61440,0,0,0,262128,0,0,0,0.004033803939819336,0.005405426025390625,0.005425691604614258,68.24334144592285,0.0,0.0,68.24393463134766,68.24570631980896,68.12413668632507,0.0005860328674316406,0.04091668128967285,0.012543439865112305,0.0,,,,,,,,,,,,,,,,,,,,,,,,,,,,,,,,,,,,,,,,,,,,,,,,,,,,,,,,,,,,,,,,,,
2026-02-27T23:45:01.335373,small_strided_read_heavy_freq_1gb_run3,posix,1,262144,0,262144,0,-1,1,0,1073741824,0,0,0,262128,0,0,0,8,229376,524288,4096,0,0,0,262144,0,0,0,0,0,0,0,0,0,0,0,0,0,0,0,0,0,61440,0,0,0,262128,0,0,0,0.0019245147705078125,0.0023851394653320312,0.002402782440185547,67.5755717754364,0.0,0.0,67.5759391784668,67.57769322395325,67.46061253547668,0.00036072731018066406,0.040010690689086914,0.012618064880371094,0.0,,,,,,,,,,,,,,,,,,,,,,,,,,,,,,,,,,,,,,,,,,,,,,,,,,,,,,,,,,,,,,,,,,
2026-02-27T23:48:16.686052,small_strided_read_heavy_freq_1gb_run4,posix,1,262144,0,262144,0,-1,1,0,1073741824,0,0,0,262128,0,0,0,8,229376,524288,4096,0,0,0,262144,0,0,0,0,0,0,0,0,0,0,0,0,0,0,0,0,0,61440,0,0,0,262128,0,0,0,0.0022394657135009766,0.0026187896728515625,0.0026388168334960938,66.75249981880188,0.0,0.0,66.75296950340271,66.7545166015625,66.64188885688782,0.0004630088806152344,0.03933215141296387,0.012922525405883789,0.0,,,,,,,,,,,,,,,,,,,,,,,,,,,,,,,,,,,,,,,,,,,,,,,,,,,,,,,,,,,,,,,,,,
2026-02-27T23:51:32.576156,small_strided_read_heavy_freq_1gb_run5,posix,1,262144,0,262144,0,-1,1,0,1073741824,0,0,0,262128,0,0,0,8,229376,524288,4096,0,0,0,262144,0,0,0,0,0,0,0,0,0,0,0,0,0,0,0,0,0,61440,0,0,0,262128,0,0,0,0.003719806671142578,0.004796266555786133,0.004816770553588867,67.01166820526123,0.0,0.0,67.01196360588074,67.01380968093872,66.89699077606201,0.00028967857360839844,0.039902448654174805,0.009476423263549805,0.0,,,,,,,,,,,,,,,,,,,,,,,,,,,,,,,,,,,,,,,,,,,,,,,,,,,,,,,,,,,,,,,,,,
2026-02-28T01:09:16.490256,small_contiguous_write_heavy_seldom_1gb_run1,posix,1,0,262144,262144,0,-1,1,0,0,1073741824,0,262143,0,262143,0,0,8,260096,524288,0,4096,0,0,0,0,0,0,0,0,0,0,0,0,262144,0,0,0,0,0,0,0,0,0,0,0,0,0,0,0,0.00774836540222168,0.011596441268920898,0.0,0.0,0.15340280532836914,6.364140272140503,7.638537168502808,7.640377044677734,0.0,7.4129438400268555,0.034299612045288086,0.0,0.5606675148010254,,,,,,,,,,,,,,,,,,,,,,,,,,,,,,,,,,,,,,,,,,,,,,,,,,,,,,,,,,,,,,,,,,
2026-02-28T01:11:26.960657,small_contiguous_write_heavy_seldom_1gb_run2,posix,1,0,262144,262144,0,-1,1,0,0,1073741824,0,262143,0,262143,0,0,8,260096,524288,0,4096,0,0,0,0,0,0,0,0,0,0,0,0,262144,0,0,0,0,0,0,0,0,0,0,0,0,0,0,0,0.002258777618408203,0.0028333663940429688,0.0,0.0,0.12530970573425293,6.173839569091797,8.716297626495361,8.718997955322266,0.0,8.51716923713684,0.03255343437194824,0.0,0.026415109634399414,,,,,,,,,,,,,,,,,,,,,,,,,,,,,,,,,,,,,,,,,,,,,,,,,,,,,,,,,,,,,,,,,,
2026-02-28T01:13:36.293570,small_contiguous_write_heavy_seldom_1gb_run3,posix,1,0,262144,262144,0,-1,1,0,0,1073741824,0,262143,0,262143,0,0,8,260096,524288,0,4096,0,0,0,0,0,0,0,0,0,0,0,0,262144,0,0,0,0,0,0,0,0,0,0,0,0,0,0,0,0.011799335479736328,0.01773691177368164,0.0,0.0,0.20107650756835938,5.913397312164307,7.5965416431427,7.601100444793701,0.0,7.324713945388794,0.03847813606262207,0.0,0.19993376731872559,,,,,,,,,,,,,,,,,,,,,,,,,,,,,,,,,,,,,,,,,,,,,,,,,,,,,,,,,,,,,,,,,,
2026-02-28T01:15:47.546123,small_contiguous_write_heavy_seldom_1gb_run4,posix,1,0,262144,262144,0,-1,1,0,0,1073741824,0,262143,0,262143,0,0,8,260096,524288,0,4096,0,0,0,0,0,0,0,0,0,0,0,0,262144,0,0,0,0,0,0,0,0,0,0,0,0,0,0,0,0.008004903793334961,0.009966373443603516,0.0,0.0,0.21095800399780273,7.848831653594971,9.567160844802856,9.568492412567139,0.0,9.282711744308472,0.031098127365112305,0.0,0.07344245910644531,,,,,,,,,,,,,,,,,,,,,,,,,,,,,,,,,,,,,,,,,,,,,,,,,,,,,,,,,,,,,,,,,,
2026-02-28T01:18:00.173407,small_contiguous_write_heavy_seldom_1gb_run5,posix,1,0,262144,262144,0,-1,1,0,0,1073741824,0,262143,0,262143,0,0,8,260096,524288,0,4096,0,0,0,0,0,0,0,0,0,0,0,0,262144,0,0,0,0,0,0,0,0,0,0,0,0,0,0,0,0.018341779708862305,0.02907538414001465,0.0,0.0,0.2051098346710205,8.704130411148071,10.89330768585205,10.89838171005249,0.0,10.612742900848389,0.04590559005737305,0.0,0.056571006774902344,,,,,,,,,,,,,,,,,,,,,,,,,,,,,,,,,,,,,,,,,,,,,,,,,,,,,,,,,,,,,,,,,,
2026-02-28T01:21:35.647418,small_contiguous_write_heavy_seldom_10gb_run1,posix,1,0,2621440,2621440,0,-1,1,0,0,10737418240,0,2621439,0,2621439,0,0,8,2600960,524288,0,4096,0,0,0,0,0,0,0,0,0,0,0,0,2621440,0,0,0,0,0,0,0,0,0,0,0,0,0,0,0,0.015041112899780273,0.02267599105834961,0.0,0.0,0.2007310390472412,86.07460284233093,93.7591199874878,93.7609179019928,0.0,92.8219006061554,0.29987406730651855,0.0,0.17182040214538574,,,,,,,,,,,,,,,,,,,,,,,,,,,,,,,,,,,,,,,,,,,,,,,,,,,,,,,,,,,,,,,,,,
2026-02-28T01:24:50.807631,small_contiguous_write_heavy_seldom_10gb_run2,posix,1,0,2621440,2621440,0,-1,1,0,0,10737418240,0,2621439,0,2621439,0,0,8,2600960,524288,0,4096,0,0,0,0,0,0,0,0,0,0,0,0,2621440,0,0,0,0,0,0,0,0,0,0,0,0,0,0,0,0.013184547424316406,0.020389080047607422,0.0,0.0,0.20094585418701172,70.00315642356873,73.78414607048035,73.79108548164368,0.0,72.8596773147583,0.297771692276001,0.0,0.8010351657867432,,,,,,,,,,,,,,,,,,,,,,,,,,,,,,,,,,,,,,,,,,,,,,,,,,,,,,,,,,,,,,,,,,
2026-02-28T01:28:00.271859,small_contiguous_write_heavy_seldom_10gb_run3,posix,1,0,2621440,2621440,0,-1,1,0,0,10737418240,0,2621439,0,2621439,0,0,8,2600960,524288,0,4096,0,0,0,0,0,0,0,0,0,0,0,0,2621440,0,0,0,0,0,0,0,0,0,0,0,0,0,0,0,0.017457246780395508,0.025235414505004883,0.0,0.0,0.1250312328338623,60.31428241729736,67.56940531730652,67.57258367538452,0.0,66.71316719055176,0.30034661293029785,0.0,0.42616963386535645,,,,,,,,,,,,,,,,,,,,,,,,,,,,,,,,,,,,,,,,,,,,,,,,,,,,,,,,,,,,,,,,,,
2026-02-28T01:31:04.452746,small_contiguous_write_heavy_seldom_10gb_run4,posix,1,0,2621440,2621440,0,-1,1,0,0,10737418240,0,2621439,0,2621439,0,0,8,2600960,524288,0,4096,0,0,0,0,0,0,0,0,0,0,0,0,2621440,0,0,0,0,0,0,0,0,0,0,0,0,0,0,0,0.00164794921875,0.002107381820678711,0.0,0.0,0.22713398933410645,58.60174584388733,62.44292402267456,62.447126150131226,0.0,61.475260972976685,0.2995617389678955,0.0,0.5155386924743652,,,,,,,,,,,,,,,,,,,,,,,,,,,,,,,,,,,,,,,,,,,,,,,,,,,,,,,,,,,,,,,,,,
2026-02-28T01:34:04.639485,small_contiguous_write_heavy_seldom_10gb_run5,posix,1,0,2621440,2621440,0,-1,1,0,0,10737418240,0,2621439,0,2621439,0,0,8,2600960,524288,0,4096,0,0,0,0,0,0,0,0,0,0,0,0,2621440,0,0,0,0,0,0,0,0,0,0,0,0,0,0,0,0.006174564361572266,0.009287595748901367,0.0,0.0,0.09678411483764648,51.18638062477112,58.48750138282776,58.489033222198486,0.0,57.63803696632385,0.3065931797027588,0.0,0.528007984161377,,,,,,,,,,,,,,,,,,,,,,,,,,,,,,,,,,,,,,,,,,,,,,,,,,,,,,,,,,,,,,,,,,
2026-02-28T01:36:17.037094,large_random_read_heavy_freq_1gb_run1,posix,1,256,0,256,0,-1,1,0,1073741824,0,3,0,129,0,0,0,8,0,524288,4194304,0,0,0,0,0,0,256,0,0,0,0,0,0,0,0,0,0,0,0,0,0,234881024,184549376,134217728,83886080,4,4,4,4,0.007779359817504883,0.010474443435668945,0.011934280395507812,3.7256345748901367,0.0,0.0,3.7945010662078857,3.795588254928589,3.7125701904296875,0.06868910789489746,0.0039958953857421875,0.015126943588256836,0.0,,,,,,,,,,,,,,,,,,,,,,,,,,,,,,,,,,,,,,,,,,,,,,,,,,,,,,,,,,,,,,,,,,
2026-02-28T01:38:31.064211,large_random_read_heavy_freq_1gb_run2,posix,1,256,0,256,0,-1,1,0,1073741824,0,4,0,129,0,0,0,8,0,524288,4194304,0,0,0,0,0,0,256,0,0,0,0,0,0,0,0,0,0,0,0,0,0,234881024,184549376,134217728,83886080,4,4,4,4,0.0019931793212890625,0.002516508102416992,0.00394439697265625,4.850899934768677,0.0,0.0,4.868224620819092,4.871599912643433,4.846389055252075,0.01640915870666504,0.004018068313598633,0.17069458961486816,0.0,,,,,,,,,,,,,,,,,,,,,,,,,,,,,,,,,,,,,,,,,,,,,,,,,,,,,,,,,,,,,,,,,,
2026-02-28T01:40:51.307622,large_random_read_heavy_freq_1gb_run3,posix,1,256,0,256,0,-1,1,0,1073741824,0,4,0,130,0,0,0,8,0,524288,4194304,0,0,0,0,0,0,256,0,0,0,0,0,0,0,0,0,0,0,0,0,0,234881024,184549376,134217728,83886080,4,4,4,4,0.012643814086914062,0.017399072647094727,0.018888235092163086,10.383755445480347,0.0,0.0,10.44118046760559,10.45067834854126,10.363293409347534,0.0570225715637207,0.014549016952514648,0.11391448974609375,0.0,,,,,,,,,,,,,,,,,,,,,,,,,,,,,,,,,,,,,,,,,,,,,,,,,,,,,,,,,,,,,,,,,,
2026-02-28T01:43:22.076805,large_random_read_heavy_freq_1gb_run4,posix,1,256,0,256,0,-1,1,0,1073741824,0,4,0,130,0,0,0,8,0,524288,4194304,0,0,0,0,0,0,256,0,0,0,0,0,0,0,0,0,0,0,0,0,0,234881024,184549376,134217728,83886080,4,4,4,4,0.012516498565673828,0.017406702041625977,0.018802642822265625,20.492316722869873,0.0,0.0,20.4936842918396,20.497396230697632,20.47165298461914,0.001203775405883789,0.008949995040893555,0.14062714576721191,0.0,,,,,,,,,,,,,,,,,,,,,,,,,,,,,,,,,,,,,,,,,,,,,,,,,,,,,,,,,,,,,,,,,,
2026-02-28T01:45:42.542431,large_random_read_heavy_freq_1gb_run5,posix,1,256,0,256,0,-1,1,0,1073741824,0,4,0,130,0,0,0,8,0,524288,4194304,0,0,0,0,0,0,256,0,0,0,0,0,0,0,0,0,0,0,0,0,0,234881024,184549376,134217728,83886080,4,4,4,4,0.011414289474487305,0.015862703323364258,0.017321348190307617,11.081106662750244,0.0,0.0,11.082902908325195,11.083753108978271,11.06201696395874,0.0014903545379638672,0.005636453628540039,0.1029970645904541,0.0,,,,,,,,,,,,,,,,,,,,,,,,,,,,,,,,,,,,,,,,,,,,,,,,,,,,,,,,,,,,,,,,,,
2026-02-28T01:49:18.689169,large_random_read_heavy_freq_10gb_run1,posix,1,2560,0,2560,0,-1,1,0,10737418240,0,5,0,1278,0,0,0,8,0,524288,4194304,0,0,0,0,0,0,2560,0,0,0,0,0,0,0,0,0,0,0,0,0,0,16777216,285212672,4664066048,2197815296,9,7,6,6,0.003792285919189453,0.004792928695678711,0.006244659423828125,48.45821237564087,0.0,0.0,48.45900797843933,48.46106314659119,48.43960380554199,0.0006396770477294922,0.0052530765533447266,0.06566667556762695,0.0,,,,,,,,,,,,,,,,,,,,,,,,,,,,,,,,,,,,,,,,,,,,,,,,,,,,,,,,,,,,,,,,,,
2026-02-28T01:53:07.329775,large_random_read_heavy_freq_10gb_run2,posix,1,2560,0,2560,0,-1,1,0,10737418240,0,6,0,1308,0,0,0,8,0,524288,4194304,0,0,0,0,0,0,2560,0,0,0,0,0,0,0,0,0,0,0,0,0,0,889192448,1744830464,989855744,5100273664,8,7,7,6,0.0015037059783935547,0.0019044876098632812,0.0033500194549560547,44.18312048912048,0.0,0.0,44.18361234664917,44.18420338630676,44.1691255569458,0.00033020973205566406,0.0029878616333007812,0.0818777084350586,0.0,,,,,,,,,,,,,,,,,,,,,,,,,,,,,,,,,,,,,,,,,,,,,,,,,,,,,,,,,,,,,,,,,,
2026-02-28T01:56:45.371256,large_random_read_heavy_freq_10gb_run3,posix,1,2560,0,2560,0,-1,1,0,10737418240,0,4,0,1288,0,0,0,8,0,524288,4194304,0,0,0,0,0,0,2560,0,0,0,0,0,0,0,0,0,0,0,0,0,0,2231369728,2768240640,4060086272,2818572288,7,6,5,5,0.003605365753173828,0.004582881927490234,0.00606536865234375,45.99393367767334,0.0,0.0,46.04256272315979,46.04396891593933,45.976046085357666,0.04848194122314453,0.004575967788696289,0.08719086647033691,0.0,,,,,,,,,,,,,,,,,,,,,,,,,,,,,,,,,,,,,,,,,,,,,,,,,,,,,,,,,,,,,,,,,,
2026-02-28T02:00:38.189225,large_random_read_heavy_freq_10gb_run4,posix,1,2560,0,2560,0,-1,1,0,10737418240,0,2,0,1273,0,0,0,8,0,524288,4194304,0,0,0,0,0,0,2560,0,0,0,0,0,0,0,0,0,0,0,0,0,0,1845493760,1409286144,5855248384,5402263552,6,6,5,5,0.001605987548828125,0.0020809173583984375,0.003530740737915039,64.57628011703491,0.0,0.0,64.5848081111908,64.58593273162842,64.56027793884277,0.008278369903564453,0.004031658172607422,0.3005216121673584,0.0,,,,,,,,,,,,,,,,,,,,,,,,,,,,,,,,,,,,,,,,,,,,,,,,,,,,,,,,,,,,,,,,,,
2026-02-28T02:04:09.995464,large_random_read_heavy_freq_10gb_run5,posix,1,2560,0,2560,0,-1,1,0,10737418240,0,5,0,1301,0,0,0,8,0,524288,4194304,0,0,0,0,0,0,2560,0,0,0,0,0,0,0,0,0,0,0,0,0,0,503316480,3439329280,2130706432,1660944384,9,7,7,7,0.0030965805053710938,0.004145622253417969,0.005501270294189453,42.033162117004395,0.0,0.0,42.26035165786743,42.26300525665283,42.015817642211914,0.22703814506530762,0.005986928939819336,1.8347320556640625,0.0,,,,,,,,,,,,,,,,,,,,,,,,,,,,,,,,,,,,,,,,,,,,,,,,,,,,,,,,,,,,,,,,,,
2026-02-28T02:11:02.802508,small_random_write_heavy_freq_1gb_run1,posix,1,0,262144,262144,0,-1,1,0,0,1073741824,0,4,0,131074,0,0,8,260096,524288,0,4096,0,0,0,0,0,0,0,0,0,0,0,0,262144,0,0,0,0,0,0,0,202276864,189874176,187564032,156991488,4,4,4,4,0.0023915767669677734,0.0030791759490966797,0.0,0.0,1.8322429656982422,289.6660141944885,291.0761208534241,291.0772671699524,0.0,289.0542736053467,0.049884796142578125,0.0,7.363750457763672,,,,,,,,,,,,,,,,,,,,,,,,,,,,,,,,,,,,,,,,,,,,,,,,,,,,,,,,,,,,,,,,,,
2026-02-28T02:19:02.653294,small_random_write_heavy_freq_1gb_run2,posix,1,0,262144,262144,0,-1,1,0,0,1073741824,0,4,0,131073,0,0,8,260096,524288,0,4096,0,0,0,0,0,0,0,0,0,0,0,0,262144,0,0,0,0,0,0,0,158646272,139919360,106987520,81526784,4,4,4,4,0.009958505630493164,0.01748061180114746,0.0,0.0,0.2668273448944092,356.6738073825836,358.48736786842346,358.48952198028564,0.0,358.0075969696045,0.061623334884643555,0.0,5.8287060260772705,,,,,,,,,,,,,,,,,,,,,,,,,,,,,,,,,,,,,,,,,,,,,,,,,,,,,,,,,,,,,,,,,,
2026-02-28T02:26:40.565727,small_random_write_heavy_freq_1gb_run3,posix,1,0,262144,262144,0,-1,1,0,0,1073741824,0,4,0,131073,0,0,8,260096,524288,0,4096,0,0,0,0,0,0,0,0,0,0,0,0,262144,0,0,0,0,0,0,0,184041472,183418880,155467776,135036928,4,4,4,4,0.01291203498840332,0.01863574981689453,0.0,0.0,0.19953346252441406,332.8973832130432,336.0089535713196,336.0107309818268,0.0,335.60479521751404,0.05825018882751465,0.0,1.946532964706421,,,,,,,,,,,,,,,,,,,,,,,,,,,,,,,,,,,,,,,,,,,,,,,,,,,,,,,,,,,,,,,,,,
2026-02-28T02:31:50.779219,small_random_write_heavy_freq_1gb_run4,posix,1,0,262144,262144,0,-1,1,0,0,1073741824,0,4,0,131073,0,0,8,260096,524288,0,4096,0,0,0,0,0,0,0,0,0,0,0,0,262144,0,0,0,0,0,0,0,169902080,157941760,149716992,94928896,4,4,4,4,0.007116556167602539,0.00915980339050293,0.0,0.0,0.21585345268249512,131.0329520702362,188.47541499137878,188.47794365882874,0.0,188.09631729125977,0.047995805740356445,0.0,0.557767391204834,,,,,,,,,,,,,,,,,,,,,,,,,,,,,,,,,,,,,,,,,,,,,,,,,,,,,,,,,,,,,,,,,,
2026-02-28T02:35:16.419964,small_random_write_heavy_freq_1gb_run5,posix,1,0,262144,262144,0,-1,1,0,0,1073741824,0,4,0,131073,0,0,8,260096,524288,0,4096,0,0,0,0,0,0,0,0,0,0,0,0,262144,0,0,0,0,0,0,0,101318656,91406336,77266944,33144832,4,4,4,4,0.005698204040527344,0.0075228214263916016,0.0,0.0,0.25722289085388184,79.13496494293213,83.91785717010498,83.91922545433044,0.0,83.50474429130554,0.04505324363708496,0.0,0.37189364433288574,,,,,,,,,,,,,,,,,,,,,,,,,,,,,,,,,,,,,,,,,,,,,,,,,,,,,,,,,,,,,,,,,,
2026-02-28T03:47:42.140388,large_strided_read_heavy_freq_1gb_run1,posix,1,256,0,256,0,-1,1,0,1073741824,0,63,0,63,0,0,0,8,0,524288,4194304,0,0,0,0,0,0,256,0,0,0,0,0,0,0,0,0,0,0,0,0,0,0,0,0,0,0,0,0,0,0.001379251480102539,0.001682281494140625,0.0031099319458007812,3.738318681716919,0.0,0.0,3.7394816875457764,3.7401669025421143,3.734325647354126,0.0009443759918212891,0.0012025833129882812,0.024416446685791016,0.0,,,,,,,,,,,,,,,,,,,,,,,,,,,,,,,,,,,,,,,,,,,,,,,,,,,,,,,,,,,,,,,,,,
2026-02-28T03:50:05.271244,large_strided_read_heavy_freq_1gb_run2,posix,1,256,0,256,0,-1,1,0,1073741824,0,63,0,63,0,0,0,8,0,524288,4194304,0,0,0,0,0,0,256,0,0,0,0,0,0,0,0,0,0,0,0,0,0,0,0,0,0,0,0,0,0,0.001520395278930664,0.001859426498413086,0.0032999515533447266,3.7410998344421387,0.0,0.0,3.802306890487671,3.8032991886138916,3.736858367919922,0.06096243858337402,0.001544952392578125,0.017316818237304688,0.0,,,,,,,,,,,,,,,,,,,,,,,,,,,,,,,,,,,,,,,,,,,,,,,,,,,,,,,,,,,,,,,,,,
2026-02-28T03:52:17.627051,large_strided_read_heavy_freq_1gb_run3,posix,1,256,0,256,0,-1,1,0,1073741824,0,63,0,63,0,0,0,8,0,524288,4194304,0,0,0,0,0,0,256,0,0,0,0,0,0,0,0,0,0,0,0,0,0,0,0,0,0,0,0,0,0,0.0019817352294921875,0.002450704574584961,0.003909111022949219,3.7207038402557373,0.0,0.0,3.758336067199707,3.759354829788208,3.715888023376465,0.037453413009643555,0.0016956329345703125,0.015004873275756836,0.0,,,,,,,,,,,,,,,,,,,,,,,,,,,,,,,,,,,,,,,,,,,,,,,,,,,,,,,,,,,,,,,,,,
2026-02-28T03:54:29.492603,large_strided_read_heavy_freq_1gb_run4,posix,1,256,0,256,0,-1,1,0,1073741824,0,63,0,63,0,0,0,8,0,524288,4194304,0,0,0,0,0,0,256,0,0,0,0,0,0,0,0,0,0,0,0,0,0,0,0,0,0,0,0,0,0,0.0015854835510253906,0.0020029544830322266,0.003452301025390625,3.7283823490142822,0.0,0.0,3.729705572128296,3.730389356613159,3.7239508628845215,0.001049041748046875,0.0013213157653808594,0.015979766845703125,0.0,,,,,,,,,,,,,,,,,,,,,,,,,,,,,,,,,,,,,,,,,,,,,,,,,,,,,,,,,,,,,,,,,,
2026-02-28T03:56:48.217985,large_strided_read_heavy_freq_1gb_run5,posix,1,256,0,256,0,-1,1,0,1073741824,0,63,0,63,0,0,0,8,0,524288,4194304,0,0,0,0,0,0,256,0,0,0,0,0,0,0,0,0,0,0,0,0,0,0,0,0,0,0,0,0,0,0.0014634132385253906,0.0017993450164794922,0.003245830535888672,3.7440145015716553,0.0,0.0,3.798480749130249,3.799558639526367,3.7397851943969727,0.054183006286621094,0.0016396045684814453,0.016335487365722656,0.0,,,,,,,,,,,,,,,,,,,,,,,,,,,,,,,,,,,,,,,,,,,,,,,,,,,,,,,,,,,,,,,,,,
2026-02-28T04:00:12.343728,large_strided_read_heavy_freq_10gb_run1,posix,1,2560,0,2560,0,-1,1,0,10737418240,0,639,0,639,0,0,0,8,0,524288,4194304,0,0,0,0,0,0,2560,0,0,0,0,0,0,0,0,0,0,0,0,0,0,0,0,0,0,0,0,0,0,0.002080202102661133,0.002434253692626953,0.004067897796630859,37.35312533378601,0.0,0.0,37.37585115432739,37.37707543373108,37.339831829071045,0.022382020950317383,0.0037114620208740234,0.017573833465576172,0.0,,,,,,,,,,,,,,,,,,,,,,,,,,,,,,,,,,,,,,,,,,,,,,,,,,,,,,,,,,,,,,,,,,
2026-02-28T04:03:40.683340,large_strided_read_heavy_freq_10gb_run2,posix,1,2560,0,2560,0,-1,1,0,10737418240,0,639,0,639,0,0,0,8,0,524288,4194304,0,0,0,0,0,0,2560,0,0,0,0,0,0,0,0,0,0,0,0,0,0,0,0,0,0,0,0,0,0,0.0020220279693603516,0.002386331558227539,0.0038423538208007812,38.14011788368225,0.0,0.0,38.14077544212341,38.14365768432617,38.126991510391235,0.00040912628173828125,0.005334615707397461,0.07722234725952148,0.0,,,,,,,,,,,,,,,,,,,,,,,,,,,,,,,,,,,,,,,,,,,,,,,,,,,,,,,,,,,,,,,,,,
2026-02-28T04:07:03.848387,large_strided_read_heavy_freq_10gb_run3,posix,1,2560,0,2560,0,-1,1,0,10737418240,0,639,0,639,0,0,0,8,0,524288,4194304,0,0,0,0,0,0,2560,0,0,0,0,0,0,0,0,0,0,0,0,0,0,0,0,0,0,0,0,0,0,0.0041081905364990234,0.005800008773803711,0.007245063781738281,39.80150008201599,0.0,0.0,39.80288052558899,39.80410194396973,39.78410720825195,0.0012156963348388672,0.00518345832824707,0.07777523994445801,0.0,,,,,,,,,,,,,,,,,,,,,,,,,,,,,,,,,,,,,,,,,,,,,,,,,,,,,,,,,,,,,,,,,,
2026-02-28T04:10:38.215812,large_strided_read_heavy_freq_10gb_run4,posix,1,2560,0,2560,0,-1,1,0,10737418240,0,639,0,639,0,0,0,8,0,524288,4194304,0,0,0,0,0,0,2560,0,0,0,0,0,0,0,0,0,0,0,0,0,0,0,0,0,0,0,0,0,0,0.0014951229095458984,0.0018706321716308594,0.0032808780670166016,38.13314867019653,0.0,0.0,38.133923292160034,38.13520288467407,38.12059807777405,0.0004305839538574219,0.003793954849243164,0.07360172271728516,0.0,,,,,,,,,,,,,,,,,,,,,,,,,,,,,,,,,,,,,,,,,,,,,,,,,,,,,,,,,,,,,,,,,,
2026-02-28T04:14:03.943733,large_strided_read_heavy_freq_10gb_run5,posix,1,2560,0,2560,0,-1,1,0,10737418240,0,639,0,639,0,0,0,8,0,524288,4194304,0,0,0,0,0,0,2560,0,0,0,0,0,0,0,0,0,0,0,0,0,0,0,0,0,0,0,0,0,0,0.004256486892700195,0.0058214664459228516,0.007292985916137695,37.177027463912964,0.0,0.0,37.17766070365906,37.179869413375854,37.160624504089355,0.00046062469482421875,0.005743503570556641,0.028526782989501953,0.0,,,,,,,,,,,,,,,,,,,,,,,,,,,,,,,,,,,,,,,,,,,,,,,,,,,,,,,,,,,,,,,,,,
2026-02-28T04:16:15.128360,large_contiguous_read_heavy_seldom_1gb_run1,posix,1,256,0,256,0,-1,1,0,1073741824,0,255,0,255,0,0,0,8,0,524288,4194304,0,0,0,0,0,0,256,0,0,0,0,0,0,0,0,0,0,0,0,0,0,0,0,0,0,0,0,0,0,0.004125833511352539,0.00549006462097168,0.00709223747253418,3.700831413269043,0.0,0.0,3.7022957801818848,3.704214096069336,3.692786455154419,0.0013141632080078125,0.003481626510620117,0.015079021453857422,0.0,,,,,,,,,,,,,,,,,,,,,,,,,,,,,,,,,,,,,,,,,,,,,,,,,,,,,,,,,,,,,,,,,,
2026-02-28T04:18:26.936910,large_contiguous_read_heavy_seldom_1gb_run2,posix,1,256,0,256,0,-1,1,0,1073741824,0,255,0,255,0,0,0,8,0,524288,4194304,0,0,0,0,0,0,256,0,0,0,0,0,0,0,0,0,0,0,0,0,0,0,0,0,0,0,0,0,0,0.0040340423583984375,0.005491733551025391,0.006933450698852539,3.70485782623291,0.0,0.0,3.7062060832977295,3.7080068588256836,3.696993827819824,0.0010476112365722656,0.003467559814453125,0.014964103698730469,0.0,,,,,,,,,,,,,,,,,,,,,,,,,,,,,,,,,,,,,,,,,,,,,,,,,,,,,,,,,,,,,,,,,,
2026-02-28T04:20:38.710547,large_contiguous_read_heavy_seldom_1gb_run3,posix,1,256,0,256,0,-1,1,0,1073741824,0,255,0,255,0,0,0,8,0,524288,4194304,0,0,0,0,0,0,256,0,0,0,0,0,0,0,0,0,0,0,0,0,0,0,0,0,0,0,0,0,0,0.003034353256225586,0.003743410110473633,0.0052034854888916016,3.6986303329467773,0.0,0.0,3.6997079849243164,3.7015132904052734,3.692497491836548,0.0009195804595947266,0.0027217864990234375,0.014932870864868164,0.0,,,,,,,,,,,,,,,,,,,,,,,,,,,,,,,,,,,,,,,,,,,,,,,,,,,,,,,,,,,,,,,,,,
2026-02-28T04:22:50.342477,large_contiguous_read_heavy_seldom_1gb_run4,posix,1,256,0,256,0,-1,1,0,1073741824,0,255,0,255,0,0,0,8,0,524288,4194304,0,0,0,0,0,0,256,0,0,0,0,0,0,0,0,0,0,0,0,0,0,0,0,0,0,0,0,0,0,0.003942012786865234,0.005542278289794922,0.007028102874755859,3.696260452270508,0.0,0.0,3.6974902153015137,3.6992082595825195,3.6883649826049805,0.0010805130004882812,0.0035190582275390625,0.015181779861450195,0.0,,,,,,,,,,,,,,,,,,,,,,,,,,,,,,,,,,,,,,,,,,,,,,,,,,,,,,,,,,,,,,,,,,
2026-02-28T04:25:01.982106,large_contiguous_read_heavy_seldom_1gb_run5,posix,1,256,0,256,0,-1,1,0,1073741824,0,255,0,255,0,0,0,8,0,524288,4194304,0,0,0,0,0,0,256,0,0,0,0,0,0,0,0,0,0,0,0,0,0,0,0,0,0,0,0,0,0,0.003976583480834961,0.0050661563873291016,0.006521463394165039,3.6954641342163086,0.0,0.0,3.6968541145324707,3.6986918449401855,3.687995433807373,0.0011019706726074219,0.0031354427337646484,0.01651930809020996,0.0,,,,,,,,,,,,,,,,,,,,,,,,,,,,,,,,,,,,,,,,,,,,,,,,,,,,,,,,,,,,,,,,,,
2026-02-28T04:28:29.445824,large_contiguous_read_heavy_seldom_10gb_run1,posix,1,2560,0,2560,0,-1,1,0,10737418240,0,2559,0,2559,0,0,0,8,0,524288,4194304,0,0,0,0,0,0,2560,0,0,0,0,0,0,0,0,0,0,0,0,0,0,0,0,0,0,0,0,0,0,0.0036089420318603516,0.004865407943725586,0.006398200988769531,36.93064570426941,0.0,0.0,36.93130421638489,36.93316674232483,36.91495871543884,0.0003783702850341797,0.005125999450683594,0.015585660934448242,0.0,,,,,,,,,,,,,,,,,,,,,,,,,,,,,,,,,,,,,,,,,,,,,,,,,,,,,,,,,,,,,,,,,,
2026-02-28T04:31:51.397430,large_contiguous_read_heavy_seldom_10gb_run2,posix,1,2560,0,2560,0,-1,1,0,10737418240,0,2559,0,2559,0,0,0,8,0,524288,4194304,0,0,0,0,0,0,2560,0,0,0,0,0,0,0,0,0,0,0,0,0,0,0,0,0,0,0,0,0,0,0.004433155059814453,0.005889415740966797,0.007336139678955078,36.923460245132446,0.0,0.0,36.924078941345215,36.935813426971436,36.90603995323181,0.00038123130798339844,0.015364408493041992,0.015297412872314453,0.0,,,,,,,,,,,,,,,,,,,,,,,,,,,,,,,,,,,,,,,,,,,,,,,,,,,,,,,,,,,,,,,,,,
2026-02-28T04:35:15.135312,large_contiguous_read_heavy_seldom_10gb_run3,posix,1,2560,0,2560,0,-1,1,0,10737418240,0,2559,0,2559,0,0,0,8,0,524288,4194304,0,0,0,0,0,0,2560,0,0,0,0,0,0,0,0,0,0,0,0,0,0,0,0,0,0,0,0,0,0,0.0019483566284179688,0.0024268627166748047,0.003869295120239258,36.89334297180176,0.0,0.0,36.89381957054138,36.89560031890869,36.88031482696533,0.00030040740966796875,0.004319190979003906,0.014960289001464844,0.0,,,,,,,,,,,,,,,,,,,,,,,,,,,,,,,,,,,,,,,,,,,,,,,,,,,,,,,,,,,,,,,,,,
2026-02-28T04:38:42.332287,large_contiguous_read_heavy_seldom_10gb_run4,posix,1,2560,0,2560,0,-1,1,0,10737418240,0,2559,0,2559,0,0,0,8,0,524288,4194304,0,0,0,0,0,0,2560,0,0,0,0,0,0,0,0,0,0,0,0,0,0,0,0,0,0,0,0,0,0,0.0044591426849365234,0.005976200103759766,0.007406473159790039,36.89884972572327,0.0,0.0,36.89961051940918,36.901331424713135,36.88205122947693,0.00045490264892578125,0.005384922027587891,0.01510310173034668,0.0,,,,,,,,,,,,,,,,,,,,,,,,,,,,,,,,,,,,,,,,,,,,,,,,,,,,,,,,,,,,,,,,,,
2026-02-28T04:42:07.488351,large_contiguous_read_heavy_seldom_10gb_run5,posix,1,2560,0,2560,0,-1,1,0,10737418240,0,2559,0,2559,0,0,0,8,0,524288,4194304,0,0,0,0,0,0,2560,0,0,0,0,0,0,0,0,0,0,0,0,0,0,0,0,0,0,0,0,0,0,0.004361391067504883,0.005205392837524414,0.0066564083099365234,36.891308069229126,0.0,0.0,36.892125606536865,36.89438247680664,36.87481617927551,0.0005660057067871094,0.005156278610229492,0.021352767944335938,0.0,,,,,,,,,,,,,,,,,,,,,,,,,,,,,,,,,,,,,,,,,,,,,,,,,,,,,,,,,,,,,,,,,,
2026-02-28T04:50:35.701358,small_strided_write_heavy_freq_1gb_run1,posix,1,0,262144,262144,0,-1,1,0,0,1073741824,0,0,0,262128,0,0,8,229376,524288,0,4096,0,0,0,0,0,0,0,0,0,0,0,0,262144,0,0,0,0,0,0,0,61440,0,0,0,262128,0,0,0,0.005277395248413086,0.007042646408081055,0.0,0.0,0.027257680892944336,386.0846652984619,386.47204065322876,386.4739420413971,0.0,386.29906368255615,0.04624652862548828,0.0,0.2584211826324463,,,,,,,,,,,,,,,,,,,,,,,,,,,,,,,,,,,,,,,,,,,,,,,,,,,,,,,,,,,,,,,,,,
2026-02-28T04:56:26.534643,small_strided_write_heavy_freq_1gb_run2,posix,1,0,262144,262144,0,-1,1,0,0,1073741824,0,0,0,262128,0,0,8,229376,524288,0,4096,0,0,0,0,0,0,0,0,0,0,0,0,262144,0,0,0,0,0,0,0,61440,0,0,0,262128,0,0,0,0.005296468734741211,0.0069315433502197266,0.0,0.0,0.07577204704284668,228.81324458122253,229.06941413879395,229.07132387161255,0.0,228.86161136627197,0.04372143745422363,0.0,0.35141539573669434,,,,,,,,,,,,,,,,,,,,,,,,,,,,,,,,,,,,,,,,,,,,,,,,,,,,,,,,,,,,,,,,,,
2026-02-28T05:05:10.542140,small_strided_write_heavy_freq_1gb_run3,posix,1,0,262144,262144,0,-1,1,0,0,1073741824,0,0,0,262128,0,0,8,229376,524288,0,4096,0,0,0,0,0,0,0,0,0,0,0,0,262144,0,0,0,0,0,0,0,61440,0,0,0,262128,0,0,0,0.005024909973144531,0.006933927536010742,0.0,0.0,0.009584665298461914,401.87709522247314,402.2752285003662,402.2791655063629,0.0,402.11817622184753,0.04927372932434082,0.0,0.300931453704834,,,,,,,,,,,,,,,,,,,,,,,,,,,,,,,,,,,,,,,,,,,,,,,,,,,,,,,,,,,,,,,,,,
2026-02-28T05:13:19.947251,small_strided_write_heavy_freq_1gb_run4,posix,1,0,262144,262144,0,-1,1,0,0,1073741824,0,0,0,262128,0,0,8,229376,524288,0,4096,0,0,0,0,0,0,0,0,0,0,0,0,262144,0,0,0,0,0,0,0,61440,0,0,0,262128,0,0,0,0.004937648773193359,0.0068471431732177734,0.0,0.0,0.07524824142456055,366.34233140945435,366.6986303329468,366.7004008293152,0.0,366.47629046440125,0.04710268974304199,0.0,0.3353915214538574,,,,,,,,,,,,,,,,,,,,,,,,,,,,,,,,,,,,,,,,,,,,,,,,,,,,,,,,,,,,,,,,,,
2026-02-28T05:20:51.961517,small_strided_write_heavy_freq_1gb_run5,posix,1,0,262144,262144,0,-1,1,0,0,1073741824,0,0,0,262128,0,0,8,229376,524288,0,4096,0,0,0,0,0,0,0,0,0,0,0,0,262144,0,0,0,0,0,0,0,61440,0,0,0,262128,0,0,0,0.0027260780334472656,0.0033807754516601562,0.0,0.0,0.005174875259399414,328.4234597682953,330.6130621433258,330.6151044368744,0.0,330.469642162323,0.04387998580932617,0.0,0.7508225440979004,,,,,,,,,,,,,,,,,,,,,,,,,,,,,,,,,,,,,,,,,,,,,,,,,,,,,,,,,,,,,,,,,,
2026-02-28T06:33:13.130742,small_contiguous_mixed_freq_1gb_run1,posix,1,131072,131072,262144,0,-1,1,0,536870912,536870912,131071,131071,131071,131071,1,0,8,260096,524288,4096,4096,0,0,131072,0,0,0,0,0,0,0,0,0,131072,0,0,0,0,0,0,0,0,0,0,0,0,0,0,0,0.005076408386230469,0.0068683624267578125,2.2377219200134277,4.426336050033569,0.009689569473266602,2.2377209663391113,5.386682033538818,5.388632774353027,2.153935194015503,3.1519663333892822,0.03173184394836426,0.007918357849121094,0.005158424377441406,,,,,,,,,,,,,,,,,,,,,,,,,,,,,,,,,,,,,,,,,,,,,,,,,,,,,,,,,,,,,,,,,,
2026-02-28T06:35:20.476196,small_contiguous_mixed_freq_1gb_run2,posix,1,131072,131072,262144,0,-1,1,0,536870912,536870912,131071,131071,131071,131071,1,0,8,260096,524288,4096,4096,0,0,131072,0,0,0,0,0,0,0,0,0,131072,0,0,0,0,0,0,0,0,0,0,0,0,0,0,0,0.0058062076568603516,0.008168935775756836,2.240933895111084,4.433464288711548,0.011793375015258789,2.2409329414367676,5.57967472076416,5.581765651702881,2.155247449874878,3.3398523330688477,0.032978057861328125,0.0029153823852539062,0.0029993057250976562,,,,,,,,,,,,,,,,,,,,,,,,,,,,,,,,,,,,,,,,,,,,,,,,,,,,,,,,,,,,,,,,,,
2026-02-28T06:37:27.920719,small_contiguous_mixed_freq_1gb_run3,posix,1,131072,131072,262144,0,-1,1,0,536870912,536870912,131071,131071,131071,131071,1,0,8,260096,524288,4096,4096,0,0,131072,0,0,0,0,0,0,0,0,0,131072,0,0,0,0,0,0,0,0,0,0,0,0,0,0,0,0.032746076583862305,0.03499197959899902,2.416675090789795,4.590135335922241,0.03853750228881836,2.4166741371154785,5.734800338745117,5.736848831176758,2.136786937713623,3.4877445697784424,0.03305983543395996,0.0026345252990722656,0.03865313529968262,,,,,,,,,,,,,,,,,,,,,,,,,,,,,,,,,,,,,,,,,,,,,,,,,,,,,,,,,,,,,,,,,,
2026-02-28T06:39:35.335752,small_contiguous_mixed_freq_1gb_run4,posix,1,131072,131072,262144,0,-1,1,0,536870912,536870912,131071,131071,131071,131071,1,0,8,260096,524288,4096,4096,0,0,131072,0,0,0,0,0,0,0,0,0,131072,0,0,0,0,0,0,0,0,0,0,0,0,0,0,0,0.008052587509155273,0.009459733963012695,2.234712839126587,4.417083024978638,0.01264500617980957,2.234711170196533,5.691761255264282,5.693783521652222,2.1477928161621094,3.4637155532836914,0.0302884578704834,0.002703428268432617,0.003355741500854492,,,,,,,,,,,,,,,,,,,,,,,,,,,,,,,,,,,,,,,,,,,,,,,,,,,,,,,,,,,,,,,,,,
2026-02-28T06:41:42.884064,small_contiguous_mixed_freq_1gb_run5,posix,1,131072,131072,262144,0,-1,1,0,536870912,536870912,131071,131071,131071,131071,1,0,8,260096,524288,4096,4096,0,0,131072,0,0,0,0,0,0,0,0,0,131072,0,0,0,0,0,0,0,0,0,0,0,0,0,0,0,0.0025093555450439453,0.003162384033203125,2.293278694152832,4.531769514083862,0.005034446716308594,2.2932775020599365,5.830764055252075,5.834846496582031,2.201991558074951,3.552668571472168,0.03250265121459961,0.008308172225952148,0.040110111236572266,,,,,,,,,,,,,,,,,,,,,,,,,,,,,,,,,,,,,,,,,,,,,,,,,,,,,,,,,,,,,,,,,,
2026-02-28T06:44:31.400113,small_contiguous_mixed_freq_10gb_run1,posix,1,1310720,1310720,2621440,0,-1,1,0,5368709120,5368709120,1310719,1310719,1310719,1310719,1,0,8,2600960,524288,4096,4096,0,0,1310720,0,0,0,0,0,0,0,0,0,1310720,0,0,0,0,0,0,0,0,0,0,0,0,0,0,0,0.005191802978515625,0.00746464729309082,22.844946146011353,44.18760442733765,0.010811805725097656,22.844944953918457,46.762335538864136,46.7635977268219,20.954023838043213,25.065284490585327,0.29622411727905273,0.009953022003173828,0.5575308799743652,,,,,,,,,,,,,,,,,,,,,,,,,,,,,,,,,,,,,,,,,,,,,,,,,,,,,,,,,,,,,,,,,,
2026-02-28T06:47:15.947154,small_contiguous_mixed_freq_10gb_run2,posix,1,1310720,1310720,2621440,0,-1,1,0,5368709120,5368709120,1310719,1310719,1310719,1310719,1,0,8,2600960,524288,4096,4096,0,0,1310720,0,0,0,0,0,0,0,0,0,1310720,0,0,0,0,0,0,0,0,0,0,0,0,0,0,0,0.004790544509887695,0.006821393966674805,22.156671047210693,42.815311670303345,0.009772539138793945,22.15666961669922,42.8162055015564,42.81972908973694,20.28770613670349,21.795566082000732,0.2900667190551758,0.008189678192138672,0.20677542686462402,,,,,,,,,,,,,,,,,,,,,,,,,,,,,,,,,,,,,,,,,,,,,,,,,,,,,,,,,,,,,,,,,,
2026-02-28T06:50:01.769463,small_contiguous_mixed_freq_10gb_run3,posix,1,1310720,1310720,2621440,0,-1,1,0,5368709120,5368709120,1310719,1310719,1310719,1310719,1,0,8,2600960,524288,4096,4096,0,0,1310720,0,0,0,0,0,0,0,0,0,1310720,0,0,0,0,0,0,0,0,0,0,0,0,0,0,0,0.004598379135131836,0.006317615509033203,22.537904262542725,44.09713959693909,0.008870601654052734,22.53790283203125,44.098119258880615,44.099895000457764,21.18414568901062,22.168522357940674,0.2972397804260254,0.007077455520629883,0.04082202911376953,,,,,,,,,,,,,,,,,,,,,,,,,,,,,,,,,,,,,,,,,,,,,,,,,,,,,,,,,,,,,,,,,,
2026-02-28T06:52:49.511774,small_contiguous_mixed_freq_10gb_run4,posix,1,1310720,1310720,2621440,0,-1,1,0,5368709120,5368709120,1310719,1310719,1310719,1310719,1,0,8,2600960,524288,4096,4096,0,0,1310720,0,0,0,0,0,0,0,0,0,1310720,0,0,0,0,0,0,0,0,0,0,0,0,0,0,0,0.005126476287841797,0.0063114166259765625,22.417505025863647,44.1150438785553,0.008991241455078125,22.417502403259277,46.00439167022705,46.00629496574402,21.308298110961914,23.945428133010864,0.2996666431427002,0.0062410831451416016,0.04465913772583008,,,,,,,,,,,,,,,,,,,,,,,,,,,,,,,,,,,,,,,,,,,,,,,,,,,,,,,,,,,,,,,,,,
2026-02-28T06:55:38.416544,small_contiguous_mixed_freq_10gb_run5,posix,1,1310720,1310720,2621440,0,-1,1,0,5368709120,5368709120,1310719,1310719,1310719,1310719,1,0,8,2600960,524288,4096,4096,0,0,1310720,0,0,0,0,0,0,0,0,0,1310720,0,0,0,0,0,0,0,0,0,0,0,0,0,0,0,0.004826068878173828,0.006799459457397461,22.371644258499146,44.450905561447144,0.009702682495117188,22.37164282798767,47.1817843914032,47.183738470077515,21.713136434555054,24.74029517173767,0.2948424816131592,0.010035276412963867,0.04436135292053223,,,,,,,,,,,,,,,,,,,,,,,,,,,,,,,,,,,,,,,,,,,,,,,,,,,,,,,,,,,,,,,,,,
2026-02-28T06:58:30.423680,small_random_read_heavy_seldom_1gb_run1,posix,1,262144,0,262144,0,-1,1,0,1073741824,0,4,0,131074,0,0,0,8,260096,524288,4096,0,0,0,262144,0,0,0,0,0,0,0,0,0,0,0,0,0,0,0,0,0,203767808,144015360,54345728,53526528,4,4,4,4,0.004506111145019531,0.0060846805572509766,0.006108283996582031,43.62239694595337,0.0,0.0,43.622828006744385,43.62437963485718,43.469528675079346,0.0004248619079589844,0.0439453125,0.003033161163330078,0.0,,,,,,,,,,,,,,,,,,,,,,,,,,,,,,,,,,,,,,,,,,,,,,,,,,,,,,,,,,,,,,,,,,
2026-02-28T07:01:09.124755,small_random_read_heavy_seldom_1gb_run2,posix,1,262144,0,262144,0,-1,1,0,1073741824,0,4,0,131074,0,0,0,8,260096,524288,4096,0,0,0,262144,0,0,0,0,0,0,0,0,0,0,0,0,0,0,0,0,0,116097024,85934080,497549312,385220608,4,4,3,3,0.004052162170410156,0.005543231964111328,0.00556492805480957,29.99368715286255,0.0,0.0,29.993902921676636,29.995647192001343,29.846150398254395,0.000209808349609375,0.04349184036254883,0.0025696754455566406,0.0,,,,,,,,,,,,,,,,,,,,,,,,,,,,,,,,,,,,,,,,,,,,,,,,,,,,,,,,,,,,,,,,,,
2026-02-28T07:04:11.417853,small_random_read_heavy_seldom_1gb_run3,posix,1,262144,0,262144,0,-1,1,0,1073741824,0,4,0,131074,0,0,0,8,260096,524288,4096,0,0,0,262144,0,0,0,0,0,0,0,0,0,0,0,0,0,0,0,0,0,157204480,151699456,112377856,95862784,4,4,4,4,0.0032100677490234375,0.004044055938720703,0.0040667057037353516,54.389015197753906,0.0,0.0,54.38923215866089,54.390721797943115,54.24656867980957,0.00021076202392578125,0.04034161567687988,0.00731348991394043,0.0,,,,,,,,,,,,,,,,,,,,,,,,,,,,,,,,,,,,,,,,,,,,,,,,,,,,,,,,,,,,,,,,,,
2026-02-28T07:07:01.585113,small_random_read_heavy_seldom_1gb_run4,posix,1,262144,0,262144,0,-1,1,0,1073741824,0,4,0,131074,0,0,0,8,260096,524288,4096,0,0,0,262144,0,0,0,0,0,0,0,0,0,0,0,0,0,0,0,0,0,205422592,181927936,176603136,176439296,4,4,4,4,0.0032715797424316406,0.00449371337890625,0.0045130252838134766,41.629530906677246,0.0,0.0,41.62976551055908,41.63105249404907,41.47588658332825,0.00022864341735839844,0.043323516845703125,0.007140159606933594,0.0,,,,,,,,,,,,,,,,,,,,,,,,,,,,,,,,,,,,,,,,,,,,,,,,,,,,,,,,,,,,,,,,,,
2026-02-28T07:09:52.064036,small_random_read_heavy_seldom_1gb_run5,posix,1,262144,0,262144,0,-1,1,0,1073741824,0,4,0,131074,0,0,0,8,260096,524288,4096,0,0,0,262144,0,0,0,0,0,0,0,0,0,0,0,0,0,0,0,0,0,218497024,139345920,130531328,117129216,4,4,4,4,0.004891395568847656,0.006448984146118164,0.006472110748291016,41.859296798706055,0.0,0.0,41.85957145690918,41.86880135536194,41.70965242385864,0.00026726722717285156,0.050539255142211914,0.0034182071685791016,0.0,,,,,,,,,,,,,,,,,,,,,,,,,,,,,,,,,,,,,,,,,,,,,,,,,,,,,,,,,,,,,,,,,,
2026-02-28T07:18:47.928770,small_random_read_heavy_seldom_10gb_run1,posix,1,2621440,0,2621440,0,-1,1,0,10737418240,0,5,0,1310807,0,0,0,8,2600960,524288,4096,0,0,0,2621440,0,0,0,0,0,0,0,0,0,0,0,0,0,0,0,0,0,3041738752,1291976704,1096007680,2847916032,7,6,6,5,0.0030777454376220703,0.004119873046875,0.004135847091674805,366.3631417751312,0.0,0.0,366.3635015487671,366.36528491973877,364.8894500732422,0.00035190582275390625,0.39986681938171387,0.010293960571289062,0.0,,,,,,,,,,,,,,,,,,,,,,,,,,,,,,,,,,,,,,,,,,,,,,,,,,,,,,,,,,,,,,,,,,
2026-02-28T07:27:42.900278,small_random_read_heavy_seldom_10gb_run2,posix,1,2621440,0,2621440,0,-1,1,0,10737418240,0,5,0,1310914,0,0,0,8,2600960,524288,4096,0,0,0,2621440,0,0,0,0,0,0,0,0,0,0,0,0,0,0,0,0,0,1946484736,3091808256,1749401600,2712977408,10,7,7,5,0.003731250762939453,0.0048675537109375,0.004885435104370117,365.4010605812073,0.0,0.0,365.40152740478516,365.4034342765808,363.9824323654175,0.0004596710205078125,0.395693302154541,0.011227846145629883,0.0,,,,,,,,,,,,,,,,,,,,,,,,,,,,,,,,,,,,,,,,,,,,,,,,,,,,,,,,,,,,,,,,,,
2026-02-28T07:36:47.027280,small_random_read_heavy_seldom_10gb_run3,posix,1,2621440,0,2621440,0,-1,1,0,10737418240,0,3,0,1311240,0,0,0,8,2600960,524288,4096,0,0,0,2621440,0,0,0,0,0,0,0,0,0,0,0,0,0,0,0,0,0,5789253632,1266515968,275251200,3315302400,7,7,6,5,0.0039370059967041016,0.004784822463989258,0.004801034927368164,364.48894476890564,0.0,0.0,364.4894013404846,364.49103140830994,363.06282806396484,0.0004496574401855469,0.4029834270477295,0.010717630386352539,0.0,,,,,,,,,,,,,,,,,,,,,,,,,,,,,,,,,,,,,,,,,,,,,,,,,,,,,,,,,,,,,,,,,,
2026-02-28T07:45:44.830525,small_random_read_heavy_seldom_10gb_run4,posix,1,2621440,0,2621440,0,-1,1,0,10737418240,0,6,0,1310622,0,0,0,8,2600960,524288,4096,0,0,0,2621440,0,0,0,0,0,0,0,0,0,0,0,0,0,0,0,0,0,666664960,3673620480,2755739648,2069364736,6,5,5,5,0.0037450790405273438,0.005105018615722656,0.005126237869262695,363.7177560329437,0.0,0.0,363.71814250946045,363.7198164463043,362.27148818969727,0.0003800392150878906,0.40811705589294434,0.012082338333129883,0.0,,,,,,,,,,,,,,,,,,,,,,,,,,,,,,,,,,,,,,,,,,,,,,,,,,,,,,,,,,,,,,,,,,
2026-02-28T07:55:08.585493,small_random_read_heavy_seldom_10gb_run5,posix,1,2621440,0,2621440,0,-1,1,0,10737418240,0,4,0,1309814,0,0,0,8,2600960,524288,4096,0,0,0,2621440,0,0,0,0,0,0,0,0,0,0,0,0,0,0,0,0,0,1677426688,4537319424,1344569344,1043546112,6,5,5,5,0.0036690235137939453,0.004460811614990234,0.0044782161712646484,387.9938178062439,0.0,0.0,387.9941565990448,387.9960677623749,386.5484445095062,0.00033283233642578125,0.4087371826171875,0.01169729232788086,0.0,,,,,,,,,,,,,,,,,,,,,,,,,,,,,,,,,,,,,,,,,,,,,,,,,,,,,,,,,,,,,,,,,,
2026-02-28T07:57:14.432944,large_strided_mixed_freq_1gb_run1,posix,1,128,128,256,0,-1,1,0,536870912,536870912,31,31,31,31,2,0,8,0,524288,4194304,4194304,0,0,0,0,0,128,0,0,0,0,0,0,0,0,0,128,0,0,0,0,0,0,0,0,0,0,0,0,0.004678010940551758,0.00676727294921875,0.9903991222381592,2.852259397506714,0.011517763137817383,3.859827995300293,4.116264343261719,4.118225336074829,1.8613691329956055,2.242230176925659,0.004280805587768555,0.014970779418945312,0.059229135513305664,,,,,,,,,,,,,,,,,,,,,,,,,,,,,,,,,,,,,,,,,,,,,,,,,,,,,,,,,,,,,,,,,,
2026-02-28T07:59:20.452506,large_strided_mixed_freq_1gb_run2,posix,1,128,128,256,0,-1,1,0,536870912,536870912,31,31,31,31,2,0,8,0,524288,4194304,4194304,0,0,0,0,0,128,0,0,0,0,0,0,0,0,0,128,0,0,0,0,0,0,0,0,0,0,0,0,0.0049974918365478516,0.00738072395324707,0.9471702575683594,2.809166431427002,0.012233734130859375,3.7518298625946045,4.289877653121948,4.291797161102295,1.8614821434020996,2.4149129390716553,0.0045168399810791016,0.014776945114135742,0.025263547897338867,,,,,,,,,,,,,,,,,,,,,,,,,,,,,,,,,,,,,,,,,,,,,,,,,,,,,,,,,,,,,,,,,,
2026-02-28T08:01:26.476351,large_strided_mixed_freq_1gb_run3,posix,1,128,128,256,0,-1,1,0,536870912,536870912,31,31,31,31,2,0,8,0,524288,4194304,4194304,0,0,0,0,0,128,0,0,0,0,0,0,0,0,0,128,0,0,0,0,0,0,0,0,0,0,0,0,0.005432605743408203,0.007907867431640625,0.945685863494873,2.8077805042266846,0.012925386428833008,3.7380728721618652,4.274333953857422,4.276346921920776,1.8616514205932617,2.3986661434173584,0.004687786102294922,0.014880895614624023,0.01512455940246582,,,,,,,,,,,,,,,,,,,,,,,,,,,,,,,,,,,,,,,,,,,,,,,,,,,,,,,,,,,,,,,,,,
2026-02-28T08:03:32.404926,large_strided_mixed_freq_1gb_run4,posix,1,128,128,256,0,-1,1,0,536870912,536870912,31,31,31,31,2,0,8,0,524288,4194304,4194304,0,0,0,0,0,128,0,0,0,0,0,0,0,0,0,128,0,0,0,0,0,0,0,0,0,0,0,0,0.004625797271728516,0.006886959075927734,0.9430084228515625,2.805574893951416,0.011324882507324219,3.7754602432250977,4.199980735778809,4.201310396194458,1.862079381942749,2.3254072666168213,0.0038115978240966797,0.014885187149047852,0.05564761161804199,,,,,,,,,,,,,,,,,,,,,,,,,,,,,,,,,,,,,,,,,,,,,,,,,,,,,,,,,,,,,,,,,,
2026-02-28T08:05:38.276307,large_strided_mixed_freq_1gb_run5,posix,1,128,128,256,0,-1,1,0,536870912,536870912,31,31,31,31,2,0,8,0,524288,4194304,4194304,0,0,0,0,0,128,0,0,0,0,0,0,0,0,0,128,0,0,0,0,0,0,0,0,0,0,0,0,0.002912759780883789,0.003790140151977539,0.9427576065063477,2.8029720783233643,0.007068157196044922,3.7357680797576904,4.12978982925415,4.131885766983032,1.8597652912139893,2.261608123779297,0.003202676773071289,0.014820575714111328,0.01487421989440918,,,,,,,,,,,,,,,,,,,,,,,,,,,,,,,,,,,,,,,,,,,,,,,,,,,,,,,,,,,,,,,,,,
2026-02-28T08:08:19.324419,large_strided_mixed_freq_10gb_run1,posix,1,1280,1280,2560,0,-1,1,0,5368709120,5368709120,319,319,319,319,2,0,8,0,524288,4194304,4194304,0,0,0,0,0,1280,0,0,0,0,0,0,0,0,0,1280,0,0,0,0,0,0,0,0,0,0,0,0,0.004354953765869141,0.006196498870849609,9.88241982460022,28.510701656341553,0.010635852813720703,38.548462867736816,39.30301380157471,39.30433678627014,18.62343955039978,20.65813946723938,0.00546574592590332,0.015337467193603516,0.059363603591918945,,,,,,,,,,,,,,,,,,,,,,,,,,,,,,,,,,,,,,,,,,,,,,,,,,,,,,,,,,,,,,,,,,
2026-02-28T08:10:59.884040,large_strided_mixed_freq_10gb_run2,posix,1,1280,1280,2560,0,-1,1,0,5368709120,5368709120,319,319,319,319,2,0,8,0,524288,4194304,4194304,0,0,0,0,0,1280,0,0,0,0,0,0,0,0,0,1280,0,0,0,0,0,0,0,0,0,0,0,0,0.006231069564819336,0.008532047271728516,9.402441024780273,28.015454292297363,0.012941122055053711,37.801055908203125,38.8190598487854,38.82115054130554,18.608734846115112,20.188504695892334,0.0062677860260009766,0.015572786331176758,0.06050229072570801,,,,,,,,,,,,,,,,,,,,,,,,,,,,,,,,,,,,,,,,,,,,,,,,,,,,,,,,,,,,,,,,,,
2026-02-28T08:13:40.463946,large_strided_mixed_freq_10gb_run3,posix,1,1280,1280,2560,0,-1,1,0,5368709120,5368709120,319,319,319,319,2,0,8,0,524288,4194304,4194304,0,0,0,0,0,1280,0,0,0,0,0,0,0,0,0,1280,0,0,0,0,0,0,0,0,0,0,0,0,0.0040721893310546875,0.0056188106536865234,9.521155595779419,28.1677348613739,0.009651899337768555,38.03529095649719,38.81311321258545,38.81492280960083,18.64186120033264,20.15169644355774,0.0055348873138427734,0.03148603439331055,0.06830596923828125,,,,,,,,,,,,,,,,,,,,,,,,,,,,,,,,,,,,,,,,,,,,,,,,,,,,,,,,,,,,,,,,,,
2026-02-28T08:16:20.328091,large_strided_mixed_freq_10gb_run4,posix,1,1280,1280,2560,0,-1,1,0,5368709120,5368709120,319,319,319,319,2,0,8,0,524288,4194304,4194304,0,0,0,0,0,1280,0,0,0,0,0,0,0,0,0,1280,0,0,0,0,0,0,0,0,0,0,0,0,0.00298309326171875,0.0035398006439208984,9.396060705184937,27.999831438064575,0.006674528121948242,37.34102439880371,38.11712431907654,38.125842332839966,18.59920072555542,19.50215244293213,0.011236190795898438,0.028334856033325195,0.05845069885253906,,,,,,,,,,,,,,,,,,,,,,,,,,,,,,,,,,,,,,,,,,,,,,,,,,,,,,,,,,,,,,,,,,
2026-02-28T08:19:00.595638,large_strided_mixed_freq_10gb_run5,posix,1,1280,1280,2560,0,-1,1,0,5368709120,5368709120,319,319,319,319,2,0,8,0,524288,4194304,4194304,0,0,0,0,0,1280,0,0,0,0,0,0,0,0,0,1280,0,0,0,0,0,0,0,0,0,0,0,0,0.005346775054931641,0.007380247116088867,9.410688161849976,28.0225248336792,0.011852502822875977,37.4488251209259,38.52887320518494,38.53003525733948,18.607059240341187,19.89955759048462,0.005296945571899414,0.0159151554107666,0.05707955360412598,,,,,,,,,,,,,,,,,,,,,,,,,,,,,,,,,,,,,,,,,,,,,,,,,,,,,,,,,,,,,,,,,,
2026-02-28T08:21:13.317305,small_nd_strided_read_heavy_freq_1gb_run1,posix,1,262144,0,262144,0,-1,1,0,1073741824,0,262143,0,262143,0,0,0,8,260096,524288,4096,0,0,0,262144,0,0,0,0,0,0,0,0,0,0,0,0,0,0,0,0,0,0,0,0,0,0,0,0,0,0.0047397613525390625,0.006040096282958984,0.006059408187866211,4.280226469039917,0.0,0.0,4.281529664993286,4.283339977264404,4.194526672363281,0.001295328140258789,0.029016733169555664,0.003668069839477539,0.0,,,,,,,,,,,,,,,,,,,,,,,,,,,,,,,,,,,,,,,,,,,,,,,,,,,,,,,,,,,,,,,,,,
2026-02-28T08:23:25.859105,small_nd_strided_read_heavy_freq_1gb_run2,posix,1,262144,0,262144,0,-1,1,0,1073741824,0,262143,0,262143,0,0,0,8,260096,524288,4096,0,0,0,262144,0,0,0,0,0,0,0,0,0,0,0,0,0,0,0,0,0,0,0,0,0,0,0,0,0,0.0034291744232177734,0.004763126373291016,0.004779815673828125,4.417062282562256,0.0,0.0,4.418203830718994,4.4199159145355225,4.329855442047119,0.0011348724365234375,0.030142784118652344,0.002917051315307617,0.0,,,,,,,,,,,,,,,,,,,,,,,,,,,,,,,,,,,,,,,,,,,,,,,,,,,,,,,,,,,,,,,,,,
2026-02-28T08:25:38.684796,small_nd_strided_read_heavy_freq_1gb_run3,posix,1,262144,0,262144,0,-1,1,0,1073741824,0,262143,0,262143,0,0,0,8,260096,524288,4096,0,0,0,262144,0,0,0,0,0,0,0,0,0,0,0,0,0,0,0,0,0,0,0,0,0,0,0,0,0,0.002448558807373047,0.003259897232055664,0.003279447555541992,4.277240753173828,0.0,0.0,4.278418064117432,4.2802135944366455,4.194822549819946,0.0011713504791259766,0.02844548225402832,0.00943756103515625,0.0,,,,,,,,,,,,,,,,,,,,,,,,,,,,,,,,,,,,,,,,,,,,,,,,,,,,,,,,,,,,,,,,,,
2026-02-28T08:27:51.614883,small_nd_strided_read_heavy_freq_1gb_run4,posix,1,262144,0,262144,0,-1,1,0,1073741824,0,262143,0,262143,0,0,0,8,260096,524288,4096,0,0,0,262144,0,0,0,0,0,0,0,0,0,0,0,0,0,0,0,0,0,0,0,0,0,0,0,0,0,0.001964092254638672,0.002451658248901367,0.0024759769439697266,4.305187702178955,0.0,0.0,4.306368827819824,4.307264566421509,4.222265958786011,0.0011742115020751953,0.028196096420288086,0.003159761428833008,0.0,,,,,,,,,,,,,,,,,,,,,,,,,,,,,,,,,,,,,,,,,,,,,,,,,,,,,,,,,,,,,,,,,,
2026-02-28T08:30:04.570966,small_nd_strided_read_heavy_freq_1gb_run5,posix,1,262144,0,262144,0,-1,1,0,1073741824,0,262143,0,262143,0,0,0,8,260096,524288,4096,0,0,0,262144,0,0,0,0,0,0,0,0,0,0,0,0,0,0,0,0,0,0,0,0,0,0,0,0,0,0.004399776458740234,0.005953311920166016,0.005972385406494141,4.372258901596069,0.0,0.0,4.373396158218384,4.377138137817383,4.284302234649658,0.0011305809020996094,0.03272128105163574,0.007715702056884766,0.0,,,,,,,,,,,,,,,,,,,,,,,,,,,,,,,,,,,,,,,,,,,,,,,,,,,,,,,,,,,,,,,,,,
2026-02-28T08:33:43.469536,small_nd_strided_read_heavy_freq_10gb_run1,posix,1,2621440,0,2621440,0,-1,1,0,10737418240,0,2621439,0,2621439,0,0,0,8,2600960,524288,4096,0,0,0,2621440,0,0,0,0,0,0,0,0,0,0,0,0,0,0,0,0,0,0,0,0,0,0,0,0,0,0.00395655632019043,0.005042314529418945,0.005061149597167969,44.06106925010681,0.0,0.0,44.06160497665405,44.06335377693176,43.26706671714783,0.0005295276641845703,0.27941274642944336,0.009653568267822266,0.0,,,,,,,,,,,,,,,,,,,,,,,,,,,,,,,,,,,,,,,,,,,,,,,,,,,,,,,,,,,,,,,,,,
2026-02-28T08:37:24.073873,small_nd_strided_read_heavy_freq_10gb_run2,posix,1,2621440,0,2621440,0,-1,1,0,10737418240,0,2621439,0,2621439,0,0,0,8,2600960,524288,4096,0,0,0,2621440,0,0,0,0,0,0,0,0,0,0,0,0,0,0,0,0,0,0,0,0,0,0,0,0,0,0.0038242340087890625,0.004757881164550781,0.004778146743774414,43.30258917808533,0.0,0.0,43.3031861782074,43.304906606674194,42.49335956573486,0.0005910396575927734,0.2852630615234375,0.009730100631713867,0.0,,,,,,,,,,,,,,,,,,,,,,,,,,,,,,,,,,,,,,,,,,,,,,,,,,,,,,,,,,,,,,,,,,
2026-02-28T08:41:04.894098,small_nd_strided_read_heavy_freq_10gb_run3,posix,1,2621440,0,2621440,0,-1,1,0,10737418240,0,2621439,0,2621439,0,0,0,8,2600960,524288,4096,0,0,0,2621440,0,0,0,0,0,0,0,0,0,0,0,0,0,0,0,0,0,0,0,0,0,0,0,0,0,0.003940105438232422,0.005304813385009766,0.0053212642669677734,43.404263496398926,0.0,0.0,43.40476131439209,43.467957973480225,42.57734775543213,0.0004916191101074219,0.35799622535705566,0.00826406478881836,0.0,,,,,,,,,,,,,,,,,,,,,,,,,,,,,,,,,,,,,,,,,,,,,,,,,,,,,,,,,,,,,,,,,,
2026-02-28T08:44:42.871784,small_nd_strided_read_heavy_freq_10gb_run4,posix,1,2621440,0,2621440,0,-1,1,0,10737418240,0,2621439,0,2621439,0,0,0,8,2600960,524288,4096,0,0,0,2621440,0,0,0,0,0,0,0,0,0,0,0,0,0,0,0,0,0,0,0,0,0,0,0,0,0,0.004143476486206055,0.0056610107421875,0.005685567855834961,43.71730589866638,0.0,0.0,43.71777391433716,43.71943974494934,42.90672707557678,0.00046133995056152344,0.28989243507385254,0.010070562362670898,0.0,,,,,,,,,,,,,,,,,,,,,,,,,,,,,,,,,,,,,,,,,,,,,,,,,,,,,,,,,,,,,,,,,,
2026-02-28T08:48:24.332736,small_nd_strided_read_heavy_freq_10gb_run5,posix,1,2621440,0,2621440,0,-1,1,0,10737418240,0,2621439,0,2621439,0,0,0,8,2600960,524288,4096,0,0,0,2621440,0,0,0,0,0,0,0,0,0,0,0,0,0,0,0,0,0,0,0,0,0,0,0,0,0,0.0018105506896972656,0.0021867752075195312,0.0022063255310058594,42.96315026283264,0.0,0.0,42.96349215507507,42.96536588668823,42.16290783882141,0.00033593177795410156,0.2819197177886963,0.006349325180053711,0.0,,,,,,,,,,,,,,,,,,,,,,,,,,,,,,,,,,,,,,,,,,,,,,,,,,,,,,,,,,,,,,,,,,
