profile,POSIX_OPENS_mean,POSIX_OPENS_std,POSIX_OPENS_min,POSIX_OPENS_max,POSIX_OPENS_count,POSIX_READS_mean,POSIX_READS_std,POSIX_READS_min,POSIX_READS_max,POSIX_READS_count,POSIX_WRITES_mean,POSIX_WRITES_std,POSIX_WRITES_min,POSIX_WRITES_max,POSIX_WRITES_count,POSIX_SEEKS_mean,POSIX_SEEKS_std,POSIX_SEEKS_min,POSIX_SEEKS_max,POSIX_SEEKS_count,POSIX_MMAPS_mean,POSIX_MMAPS_std,POSIX_MMAPS_min,POSIX_MMAPS_max,POSIX_MMAPS_count,POSIX_FSYNCS_mean,POSIX_FSYNCS_std,POSIX_FSYNCS_min,POSIX_FSYNCS_max,POSIX_FSYNCS_count,POSIX_BYTES_READ_mean,POSIX_BYTES_READ_std,POSIX_BYTES_READ_min,POSIX_BYTES_READ_max,POSIX_BYTES_READ_count,POSIX_BYTES_WRITTEN_mean,POSIX_BYTES_WRITTEN_std,POSIX_BYTES_WRITTEN_min,POSIX_BYTES_WRITTEN_max,POSIX_BYTES_WRITTEN_count,POSIX_CONSEC_READS_mean,POSIX_CONSEC_READS_std,POSIX_CONSEC_READS_min,POSIX_CONSEC_READS_max,POSIX_CONSEC_READS_count,POSIX_CONSEC_WRITES_mean,POSIX_CONSEC_WRITES_std,POSIX_CONSEC_WRITES_min,POSIX_CONSEC_WRITES_max,POSIX_CONSEC_WRITES_count,POSIX_SEQ_READS_mean,POSIX_SEQ_READS_std,POSIX_SEQ_READS_min,POSIX_SEQ_READS_max,POSIX_SEQ_READS_count,POSIX_SEQ_WRITES_mean,POSIX_SEQ_WRITES_std,POSIX_SEQ_WRITES_min,POSIX_SEQ_WRITES_max,POSIX_SEQ_WRITES_count,POSIX_RW_SWITCHES_mean,POSIX_RW_SWITCHES_std,POSIX_RW_SWITCHES_min,POSIX_RW_SWITCHES_max,POSIX_RW_SWITCHES_count,POSIX_MEM_ALIGNMENT_mean,POSIX_MEM_ALIGNMENT_std,POSIX_MEM_ALIGNMENT_min,POSIX_MEM_ALIGNMENT_max,POSIX_MEM_ALIGNMENT_count,POSIX_FILE_NOT_ALIGNED_mean,POSIX_FILE_NOT_ALIGNED_std,POSIX_FILE_NOT_ALIGNED_min,POSIX_FILE_NOT_ALIGNED_max,POSIX_FILE_NOT_ALIGNED_count,POSIX_FILE_ALIGNMENT_mean,POSIX_FILE_ALIGNMENT_std,POSIX_FILE_ALIGNMENT_min,POSIX_FILE_ALIGNMENT_max,POSIX_FILE_ALIGNMENT_count,POSIX_MAX_READ_TIME_SIZE_mean,POSIX_MAX_READ_TIME_SIZE_std,POSIX_MAX_READ_TIME_SIZE_min,POSIX_MAX_READ_TIME_SIZE_max,POSIX_MAX_READ_TIME_SIZE_count,POSIX_MAX_WRITE_TIME_SIZE_mean,POSIX_MAX_WRITE_TIME_SIZE_std,POSIX_MAX_WRITE_TIME_SIZE_min,POSIX_MAX_WRITE_TIME_SIZE_max,POSIX_MAX_WRITE_TIME_SIZE_count,POSIX_SIZE_READ_1K_10K_mean,POSIX_SIZE_READ_1K_10K_std,POSIX_SIZE_READ_1K_10K_min,POSIX_SIZE_READ_1K_10K_max,POSIX_SIZE_READ_1K_10K_count,POSIX_SIZE_READ_1M_4M_mean,POSIX_SIZE_READ_1M_4M_std,POSIX_SIZE_READ_1M_4M_min,POSIX_SIZE_READ_1M_4M_max,POSIX_SIZE_READ_1M_4M_count,POSIX_SIZE_WRITE_1K_10K_mean,POSIX_SIZE_WRITE_1K_10K_std,POSIX_SIZE_WRITE_1K_10K_min,POSIX_SIZE_WRITE_1K_10K_max,POSIX_SIZE_WRITE_1K_10K_count,POSIX_SIZE_WRITE_1M_4M_mean,POSIX_SIZE_WRITE_1M_4M_std,POSIX_SIZE_WRITE_1M_4M_min,POSIX_SIZE_WRITE_1M_4M_max,POSIX_SIZE_WRITE_1M_4M_count,POSIX_STRIDE1_STRIDE_mean,POSIX_STRIDE1_STRIDE_std,POSIX_STRIDE1_STRIDE_min,POSIX_STRIDE1_STRIDE_max,POSIX_STRIDE1_STRIDE_count,POSIX_STRIDE2_STRIDE_mean,POSIX_STRIDE2_STRIDE_std,POSIX_STRIDE2_STRIDE_min,POSIX_STRIDE2_STRIDE_max,POSIX_STRIDE2_STRIDE_count,POSIX_STRIDE3_STRIDE_mean,POSIX_STRIDE3_STRIDE_std,POSIX_STRIDE3_STRIDE_min,POSIX_STRIDE3_STRIDE_max,POSIX_STRIDE3_STRIDE_count,POSIX_STRIDE4_STRIDE_mean,POSIX_STRIDE4_STRIDE_std,POSIX_STRIDE4_STRIDE_min,POSIX_STRIDE4_STRIDE_max,POSIX_STRIDE4_STRIDE_count,POSIX_STRIDE1_COUNT_mean,POSIX_STRIDE1_COUNT_std,POSIX_STRIDE1_COUNT_min,POSIX_STRIDE1_COUNT_max,POSIX_STRIDE1_COUNT_count,POSIX_STRIDE2_COUNT_mean,POSIX_STRIDE2_COUNT_std,POSIX_STRIDE2_COUNT_min,POSIX_STRIDE2_COUNT_max,POSIX_STRIDE2_COUNT_count,POSIX_STRIDE3_COUNT_mean,POSIX_STRIDE3_COUNT_std,POSIX_STRIDE3_COUNT_min,POSIX_STRIDE3_COUNT_max,POSIX_STRIDE3_COUNT_count,POSIX_STRIDE4_COUNT_mean,POSIX_STRIDE4_COUNT_std,POSIX_STRIDE4_COUNT_min,POSIX_STRIDE4_COUNT_max,POSIX_STRIDE4_COUNT_count,POSIX_F_READ_TIME_mean,POSIX_F_READ_TIME_std,POSIX_F_READ_TIME_min,POSIX_F_READ_TIME_max,POSIX_F_READ_TIME_count,POSIX_F_WRITE_TIME_mean,POSIX_F_WRITE_TIME_std,POSIX_F_WRITE_TIME_min,POSIX_F_WRITE_TIME_max,POSIX_F_WRITE_TIME_count,POSIX_F_META_TIME_mean,POSIX_F_META_TIME_std,POSIX_F_META_TIME_min,POSIX_F_META_TIME_max,POSIX_F_META_TIME_count,POSIX_F_MAX_READ_TIME_mean,POSIX_F_MAX_READ_TIME_std,POSIX_F_MAX_READ_TIME_min,POSIX_F_MAX_READ_TIME_max,POSIX_F_MAX_READ_TIME_count,POSIX_F_MAX_WRITE_TIME_mean,POSIX_F_MAX_WRITE_TIME_std,POSIX_F_MAX_WRITE_TIME_min,POSIX_F_MAX_WRITE_TIME_max,POSIX_F_MAX_WRITE_TIME_count,POSIX_OPEN_DURATION_mean,POSIX_OPEN_DURATION_std,POSIX_OPEN_DURATION_min,POSIX_OPEN_DURATION_max,POSIX_OPEN_DURATION_count,POSIX_READ_DURATION_mean,POSIX_READ_DURATION_std,POSIX_READ_DURATION_min,POSIX_READ_DURATION_max,POSIX_READ_DURATION_count,POSIX_WRITE_DURATION_mean,POSIX_WRITE_DURATION_std,POSIX_WRITE_DURATION_min,POSIX_WRITE_DURATION_max,POSIX_WRITE_DURATION_count,POSIX_CLOSE_DURATION_mean,POSIX_CLOSE_DURATION_std,POSIX_CLOSE_DURATION_min,POSIX_CLOSE_DURATION_max,POSIX_CLOSE_DURATION_count,POSIX_READ_BW_MBps_mean,POSIX_READ_BW_MBps_std,POSIX_READ_BW_MBps_min,POSIX_READ_BW_MBps_max,POSIX_READ_BW_MBps_count,POSIX_WRITE_BW_MBps_mean,POSIX_WRITE_BW_MBps_std,POSIX_WRITE_BW_MBps_min,POSIX_WRITE_BW_MBps_max,POSIX_WRITE_BW_MBps_count,POSIX_TOTAL_BW_MBps_mean,POSIX_TOTAL_BW_MBps_std,POSIX_TOTAL_BW_MBps_min,POSIX_TOTAL_BW_MBps_max,POSIX_TOTAL_BW_MBps_count,POSIX_READ_LATENCY_ms_mean,POSIX_READ_LATENCY_ms_std,POSIX_READ_LATENCY_ms_min,POSIX_READ_LATENCY_ms_max,POSIX_READ_LATENCY_ms_count,POSIX_WRITE_LATENCY_ms_mean,POSIX_WRITE_LATENCY_ms_std,POSIX_WRITE_LATENCY_ms_min,POSIX_WRITE_LATENCY_ms_max,POSIX_WRITE_LATENCY_ms_count,POSIX_OPEN_LATENCY_ms_mean,POSIX_OPEN_LATENCY_ms_std,POSIX_OPEN_LATENCY_ms_min,POSIX_OPEN_LATENCY_ms_max,POSIX_OPEN_LATENCY_ms_count,POSIX_CLOSE_LATENCY_ms_mean,POSIX_CLOSE_LATENCY_ms_std,POSIX_CLOSE_LATENCY_ms_min,POSIX_CLOSE_LATENCY_ms_max,POSIX_CLOSE_LATENCY_ms_count,POSIX_READ_DENSITY_mean,POSIX_READ_DENSITY_std,POSIX_READ_DENSITY_min,POSIX_READ_DENSITY_max,POSIX_READ_DENSITY_count,POSIX_WRITE_DENSITY_mean,POSIX_WRITE_DENSITY_std,POSIX_WRITE_DENSITY_min,POSIX_WRITE_DENSITY_max,POSIX_WRITE_DENSITY_count,POSIX_MEAN_READ_SIZE_mean,POSIX_MEAN_READ_SIZE_std,POSIX_MEAN_READ_SIZE_min,POSIX_MEAN_READ_SIZE_max,POSIX_MEAN_READ_SIZE_count,POSIX_MEAN_WRITE_SIZE_mean,POSIX_MEAN_WRITE_SIZE_std,POSIX_MEAN_WRITE_SIZE_min,POSIX_MEAN_WRITE_SIZE_max,POSIX_MEAN_WRITE_SIZE_count,POSIX_SEQ_READ_RATIO_mean,POSIX_SEQ_READ_RATIO_std,POSIX_SEQ_READ_RATIO_min,POSIX_SEQ_READ_RATIO_max,POSIX_SEQ_READ_RATIO_count,POSIX_SEQ_WRITE_RATIO_mean,POSIX_SEQ_WRITE_RATIO_std,POSIX_SEQ_WRITE_RATIO_min,POSIX_SEQ_WRITE_RATIO_max,POSIX_SEQ_WRITE_RATIO_count,POSIX_SEEK_RATE_mean,POSIX_SEEK_RATE_std,POSIX_SEEK_RATE_min,POSIX_SEEK_RATE_max,POSIX_SEEK_RATE_count,POSIX_OPENS_cv,POSIX_READS_cv,POSIX_WRITES_cv,POSIX_SEEKS_cv,POSIX_MMAPS_cv,POSIX_FSYNCS_cv,POSIX_BYTES_READ_cv,POSIX_BYTES_WRITTEN_cv,POSIX_CONSEC_READS_cv,POSIX_CONSEC_WRITES_cv,POSIX_SEQ_READS_cv,POSIX_SEQ_WRITES_cv,POSIX_RW_SWITCHES_cv,POSIX_MEM_ALIGNMENT_cv,POSIX_FILE_NOT_ALIGNED_cv,POSIX_FILE_ALIGNMENT_cv,POSIX_MAX_READ_TIME_SIZE_cv,POSIX_MAX_WRITE_TIME_SIZE_cv,POSIX_SIZE_READ_1K_10K_cv,POSIX_SIZE_READ_1M_4M_cv,POSIX_SIZE_WRITE_1K_10K_cv,POSIX_SIZE_WRITE_1M_4M_cv,POSIX_STRIDE1_STRIDE_cv,POSIX_STRIDE2_STRIDE_cv,POSIX_STRIDE3_STRIDE_cv,POSIX_STRIDE4_STRIDE_cv,POSIX_STRIDE1_COUNT_cv,POSIX_STRIDE2_COUNT_cv,POSIX_STRIDE3_COUNT_cv,POSIX_STRIDE4_COUNT_cv,POSIX_F_READ_TIME_cv,POSIX_F_WRITE_TIME_cv,POSIX_F_META_TIME_cv,POSIX_F_MAX_READ_TIME_cv,POSIX_F_MAX_WRITE_TIME_cv,POSIX_OPEN_DURATION_cv,POSIX_READ_DURATION_cv,POSIX_WRITE_DURATION_cv,POSIX_CLOSE_DURATION_cv,POSIX_READ_BW_MBps_cv,POSIX_WRITE_BW_MBps_cv,POSIX_TOTAL_BW_MBps_cv,POSIX_READ_LATENCY_ms_cv,POSIX_WRITE_LATENCY_ms_cv,POSIX_OPEN_LATENCY_ms_cv,POSIX_CLOSE_LATENCY_ms_cv,POSIX_READ_DENSITY_cv,POSIX_WRITE_DENSITY_cv,POSIX_MEAN_READ_SIZE_cv,POSIX_MEAN_WRITE_SIZE_cv,POSIX_SEQ_READ_RATIO_cv,POSIX_SEQ_WRITE_RATIO_cv,POSIX_SEEK_RATE_cv
large_contiguous_mixed_freq_10gb,1.0,0.0,1,1,5,1280.0,0.0,1280,1280,5,1280.0,0.0,1280,1280,5,2560.0,0.0,2560,2560,5,-1.0,0.0,-1,-1,5,1.0,0.0,1,1,5,5368709120.0,0.0,5368709120,5368709120,5,5368709120.0,0.0,5368709120,5368709120,5,1279.0,0.0,1279,1279,5,1279.0,0.0,1279,1279,5,1279.0,0.0,1279,1279,5,1279.0,0.0,1279,1279,5,2.0,0.0,2,2,5,8.0,0.0,8,8,5,0.0,0.0,0,0,5,524288.0,0.0,524288,524288,5,4194304.0,0.0,4194304,4194304,5,4194304.0,0.0,4194304,4194304,5,0.0,0.0,0,0,5,1280.0,0.0,1280,1280,5,0.0,0.0,0,0,5,1280.0,0.0,1280,1280,5,0.0,0.0,0,0,5,0.0,0.0,0,0,5,0.0,0.0,0,0,5,0.0,0.0,0,0,5,0.0,0.0,0,0,5,0.0,0.0,0,0,5,0.0,0.0,0,0,5,0.0,0.0,0,0,5,18.44314851760864,0.01576719645663382,18.428064584732056,18.46551632881165,5,24.27337908744812,0.7904646980514737,22.92583036422729,24.93679451942444,5,0.006906414031982359,0.0035346216795440494,0.0037522315979003,0.0129644870758056,5,0.020331001281738238,0.006223263579289369,0.0148203372955322,0.0300514698028564,5,0.05762186050415034,0.00164162040177442,0.0553092956542968,0.0598559379577636,5,0.00154953002929688,0.0006430412376552131,0.0006558895111084002,0.0022730827331542995,5,18.447990465164185,0.015926720372268145,18.432565450668335,18.47015929222107,5,37.39872546195984,0.13391459024364868,37.169713258743286,37.514630556106574,5,0.0032561302185058595,0.0029296109627170346,0.0012454986572265625,0.008440017700195312,5,277.53716925410765,0.239544684125077,277.20388974427254,277.76925646637847,5,136.9044707566366,0.49207180484297586,136.4800858785633,137.74655629864571,5,183.35976998914393,0.4105444363708646,182.98224457997773,184.04068037036723,5,14.41249255090952,0.012442750290835426,14.400441758334637,14.42981194704771,5,29.217754267156124,0.10462077362784901,29.038838483393192,29.308305121958263,5,1.5495300292968799,0.643041237655213,0.6558895111084002,2.2730827331542995,5,3.2561302185058594,2.929610962717035,1.2454986572265625,8.440017700195312,5,291018814.7877952,251180.80670113675,290669345.8924903,291262175.86848927,5,143554742.328111,515974.68483502825,143109742.5302004,144437733.01740873,5,4194304.0,0.0,4194304.0,4194304.0,5,4194304.0,0.0,4194304.0,4194304.0,5,0.99921875,0.0,0.99921875,0.99921875,5,0.99921875,0.0,0.99921875,0.99921875,5,1.0,0.0,1.0,1.0,5,0.0,0.0,0.0,0.0,-0.0,0.0,0.0,0.0,0.0,0.0,0.0,0.0,0.0,0.0,,0.0,0.0,0.0,,0.0,,0.0,,,,,,,,,0.0008549080674365362,0.03256508684694117,0.5117882685827773,0.30609724986241793,0.02848954177132442,0.41499114279637533,0.0008633309087156663,0.0035807260431872222,0.8997216837542035,0.0008631084793754402,0.0035942712617303045,0.002239010424125049,0.0008633309087157315,0.00358072604318717,0.4149911427963753,0.8997216837542037,0.0008631084793754402,0.0035942712617303045,0.0,0.0,0.0,0.0,0.0
large_contiguous_mixed_freq_1gb,1.0,0.0,1,1,5,128.0,0.0,128,128,5,128.0,0.0,128,128,5,256.0,0.0,256,256,5,-1.0,0.0,-1,-1,5,1.0,0.0,1,1,5,536870912.0,0.0,536870912,536870912,5,536870912.0,0.0,536870912,536870912,5,127.0,0.0,127,127,5,127.0,0.0,127,127,5,127.0,0.0,127,127,5,127.0,0.0,127,127,5,2.0,0.0,2,2,5,8.0,0.0,8,8,5,0.0,0.0,0,0,5,524288.0,0.0,524288,524288,5,4194304.0,0.0,4194304,4194304,5,4194304.0,0.0,4194304,4194304,5,0.0,0.0,0,0,5,128.0,0.0,128,128,5,0.0,0.0,0,0,5,128.0,0.0,128,128,5,0.0,0.0,0,0,5,0.0,0.0,0,0,5,0.0,0.0,0,0,5,0.0,0.0,0,0,5,0.0,0.0,0,0,5,0.0,0.0,0,0,5,0.0,0.0,0,0,5,0.0,0.0,0,0,5,1.8525585651397705,0.004087488106905971,1.848069429397583,1.8592369556427,5,3.008528232574463,0.22598854990727044,2.7203195095062256,3.201625108718872,5,0.00308361053466794,0.0006349225665860188,0.0022130012512207,0.0039718151092529,5,0.01938304901123042,0.0026826104425337074,0.0148189067840576,0.0213274955749511,5,0.02268095016479484,0.017398057751897254,0.0147228240966796,0.0538015365600585,5,0.0010249137878417796,0.0003371216114297576,0.0006337165832518976,0.001533031463623,5,1.853001356124878,0.004090891310051191,1.8485126495361328,1.8596901893615718,5,3.7265718936920167,0.02181852419248785,3.7129812240600586,3.76314926147461,5,0.0018589973449708807,0.00031982159063179724,0.0013628005981454194,0.002235889434814453,5,276.30956199025843,0.6089999305689789,275.31467495441734,276.97944081068727,5,137.39543316740236,0.7997580015509721,136.05625618989401,137.89458365214676,5,183.5286463274729,0.687504365943862,182.47713711882594,184.01033139120625,5,14.476573094725609,0.0319600883597749,14.441505074501038,14.52882960438728,5,29.11384291946888,0.17045722025381133,29.007665812969208,29.39960360527039,5,1.0249137878417796,0.33712161142975766,0.6337165832518976,1.533031463623,5,1.8589973449708808,0.31982159063179727,1.3628005981454194,2.235889434814453,5,289731575.2734972,638582.7111962977,288688360.6050031,290433994.1275072,5,144069553.7289421,838607.0462343121,142665324.8905743,144592950.94763345,5,4194304.0,0.0,4194304.0,4194304.0,5,4194304.0,0.0,4194304.0,4194304.0,5,0.9921875,0.0,0.9921875,0.9921875,5,0.9921875,0.0,0.9921875,0.9921875,5,1.0,0.0,1.0,1.0,5,0.0,0.0,0.0,0.0,-0.0,0.0,0.0,0.0,0.0,0.0,0.0,0.0,0.0,0.0,,0.0,0.0,0.0,,0.0,,0.0,,,,,,,,,0.0022064015593469682,0.07511598111674928,0.20590232114198906,0.1383998173341779,0.7670779938885611,0.32892679894535726,0.002207710909940368,0.005854851272135701,0.17203983184645533,0.0022040494226198723,0.005820848503578342,0.003746033001938769,0.0022077109099403664,0.005854851272135701,0.32892679894535737,0.17203983184645535,0.0022040494226198723,0.005820848503578342,0.0,0.0,0.0,0.0,0.0
large_contiguous_read_heavy_freq_10gb,1.0,0.0,1,1,5,2560.0,0.0,2560,2560,5,0.0,0.0,0,0,5,2560.0,0.0,2560,2560,5,-1.0,0.0,-1,-1,5,1.0,0.0,1,1,5,10737418240.0,0.0,10737418240,10737418240,5,0.0,0.0,0,0,5,2559.0,0.0,2559,2559,5,0.0,0.0,0,0,5,2559.0,0.0,2559,2559,5,0.0,0.0,0,0,5,0.0,0.0,0,0,5,8.0,0.0,8,8,5,0.0,0.0,0,0,5,524288.0,0.0,524288,524288,5,4194304.0,0.0,4194304,4194304,5,0.0,0.0,0,0,5,0.0,0.0,0,0,5,2560.0,0.0,2560,2560,5,0.0,0.0,0,0,5,0.0,0.0,0,0,5,0.0,0.0,0,0,5,0.0,0.0,0,0,5,0.0,0.0,0,0,5,0.0,0.0,0,0,5,0.0,0.0,0,0,5,0.0,0.0,0,0,5,0.0,0.0,0,0,5,0.0,0.0,0,0,5,53.36266150474548,12.566052362533481,36.90309739112854,69.32844376564026,5,0.00843477249145502,0.01662739931249088,0.0003495216369628,0.0381584167480468,5,0.0052516937255859,0.0015978112378998697,0.0042762756347656,0.0080840587615966,5,0.60941481590271,0.6002812710268195,0.0195293426513671,1.4914803504943848,5,0.0,0.0,0.0,0.0,5,0.0009003162384033399,0.00032888058039841133,0.0005207061767577999,0.0014100074768066996,5,53.37351779937744,12.566804427826453,36.913066148757935,69.34016227722168,5,0.0,0.0,0.0,0.0,5,0.0020385265350327587,0.0012677163847443736,0.0012190341949391836,0.004262447357177734,5,201.12280812872615,50.202133540544104,147.67776226223012,277.408545763532,5,,,,,0,201.12280812872615,50.202133540544104,147.67776226223012,277.408545763532,5,20.849030390381813,4.908907979619708,14.419166464358568,27.08600088953972,5,,,,,0,0.9003162384033399,0.32888058039841134,0.5207061767578,1.4100074768066997,5,2.0385265350327586,1.2677163847443735,1.2190341949391836,4.262447357177734,5,210892549.65638715,52640752.379409574,154851357.2418802,290883943.28254133,5,,,,,0,4194304.0,0.0,4194304.0,4194304.0,5,,,,,0,0.999609375,0.0,0.999609375,0.999609375,5,,,,,0,1.0,0.0,1.0,1.0,5,0.0,0.0,,0.0,-0.0,0.0,0.0,,0.0,,0.0,,,0.0,,0.0,0.0,,,0.0,,,,,,,,,,,0.23548398839544382,1.9712919737118617,0.30424684328323265,0.9850125979258296,,0.36529451138375835,0.23545018102541174,,0.6218787751634549,0.24960935066306777,,0.24960935066306777,0.2354501810254117,,0.36529451138375835,0.6218787751634548,0.24960935066306777,,0.0,,0.0,,0.0
large_contiguous_read_heavy_freq_1gb,1.0,0.0,1,1,5,256.0,0.0,256,256,5,0.0,0.0,0,0,5,256.0,0.0,256,256,5,-1.0,0.0,-1,-1,5,1.0,0.0,1,1,5,1073741824.0,0.0,1073741824,1073741824,5,0.0,0.0,0,0,5,255.0,0.0,255,255,5,0.0,0.0,0,0,5,255.0,0.0,255,255,5,0.0,0.0,0,0,5,0.0,0.0,0,0,5,8.0,0.0,8,8,5,0.0,0.0,0,0,5,524288.0,0.0,524288,524288,5,4194304.0,0.0,4194304,4194304,5,0.0,0.0,0,0,5,0.0,0.0,0,0,5,256.0,0.0,256,256,5,0.0,0.0,0,0,5,0.0,0.0,0,0,5,0.0,0.0,0,0,5,0.0,0.0,0,0,5,0.0,0.0,0,0,5,0.0,0.0,0,0,5,0.0,0.0,0,0,5,0.0,0.0,0,0,5,0.0,0.0,0,0,5,0.0,0.0,0,0,5,3.71388578414917,0.003553273135350458,3.7083373069763184,3.717435836791992,5,0.001156997680664,8.812742151285876e-05,0.0010294914245605,0.0012624263763427,5,0.0046888351440429405,0.003687338883208711,0.0024325847625732,0.0112471580505371,5,0.027065324783325163,0.003812110181565822,0.0238716602325439,0.0334475040435791,5,0.0,0.0,0.0,0.0,5,0.0022221088409424003,0.002712187800063623,0.0004289150238038003,0.007027626037597701,5,3.71491379737854,0.0034018629508610248,3.7096965312957764,3.718394756317138,5,0.0,0.0,0.0,0.0,5,0.0022346973419192116,0.000991661160293398,0.0017135143280029297,0.00400543212890625,5,275.6458812140363,0.2525501345846662,275.38765169038015,276.0333605084194,5,,,,,0,275.6458812140363,0.2525501345846662,275.38765169038015,276.0333605084194,5,14.511382021009922,0.013288527151800697,14.491002075374126,14.52497951686382,5,,,,,0,2.2221088409424006,2.7121878000636235,0.42891502380380025,7.0276260375977015,5,2.2346973419192118,0.9916611602933979,1.7135143280029297,4.00543212890625,5,289035655.53988934,264818.00992225093,288764882.25889206,289441957.02847636,5,,,,,0,4194304.0,0.0,4194304.0,4194304.0,5,,,,,0,0.99609375,0.0,0.99609375,0.99609375,5,,,,,0,1.0,0.0,1.0,1.0,5,0.0,0.0,,0.0,-0.0,0.0,0.0,,0.0,,0.0,,,0.0,,0.0,0.0,,,0.0,,,,,,,,,,,0.000956753476511258,0.07616905633059048,0.7864083018344955,0.14084849201271907,,1.2205467842490467,0.0009157313295564429,,0.44375636095836385,0.0009162122556388336,,0.0009162122556388336,0.0009157313295564305,,1.2205467842490467,0.4437563609583638,0.0009162122556388336,,0.0,,0.0,,0.0
large_contiguous_read_heavy_seldom_10gb,1.0,0.0,1,1,5,2560.0,0.0,2560,2560,5,0.0,0.0,0,0,5,2560.0,0.0,2560,2560,5,-1.0,0.0,-1,-1,5,1.0,0.0,1,1,5,10737418240.0,0.0,10737418240,10737418240,5,0.0,0.0,0,0,5,2559.0,0.0,2559,2559,5,0.0,0.0,0,0,5,2559.0,0.0,2559,2559,5,0.0,0.0,0,0,5,0.0,0.0,0,0,5,8.0,0.0,8,8,5,0.0,0.0,0,0,5,524288.0,0.0,524288,524288,5,4194304.0,0.0,4194304,4194304,5,0.0,0.0,0,0,5,0.0,0.0,0,0,5,2560.0,0.0,2560,2560,5,0.0,0.0,0,0,5,0.0,0.0,0,0,5,0.0,0.0,0,0,5,0.0,0.0,0,0,5,0.0,0.0,0,0,5,0.0,0.0,0,0,5,0.0,0.0,0,0,5,0.0,0.0,0,0,5,0.0,0.0,0,0,5,0.0,0.0,0,0,5,36.89163618087768,0.01770851545194096,36.87481617927551,36.91495871543884,5,0.00041618347167962004,0.00010000183021512568,0.0003004074096679,0.0005660057067871,5,0.0070701599121093,0.004654167966943633,0.0043191909790039,0.0153644084930419,5,0.01645984649658198,0.002745248698370993,0.0149602890014648,0.0213527679443359,5,0.0,0.0,0.0,0.0,5,0.0011104583740234398,0.00044061974344584986,0.0004785060882568999,0.0015170574188231997,5,36.90118803977966,0.01775150642387073,36.88465166091919,36.92424750328064,5,0.0,0.0,0.0,0.0,5,0.0038711071014404298,0.004400734258689379,0.0017209053039550781,0.011734485626227809,5,277.4978920558768,0.13346729400469903,277.3245412540959,277.6222504183143,5,,,,,0,277.4978920558768,0.13346729400469903,277.3245412540959,277.6222504183143,5,14.414526578038931,0.00693418219682448,14.408067055046558,14.423534180969,5,,,,,0,1.1104583740234397,0.4406197434458499,0.4785060882568999,1.5170574188231998,5,3.8711071014404297,4.400734258689379,1.7209053039550781,11.734485626227809,5,290977629.66038305,139950.6012782713,290795858.17005485,291108028.85463434,5,,,,,0,4194304.0,0.0,4194304.0,4194304.0,5,,,,,0,0.999609375,0.0,0.999609375,0.999609375,5,,,,,0,1.0,0.0,1.0,1.0,5,0.0,0.0,,0.0,-0.0,0.0,0.0,,0.0,,0.0,,,0.0,,0.0,0.0,,,0.0,,,,,,,,,,,0.0004800143687072342,0.24028304106249457,0.6582832672528782,0.16678458690007017,,0.396790869206007,0.00048105514664553673,,1.1368154234358114,0.0004809668751567459,,0.0004809668751567459,0.000481055146645535,,0.39679086920600704,1.1368154234358117,0.0004809668751567459,,0.0,,0.0,,0.0
large_contiguous_read_heavy_seldom_1gb,1.0,0.0,1,1,5,256.0,0.0,256,256,5,0.0,0.0,0,0,5,256.0,0.0,256,256,5,-1.0,0.0,-1,-1,5,1.0,0.0,1,1,5,1073741824.0,0.0,1073741824,1073741824,5,0.0,0.0,0,0,5,255.0,0.0,255,255,5,0.0,0.0,0,0,5,255.0,0.0,255,255,5,0.0,0.0,0,0,5,0.0,0.0,0,0,5,8.0,0.0,8,8,5,0.0,0.0,0,0,5,524288.0,0.0,524288,524288,5,4194304.0,0.0,4194304,4194304,5,0.0,0.0,0,0,5,0.0,0.0,0,0,5,256.0,0.0,256,256,5,0.0,0.0,0,0,5,0.0,0.0,0,0,5,0.0,0.0,0,0,5,0.0,0.0,0,0,5,0.0,0.0,0,0,5,0.0,0.0,0,0,5,0.0,0.0,0,0,5,0.0,0.0,0,0,5,0.0,0.0,0,0,5,0.0,0.0,0,0,5,3.691727638244629,0.003697408665392288,3.687995433807373,3.696993827819824,5,0.0010927677154540598,0.00014255154309887106,0.0009195804595947,0.0013141632080078,5,0.00326509475708004,0.00034072314806089137,0.0027217864990234,0.003519058227539,5,0.015335416793823182,0.000669114735772403,0.0149328708648681,0.0165193080902099,5,0.0,0.0,0.0,0.0,5,0.0012441635131836,0.0003525111050793582,0.0007090568542480998,0.0016002655029297005,5,3.6926530838012694,0.0037092253537410434,3.6889426708221436,3.6979243755340576,5,0.0,0.0,0.0,0.0,5,0.0018160343170166016,7.225341813068702e-05,0.0017180442810063035,0.0019183158874511719,5,277.3076168000865,0.2784741357564812,276.912098791126,277.58631439284045,5,,,,,0,277.3076168000865,0.2784741357564812,276.912098791126,277.58631439284045,5,14.424426108598709,0.014489161538051007,14.409932307898998,14.445017091929913,5,,,,,0,1.2441635131836002,0.3525111050793582,0.7090568542480998,1.6002655029297006,5,1.8160343170166016,0.072253418130687,1.7180442810063035,1.9183158874511719,5,290778111.5937675,292001.29537498805,290363380.90200377,291070347.20078707,5,,,,,0,4194304.0,0.0,4194304.0,4194304.0,5,,,,,0,0.99609375,0.0,0.99609375,0.99609375,5,,,,,0,1.0,0.0,1.0,1.0,5,0.0,0.0,,0.0,-0.0,0.0,0.0,,0.0,,0.0,,,0.0,,0.0,0.0,,,0.0,,,,,,,,,,,0.0010015388532698907,0.1304499950747895,0.10435321894473856,0.04363198892917667,,0.2833318139810603,0.0010044879032943745,,0.03978637267680361,0.0010042065882281035,,0.0010042065882281035,0.0010044879032943784,,0.2833318139810602,0.0397863726768036,0.0010042065882281035,,0.0,,0.0,,0.0
large_contiguous_write_heavy_freq_10gb,1.0,0.0,1,1,5,0.0,0.0,0,0,5,2560.0,0.0,2560,2560,5,2560.0,0.0,2560,2560,5,-1.0,0.0,-1,-1,5,1.0,0.0,1,1,5,0.0,0.0,0,0,5,10737418240.0,0.0,10737418240,10737418240,5,0.0,0.0,0,0,5,2559.0,0.0,2559,2559,5,0.0,0.0,0,0,5,2559.0,0.0,2559,2559,5,0.0,0.0,0,0,5,8.0,0.0,8,8,5,0.0,0.0,0,0,5,524288.0,0.0,524288,524288,5,0.0,0.0,0,0,5,4194304.0,0.0,4194304,4194304,5,0.0,0.0,0,0,5,0.0,0.0,0,0,5,0.0,0.0,0,0,5,2560.0,0.0,2560,2560,5,0.0,0.0,0,0,5,0.0,0.0,0,0,5,0.0,0.0,0,0,5,0.0,0.0,0,0,5,0.0,0.0,0,0,5,0.0,0.0,0,0,5,0.0,0.0,0,0,5,0.0,0.0,0,0,5,0.0,0.0,0.0,0.0,5,44.741564226150516,2.33179916682,41.57212376594544,47.20295453071594,5,0.00693578720092768,0.002021735493987692,0.0047366619110107,0.0100188255310058,5,0.0,0.0,0.0,0.0,5,0.03949346542358394,0.021168068248814387,0.0150299072265625,0.0597789287567138,5,0.0016785621643066399,0.0004928839112688828,0.0010311603546142001,0.0021231174468994,5,0.0,0.0,0.0,0.0,5,38.240702629089355,0.8183334900469814,37.48014163970947,39.508551836013794,5,0.0031262874603271485,0.0023566561522052514,0.001201391220085668,0.00693058967590332,5,,,,,0,267.87434417152355,5.657164662259515,259.1843923437808,273.2113474499499,5,267.87434417152355,5.657164662259515,259.1843923437808,273.2113474499499,5,,,,,0,14.93777446448803,0.3196615195496031,14.640680328011513,15.433028060942888,5,1.67856216430664,0.4928839112688828,1.0311603546142,2.1231174468994003,5,3.1262874603271484,2.356656152205251,1.201391220085668,6.93058967590332,5,,,,,0,280886608.3139995,5931967.092893433,271774533.3862723,286482861.8636787,5,,,,,0,4194304.0,0.0,4194304.0,4194304.0,5,,,,,0,0.999609375,0.0,0.999609375,0.999609375,5,1.0,0.0,1.0,1.0,5,0.0,,0.0,0.0,-0.0,0.0,,0.0,,0.0,,0.0,,0.0,,0.0,,0.0,,,,0.0,,,,,,,,,,0.05211706848320497,0.29149329923462464,,0.5359891319178502,0.2936345890248737,,0.021399541163882343,0.7538194046809248,,0.02111872519839808,0.02111872519839808,,0.02139954116388241,0.2936345890248737,0.7538194046809248,,0.02111872519839808,,0.0,,0.0,0.0
large_contiguous_write_heavy_freq_1gb,1.0,0.0,1,1,5,0.0,0.0,0,0,5,256.0,0.0,256,256,5,256.0,0.0,256,256,5,-1.0,0.0,-1,-1,5,1.0,0.0,1,1,5,0.0,0.0,0,0,5,1073741824.0,0.0,1073741824,1073741824,5,0.0,0.0,0,0,5,255.0,0.0,255,255,5,0.0,0.0,0,0,5,255.0,0.0,255,255,5,0.0,0.0,0,0,5,8.0,0.0,8,8,5,0.0,0.0,0,0,5,524288.0,0.0,524288,524288,5,0.0,0.0,0,0,5,4194304.0,0.0,4194304,4194304,5,0.0,0.0,0,0,5,0.0,0.0,0,0,5,0.0,0.0,0,0,5,256.0,0.0,256,256,5,0.0,0.0,0,0,5,0.0,0.0,0,0,5,0.0,0.0,0,0,5,0.0,0.0,0,0,5,0.0,0.0,0,0,5,0.0,0.0,0,0,5,0.0,0.0,0,0,5,0.0,0.0,0,0,5,0.0,0.0,0.0,0.0,5,6.115348291397095,0.39887365979151257,5.419229745864868,6.407763957977295,5,0.0027161121368407598,0.00036324400309378644,0.0022375583648681,0.0030345916748046,5,0.0,0.0,0.0,0.0,5,0.0316083431243896,0.0222150780123987,0.0149018764495849,0.0576443672180175,5,0.0009439945220947202,0.00045424829535279027,0.0004925727844237999,0.0016510486602783004,5,0.0,0.0,0.0,0.0,5,3.7937390327453615,0.070994891545879,3.7475805282592773,3.9152138233184814,5,0.0015583992004392754,0.00031531141474566276,0.0011799335479736328,0.0019190311431884766,5,,,,,0,269.99254063480976,4.951976759026823,261.54382524428047,273.2429609659756,5,269.99254063480976,4.951976759026823,261.54382524428047,273.2429609659756,5,,,,,0,14.819293096661568,0.2773237951010898,14.638986438512802,15.293803997337818,5,0.9439945220947201,0.45424829535279027,0.4925727844237999,1.6510486602783003,5,1.5583992004392755,0.31531141474566277,1.1799335479736328,1.9190311431884766,5,,,,,0,283107698.2886863,5192523.98207331,274248578.09934664,286516011.03785884,5,,,,,0,4194304.0,0.0,4194304.0,4194304.0,5,,,,,0,0.99609375,0.0,0.99609375,0.99609375,5,1.0,0.0,1.0,1.0,5,0.0,,0.0,0.0,-0.0,0.0,,0.0,,0.0,,0.0,,0.0,,0.0,,0.0,,,,0.0,,,,,,,,,,0.06522501103537098,0.1337367475248253,,0.7028232364149807,0.48119802045547366,,0.01871369931697783,0.20233032374296908,,0.018341161379435426,0.018341161379435426,,0.018713699316977826,0.4811980204554737,0.20233032374296908,,0.018341161379435426,,0.0,,0.0,0.0
large_contiguous_write_heavy_seldom_10gb,1.0,0.0,1,1,5,0.0,0.0,0,0,5,2560.0,0.0,2560,2560,5,2560.0,0.0,2560,2560,5,-1.0,0.0,-1,-1,5,1.0,0.0,1,1,5,0.0,0.0,0,0,5,10737418240.0,0.0,10737418240,10737418240,5,0.0,0.0,0,0,5,2559.0,0.0,2559,2559,5,0.0,0.0,0,0,5,2559.0,0.0,2559,2559,5,0.0,0.0,0,0,5,8.0,0.0,8,8,5,0.0,0.0,0,0,5,524288.0,0.0,524288,524288,5,0.0,0.0,0,0,5,4194304.0,0.0,4194304,4194304,5,0.0,0.0,0,0,5,0.0,0.0,0,0,5,0.0,0.0,0,0,5,2560.0,0.0,2560,2560,5,0.0,0.0,0,0,5,0.0,0.0,0,0,5,0.0,0.0,0,0,5,0.0,0.0,0,0,5,0.0,0.0,0,0,5,0.0,0.0,0,0,5,0.0,0.0,0,0,5,0.0,0.0,0,0,5,0.0,0.0,0.0,0.0,5,44.82537431716919,2.1756143670730688,42.66270160675049,47.454983949661255,5,0.00660700798034662,0.0011976294384315395,0.0058124065399169,0.0086734294891357,5,0.0,0.0,0.0,0.0,5,0.15412178039550778,0.21438055489740218,0.0562713146209716,0.537604570388794,5,0.00178771018981932,0.000693443878126564,0.0006823539733886996,0.0023307800292967995,5,0.0,0.0,0.0,0.0,5,37.99447431564331,0.530881667228774,37.58959650993347,38.91740322113037,5,0.0026631355285701374,0.0010509794529639824,0.0018329620361328125,0.00425481796265359,5,,,,,0,269.55430634831964,3.706586058755357,263.1213583757343,272.41579986882715,5,269.55430634831964,3.706586058755357,263.1213583757343,272.41579986882715,5,,,,,0,14.841591529548168,0.20737565126123986,14.683436136692762,15.202110633254051,5,1.78771018981932,0.6934438781265642,0.6823539733886996,2.3307800292967995,5,2.6631355285701375,1.0509794529639824,1.8329620361328125,4.25481796265359,5,,,,,0,282648176.3334956,3886637.1831454574,275902741.480194,285648669.7632553,5,,,,,0,4194304.0,0.0,4194304.0,4194304.0,5,,,,,0,0.999609375,0.0,0.999609375,0.999609375,5,1.0,0.0,1.0,1.0,5,0.0,,0.0,0.0,-0.0,0.0,,0.0,,0.0,,0.0,,0.0,,0.0,,0.0,,,,0.0,,,,,,,,,,0.04853533071869422,0.1812665342608999,,1.3909815624193942,0.3878950190448089,,0.013972601984657444,0.39463986781336025,,0.013750795188431102,0.013750795188431102,,0.013972601984657445,0.38789501904480894,0.3946398678133603,,0.013750795188431102,,0.0,,0.0,0.0
large_contiguous_write_heavy_seldom_1gb,1.0,0.0,1,1,5,0.0,0.0,0,0,5,256.0,0.0,256,256,5,256.0,0.0,256,256,5,-1.0,0.0,-1,-1,5,1.0,0.0,1,1,5,0.0,0.0,0,0,5,1073741824.0,0.0,1073741824,1073741824,5,0.0,0.0,0,0,5,255.0,0.0,255,255,5,0.0,0.0,0,0,5,255.0,0.0,255,255,5,0.0,0.0,0,0,5,8.0,0.0,8,8,5,0.0,0.0,0,0,5,524288.0,0.0,524288,524288,5,0.0,0.0,0,0,5,4194304.0,0.0,4194304,4194304,5,0.0,0.0,0,0,5,0.0,0.0,0,0,5,0.0,0.0,0,0,5,256.0,0.0,256,256,5,0.0,0.0,0,0,5,0.0,0.0,0,0,5,0.0,0.0,0,0,5,0.0,0.0,0,0,5,0.0,0.0,0,0,5,0.0,0.0,0,0,5,0.0,0.0,0,0,5,0.0,0.0,0,0,5,0.0,0.0,0.0,0.0,5,5.771874618530274,0.577997208275817,5.312760829925537,6.426294565200806,5,0.00728783607482904,0.0048548186113250725,0.0032675266265869,0.0130507946014404,5,0.0,0.0,0.0,0.0,5,0.040551853179931596,0.021561360107011276,0.0149025917053222,0.056687593460083,5,0.0018980979919433199,0.0002432333677535878,0.0016951560974120998,0.002298355102539,5,0.0,0.0,0.0,0.0,5,3.781673049926758,0.03960754252746394,3.7325162887573247,3.826614856719971,5,0.005203628540038885,0.004753249564167363,0.0013077259063720703,0.010567188262939453,5,,,,,0,270.80342281667316,2.8406089060830384,267.59944189359413,274.3457551905079,5,270.80342281667316,2.8406089060830384,267.59944189359413,274.3457551905079,5,,,,,0,14.772160351276398,0.1547169629979061,14.5801417529583,14.947714284062387,5,1.8980979919433199,0.2432333677535878,1.6951560974120998,2.298355102539,5,5.203628540038885,4.753249564167363,1.3077259063720703,10.567188262939453,5,,,,,0,283957969.8834159,2978594.324304928,280598352.38301736,287672374.594642,5,,,,,0,4194304.0,0.0,4194304.0,4194304.0,5,,,,,0,0.99609375,0.0,0.99609375,0.99609375,5,1.0,0.0,1.0,1.0,5,0.0,,0.0,0.0,-0.0,0.0,,0.0,,0.0,,0.0,,0.0,,0.0,,0.0,,,,0.0,,,,,,,,,,0.10014029175550522,0.6661536513002535,,0.5316985147717397,0.12814584325257067,,0.010473550199753797,0.9134490534045391,,0.010489560569572476,0.010489560569572476,,0.010473550199753802,0.12814584325257067,0.9134490534045391,,0.010489560569572476,,0.0,,0.0,0.0
large_random_read_heavy_freq_10gb,1.0,0.0,1,1,5,2560.0,0.0,2560,2560,5,0.0,0.0,0,0,5,2560.0,0.0,2560,2560,5,-1.0,0.0,-1,-1,5,1.0,0.0,1,1,5,10737418240.0,0.0,10737418240,10737418240,5,0.0,0.0,0,0,5,4.4,1.51657508881031,2,6,5,0.0,0.0,0,0,5,1289.6,14.842506526863984,1273,1308,5,0.0,0.0,0,0,5,0.0,0.0,0,0,5,8.0,0.0,8,8,5,0.0,0.0,0,0,5,524288.0,0.0,524288,524288,5,4194304.0,0.0,4194304,4194304,5,0.0,0.0,0,0,5,0.0,0.0,0,0,5,2560.0,0.0,2560,2560,5,0.0,0.0,0,0,5,0.0,0.0,0,0,5,1097229926.4,923250059.2866917,16777216,2231369728,5,1929379840.0,1223874621.2605913,285212672,3439329280,5,3539992576.0,1961105133.4097435,989855744,5855248384,5,3435973836.8,1710346453.3423731,1660944384,5402263552,5,7.8,1.3038404810405297,6,9,5,6.6,0.5477225575051663,6,7,5,6.0,1.0,5,7,5,5.8,0.8366600265340757,5,7,5,49.03217420578003,8.995715173076645,42.01581764221192,64.56027793884277,5,0.056953668594360296,0.09714327786976791,0.0003302097320556,0.2270381450653076,5,0.00456709861755366,0.0011475243414771727,0.0029878616333007,0.0059869289398193,5,0.4739977836608887,0.7667795934129801,0.0656666755676269,1.8347320556640625,5,0.0,0.0,0.0,0.0,5,0.0007805824279785199,0.00031502064699534776,0.0004007816314696999,0.0010490417480469002,5,49.044003343582155,8.996141455746473,42.02766084671021,64.572749376297,5,0.0,0.0,0.0,0.0,5,0.0015661239624023438,0.000805148814975109,0.0005910396575927734,0.0026535987854003906,5,213.60418429126793,32.96926163835387,158.58082703473738,243.64905858903052,5,,,,,0,213.60418429126793,32.96926163835387,158.58082703473738,243.64905858903052,5,19.15781380608678,3.5141177561509656,16.417055018246177,25.223730225116014,5,,,,,0,0.7805824279785198,0.31502064699534776,0.4007816314696999,1.0490417480469,5,1.5661239624023438,0.805148814975109,0.5910396575927734,2.6535987854003906,5,223980221.14740056,34570776.49169855,166284049.2887768,255484555.25905126,5,,,,,0,4194304.0,0.0,4194304.0,4194304.0,5,,,,,0,0.5037499999999999,0.00579785411205626,0.497265625,0.5109375,5,,,,,0,1.0,0.0,1.0,1.0,5,0.0,0.0,,0.0,-0.0,0.0,0.0,,0.3446761565477977,,0.011509387815496265,,,0.0,,0.0,0.0,,,0.0,,,0.8414371838324401,0.6343357569552459,0.553985662768165,0.4977763320035223,0.16715903603083715,0.08298826628866156,0.16666666666666666,0.14425172871277167,0.1834655574383281,1.7056544427655587,0.2512589364868669,1.6176860311261618,,0.4035712766570458,0.18342999841842436,,0.5141028643352453,0.15434745226431243,,0.15434745226431243,0.18342999841842433,,0.4035712766570458,0.5141028643352453,0.15434745226431243,,0.0,,0.0115093878154963,,0.0
large_random_read_heavy_freq_1gb,1.0,0.0,1,1,5,256.0,0.0,256,256,5,0.0,0.0,0,0,5,256.0,0.0,256,256,5,-1.0,0.0,-1,-1,5,1.0,0.0,1,1,5,1073741824.0,0.0,1073741824,1073741824,5,0.0,0.0,0,0,5,3.8,0.447213595499958,3,4,5,0.0,0.0,0,0,5,129.6,0.5477225575051635,129,130,5,0.0,0.0,0,0,5,0.0,0.0,0,0,5,8.0,0.0,8,8,5,0.0,0.0,0,0,5,524288.0,0.0,524288,524288,5,4194304.0,0.0,4194304,4194304,5,0.0,0.0,0,0,5,0.0,0.0,0,0,5,256.0,0.0,256,256,5,0.0,0.0,0,0,5,0.0,0.0,0,0,5,234881024.0,0.0,234881024,234881024,5,184549376.0,0.0,184549376,184549376,5,134217728.0,0.0,134217728,134217728,5,83886080.0,0.0,83886080,83886080,5,4.0,0.0,4,4,5,4.0,0.0,4,4,5,4.0,0.0,4,4,5,4.0,0.0,4,4,5,10.091184520721436,6.6514149746369275,3.712570190429688,20.47165298461914,5,0.02896299362182612,0.03181360925289664,0.0012037754058837,0.0686891078948974,5,0.00742988586425776,0.004462116878520521,0.0039958953857421,0.0145490169525146,5,0.1086720466613769,0.0584771304298609,0.0151269435882568,0.1706945896148681,5,0.0,0.0,0.0,0.0,5,0.003462457656860339,0.001864754901827915,0.0005233287811278998,0.0048902034759521,5,10.092564487457278,6.6518391208154295,3.713700294494629,20.47351408004761,5,0.0,0.0,0.0,0.0,5,0.0037045001983642576,0.00348815994185639,0.0008502006530761719,0.009497880935668945,5,145.67354940689793,94.0588463088847,50.015839781893405,275.73576723949094,5,,,,,0,145.67354940689793,94.0588463088847,50.015839781893405,275.73576723949094,5,39.42408002912999,25.983746565685266,14.506641775369644,79.97466437518598,5,,,,,0,3.4624576568603396,1.8647549018279148,0.5233287811278997,4.8902034759521,5,3.704500198364258,3.48815994185639,0.8502006530761719,9.497880935668945,5,152749787.7428874,98627848.82718508,52445409.21513866,289129907.86891645,5,,,,,0,4194304.0,0.0,4194304.0,4194304.0,5,,,,,0,0.50625,0.002139541240254545,0.50390625,0.5078125,5,,,,,0,1.0,0.0,1.0,1.0,5,0.0,0.0,,0.0,-0.0,0.0,0.0,,0.11768778828946264,,0.004226254301737373,,,0.0,,0.0,0.0,,,0.0,,,0.0,0.0,0.0,0.0,0.0,0.0,0.0,0.0,0.6591312408348873,1.0984226861453414,0.6005633141669107,0.5381064609197632,,0.5385639585030545,0.6590831427514906,,0.9416006897223561,0.6456823952724449,,0.6456823952724449,0.6590831427514905,,0.5385639585030544,0.941600689722356,0.6456823952724449,,0.0,,0.004226254301737373,,0.0
large_strided_mixed_freq_10gb,1.0,0.0,1,1,5,1280.0,0.0,1280,1280,5,1280.0,0.0,1280,1280,5,2560.0,0.0,2560,2560,5,-1.0,0.0,-1,-1,5,1.0,0.0,1,1,5,5368709120.0,0.0,5368709120,5368709120,5,5368709120.0,0.0,5368709120,5368709120,5,319.0,0.0,319,319,5,319.0,0.0,319,319,5,319.0,0.0,319,319,5,319.0,0.0,319,319,5,2.0,0.0,2,2,5,8.0,0.0,8,8,5,0.0,0.0,0,0,5,524288.0,0.0,524288,524288,5,4194304.0,0.0,4194304,4194304,5,4194304.0,0.0,4194304,4194304,5,0.0,0.0,0,0,5,1280.0,0.0,1280,1280,5,0.0,0.0,0,0,5,1280.0,0.0,1280,1280,5,0.0,0.0,0,0,5,0.0,0.0,0,0,5,0.0,0.0,0,0,5,0.0,0.0,0,0,5,0.0,0.0,0,0,5,0.0,0.0,0,0,5,0.0,0.0,0,0,5,0.0,0.0,0,0,5,18.61605911254883,0.016875028795833465,18.59920072555542,18.64186120033264,5,20.08001012802124,0.42356409033270576,19.50215244293213,20.65813946723938,5,0.00676031112670894,0.0025295790714647873,0.0052969455718994,0.0112361907958984,5,0.02132925987243648,0.007915010115226434,0.0153374671936035,0.0314860343933105,5,0.060740423202514604,0.004411196831677669,0.0570795536041259,0.0683059692382812,5,0.0016558647155761803,0.0006732971573615765,0.0005567073822020999,0.0023009777069091996,5,18.620696353912354,0.01696662180247815,18.603770732879635,18.646579265594482,5,37.824580669403076,0.4850362931714412,37.33434987068176,38.537827014923096,5,0.0030206680297851563,0.0032065510106095143,0.0011620521545410156,0.008718013763427734,5,274.96304657192843,0.25040070242331847,274.581194066362,275.21302393557755,5,135.37942590474916,1.7267949959959936,132.85647885692595,137.13912302570125,5,181.42585417539036,1.5915510657021317,179.12711231521035,183.05942154495716,5,14.547419026494026,0.0132551732831863,14.534195885062214,14.56764005124569,5,29.550453647971153,0.37893460404018864,29.167460836470127,30.10767735540867,5,1.65586471557618,0.6732971573615766,0.5567073822020998,2.3009777069091997,5,3.0206680297851562,3.2065510106095143,1.1620521545410156,8.718013763427734,5,288319651.5222064,262564.1669442336,287919250.1493296,288581771.78627217,5,141955616.89749825,1810675.789721495,139310115.17387998,143800793.06579772,5,4194304.0,0.0,4194304.0,4194304.0,5,4194304.0,0.0,4194304.0,4194304.0,5,0.24921875,0.0,0.24921875,0.24921875,5,0.24921875,0.0,0.24921875,0.24921875,5,1.0,0.0,1.0,1.0,5,0.0,0.0,0.0,0.0,-0.0,0.0,0.0,0.0,0.0,0.0,0.0,0.0,0.0,0.0,,0.0,0.0,0.0,,0.0,,0.0,,,,,,,,,0.0009064769666775629,0.021093818560461323,0.37418086594725103,0.37108695578578876,0.07262374213248894,0.4066136267220923,0.000911170102342243,0.012823309197021581,1.0615370437901377,0.0009106703811481642,0.012755224691312694,0.008772460093606762,0.0009111701023422598,0.012823309197021588,0.4066136267220924,1.0615370437901377,0.0009106703811481642,0.012755224691312694,0.0,0.0,0.0,0.0,0.0
large_strided_mixed_freq_1gb,1.0,0.0,1,1,5,128.0,0.0,128,128,5,128.0,0.0,128,128,5,256.0,0.0,256,256,5,-1.0,0.0,-1,-1,5,1.0,0.0,1,1,5,536870912.0,0.0,536870912,536870912,5,536870912.0,0.0,536870912,536870912,5,31.0,0.0,31,31,5,31.0,0.0,31,31,5,31.0,0.0,31,31,5,31.0,0.0,31,31,5,2.0,0.0,2,2,5,8.0,0.0,8,8,5,0.0,0.0,0,0,5,524288.0,0.0,524288,524288,5,4194304.0,0.0,4194304,4194304,5,4194304.0,0.0,4194304,4194304,5,0.0,0.0,0,0,5,128.0,0.0,128,128,5,0.0,0.0,0,0,5,128.0,0.0,128,128,5,0.0,0.0,0,0,5,0.0,0.0,0,0,5,0.0,0.0,0,0,5,0.0,0.0,0,0,5,0.0,0.0,0,0,5,0.0,0.0,0,0,5,0.0,0.0,0,0,5,0.0,0.0,0,0,5,1.861269474029541,0.0008831138261229156,1.8597652912139893,1.862079381942749,5,2.328564929962158,0.0779695984325789,2.242230176925659,2.4149129390716557,5,0.00409994125366206,0.0006000632266356261,0.0032026767730712,0.0046877861022949,5,0.014866876602172821,7.341500007845554e-05,0.0147769451141357,0.0149707794189453,5,0.03402781486511224,0.021814718752033377,0.0148742198944091,0.0592291355133056,5,0.00201725959777832,0.0006533948049156915,0.0008773803710937999,0.002475261688232401,5,1.8617464065551759,0.0008966530447951145,1.8602144718170166,1.8625664710998535,5,3.761177825927734,0.05103815365812233,3.725147485733032,3.8483102321624756,5,0.0018638134002685546,0.00030577522502744437,0.001329660415649414,0.002095937728881836,5,275.01065303755865,0.13251651868316494,274.889518277252,275.23708032434007,5,136.14733972222183,1.821117214620169,133.04540671407682,137.44422253371508,5,182.1236422870103,1.6445545672528978,179.329145892824,183.27467770721162,5,14.54489380121231,0.007005101912461649,14.532925561070442,14.551300555467606,5,29.384201765060425,0.39873557545408084,29.10271473228931,30.06492368876934,5,2.01725959777832,0.6533948049156915,0.8773803710937998,2.475261688232401,5,1.8638134002685547,0.3057752250274444,1.329660415649414,2.095937728881836,5,288369570.5195111,138953.64109471836,288242551.5170878,288606996.7381752,5,142760832.89656848,1909579.8044375584,139508220.3906198,144120713.08751282,5,4194304.0,0.0,4194304.0,4194304.0,5,4194304.0,0.0,4194304.0,4194304.0,5,0.2421875,0.0,0.2421875,0.2421875,5,0.2421875,0.0,0.2421875,0.2421875,5,1.0,0.0,1.0,1.0,5,0.0,0.0,0.0,0.0,-0.0,0.0,0.0,0.0,0.0,0.0,0.0,0.0,0.0,0.0,,0.0,0.0,0.0,,0.0,,0.0,,,,,,,,,0.00047446854872176304,0.03348397007501354,0.1463589816316638,0.004938158971987822,0.6410849135775507,0.3239021916838559,0.00048161932346855356,0.013569726298578619,0.1640589261689961,0.00048185958332700276,0.013376076376782323,0.00902987962793556,0.00048161932346854104,0.013569726298578623,0.3239021916838559,0.16405892616899612,0.00048185958332700276,0.013376076376782323,0.0,0.0,0.0,0.0,0.0
large_strided_read_heavy_freq_10gb,1.0,0.0,1,1,5,2560.0,0.0,2560,2560,5,0.0,0.0,0,0,5,2560.0,0.0,2560,2560,5,-1.0,0.0,-1,-1,5,1.0,0.0,1,1,5,10737418240.0,0.0,10737418240,10737418240,5,0.0,0.0,0,0,5,639.0,0.0,639,639,5,0.0,0.0,0,0,5,639.0,0.0,639,639,5,0.0,0.0,0,0,5,0.0,0.0,0,0,5,8.0,0.0,8,8,5,0.0,0.0,0,0,5,524288.0,0.0,524288,524288,5,4194304.0,0.0,4194304,4194304,5,0.0,0.0,0,0,5,0.0,0.0,0,0,5,2560.0,0.0,2560,2560,5,0.0,0.0,0,0,5,0.0,0.0,0,0,5,0.0,0.0,0,0,5,0.0,0.0,0,0,5,0.0,0.0,0,0,5,0.0,0.0,0,0,5,0.0,0.0,0,0,5,0.0,0.0,0,0,5,0.0,0.0,0,0,5,0.0,0.0,0,0,5,38.10643062591553,1.0365140034015323,37.16062450408936,39.78410720825195,5,0.00497961044311518,0.00973415559432718,0.0004091262817382,0.0223820209503173,5,0.00475339889526362,0.0009366478386110483,0.003711462020874,0.0057435035705566,5,0.0549399852752685,0.02941130527455637,0.0175738334655761,0.077775239944458,5,0.0,0.0,0.0,0.0,5,0.0008701324462890802,0.0006936920099704306,0.00035405158996580036,0.0016918182373046996,5,38.115838050842285,1.0369139938398528,37.16973447799682,39.79425501823425,5,0.0,0.0,0.0,0.0,5,0.0017632484436035157,0.0007530891846524463,0.0012214183807373047,0.002882242202758789,5,268.8106792626431,7.167393520270849,257.32357586058333,275.4929553252989,5,,,,,0,268.8106792626431,7.167393520270849,257.32357586058333,275.4929553252989,5,14.888999238610268,0.4050445288436926,14.519427530467507,15.544630866497755,5,,,,,0,0.87013244628908,0.6936920099704307,0.3540515899658004,1.6918182373046997,5,1.7632484436035156,0.7530891846524462,1.2214183807373047,2.882242202758789,5,281868426.8185052,7515556.827911526,269823325.881587,288875301.1231806,5,,,,,0,4194304.0,0.0,4194304.0,4194304.0,5,,,,,0,0.249609375,0.0,0.249609375,0.249609375,5,,,,,0,1.0,0.0,1.0,1.0,5,0.0,0.0,,0.0,-0.0,0.0,0.0,,0.0,,0.0,,,0.0,,0.0,0.0,,,0.0,,,,,,,,,,,0.027200500975198053,1.9548026307531035,0.19704801958538395,0.5353351502952807,,0.7972257705466237,0.027204281654694958,,0.42710327485863137,0.026663351098740778,,0.026663351098740778,0.02720428165469496,,0.7972257705466239,0.4271032748586313,0.026663351098740778,,0.0,,0.0,,0.0
large_strided_read_heavy_freq_1gb,1.0,0.0,1,1,5,256.0,0.0,256,256,5,0.0,0.0,0,0,5,256.0,0.0,256,256,5,-1.0,0.0,-1,-1,5,1.0,0.0,1,1,5,1073741824.0,0.0,1073741824,1073741824,5,0.0,0.0,0,0,5,63.0,0.0,63,63,5,0.0,0.0,0,0,5,63.0,0.0,63,63,5,0.0,0.0,0,0,5,0.0,0.0,0,0,5,8.0,0.0,8,8,5,0.0,0.0,0,0,5,524288.0,0.0,524288,524288,5,4194304.0,0.0,4194304,4194304,5,0.0,0.0,0,0,5,0.0,0.0,0,0,5,256.0,0.0,256,256,5,0.0,0.0,0,0,5,0.0,0.0,0,0,5,0.0,0.0,0,0,5,0.0,0.0,0,0,5,0.0,0.0,0,0,5,0.0,0.0,0,0,5,0.0,0.0,0,0,5,0.0,0.0,0,0,5,0.0,0.0,0,0,5,0.0,0.0,0,0,5,3.7301616191864015,0.009963781977765951,3.715888023376465,3.7397851943969727,5,0.0309184551239013,0.028623474774728923,0.0009443759918212,0.060962438583374,5,0.00148081779479976,0.0002111441182348946,0.0012025833129882,0.0016956329345703,5,0.01781067848205562,0.0037842119591917464,0.0150048732757568,0.024416446685791,5,0.0,0.0,0.0,0.0,5,0.00037288665771486,6.821188464948896e-05,0.00030303001403810003,0.0004689693450927999,5,3.7311004161834718,0.009974499156344768,3.7167947292327876,3.7407686710357666,5,0.0,0.0,0.0,0.0,5,0.0008915901184082919,0.00019157022589934265,0.0006837844848632812,0.001077890396118164,5,274.4514346699418,0.7346391975119485,273.74053036978324,275.506202144064,5,,,,,0,274.4514346699418,0.7346391975119485,273.74053036978324,275.506202144064,5,14.574611000716686,0.038962887329471826,14.518729411065577,14.612377621233463,5,,,,,0,0.37288665771486,0.06821188464948895,0.30303001403810004,0.4689693450927999,5,0.8915901184082919,0.19157022589934264,0.6837844848632812,1.077890396118164,5,287783187.5604689,770325.0311702889,287037750.37302583,288889191.41941404,5,,,,,0,4194304.0,0.0,4194304.0,4194304.0,5,,,,,0,0.24609375,0.0,0.24609375,0.24609375,5,,,,,0,1.0,0.0,1.0,1.0,5,0.0,0.0,,0.0,-0.0,0.0,0.0,,0.0,,0.0,,,0.0,,0.0,0.0,,,0.0,,,,,,,,,,,0.00267113948267453,0.9257731235284696,0.14258615676849432,0.21246871437291767,,0.18292927150439747,0.002673339777477135,,0.2148635588753975,0.0026767548087166435,,0.0026767548087166435,0.0026733397774771402,,0.18292927150439744,0.21486355887539746,0.0026767548087166435,,0.0,,0.0,,0.0
small_contiguous_mixed_freq_10gb,1.0,0.0,1,1,5,1310720.0,0.0,1310720,1310720,5,1310720.0,0.0,1310720,1310720,5,2621440.0,0.0,2621440,2621440,5,-1.0,0.0,-1,-1,5,1.0,0.0,1,1,5,5368709120.0,0.0,5368709120,5368709120,5,5368709120.0,0.0,5368709120,5368709120,5,1310719.0,0.0,1310719,1310719,5,1310719.0,0.0,1310719,1310719,5,1310719.0,0.0,1310719,1310719,5,1310719.0,0.0,1310719,1310719,5,1.0,0.0,1,1,5,8.0,0.0,8,8,5,2600960.0,0.0,2600960,2600960,5,524288.0,0.0,524288,524288,5,4096.0,0.0,4096,4096,5,4096.0,0.0,4096,4096,5,1310720.0,0.0,1310720,1310720,5,0.0,0.0,0,0,5,1310720.0,0.0,1310720,1310720,5,0.0,0.0,0,0,5,0.0,0.0,0,0,5,0.0,0.0,0,0,5,0.0,0.0,0,0,5,0.0,0.0,0,0,5,0.0,0.0,0,0,5,0.0,0.0,0,0,5,0.0,0.0,0,0,5,0.0,0.0,0,0,5,21.08946204185486,0.5260655864024272,20.28770613670349,21.713136434555054,5,23.543019247055053,1.4879119837228765,21.79556608200073,25.065284490585327,5,0.2956079483032227,0.0035639411091092275,0.2900667190551758,0.2996666431427002,5,0.00829930305480952,0.0016948147438769383,0.0062410831451416,0.0100352764129638,5,0.17882976531982417,0.22322922116886976,0.0408220291137695,0.5575308799743652,5,0.0018362522125244401,0.00041388028066044496,0.0011849403381348003,0.0022728443145752005,5,21.467466878890992,0.5256957480226628,20.65864062309266,22.07926130294799,5,22.456102752685545,0.2524704904982715,22.146897077560425,22.83413314819336,5,0.0020837783813476562,0.0008503449054741709,0.0012621879577636719,0.003523588180541992,5,238.61636734789096,5.919707715370255,231.89181602359065,247.83818516484368,5,228.02334644434973,2.553401355016737,224.22572237672597,231.1836273076675,5,233.1726301427379,3.4611283754542166,230.4168129180793,239.22138466312896,5,0.016378377440560143,0.0004010740265065473,0.015761291979288224,0.016845139543875114,5,0.017132646753452718,0.00019261969795095183,0.01689674154476961,0.017421061056666076,5,1.83625221252444,0.413880280660445,1.1849403381348003,2.2728443145752006,5,2.0837783813476562,0.8503449054741709,1.2621879577636719,3.523588180541992,5,250207396.0081821,6207263.437352081,243156192.8787526,259877172.84741113,5,239099808.52123046,2677435.37923803,235117711.0668978,242413603.18776476,5,4096.0,0.0,4096.0,4096.0,5,4096.0,0.0,4096.0,4096.0,5,0.9999992370605468,0.0,0.9999992370605468,0.9999992370605468,5,0.9999992370605468,0.0,0.9999992370605468,0.9999992370605468,5,1.0,0.0,1.0,1.0,5,0.0,0.0,0.0,0.0,-0.0,0.0,0.0,0.0,0.0,0.0,0.0,0.0,0.0,0.0,0.0,0.0,0.0,0.0,0.0,,0.0,,,,,,,,,,0.024944476315155867,0.06319970977847271,0.012056310155278643,0.2042116949681429,1.2482777728284793,0.22539402694113095,0.024488019522209237,0.011242845353834977,0.40807837968077076,0.024808473036301033,0.011197982113817928,0.014843630546756144,0.024488019522209185,0.011242845353834978,0.22539402694113098,0.40807837968077076,0.024808473036301033,0.011197982113817928,0.0,0.0,0.0,0.0,0.0
small_contiguous_mixed_freq_1gb,1.0,0.0,1,1,5,131072.0,0.0,131072,131072,5,131072.0,0.0,131072,131072,5,262144.0,0.0,262144,262144,5,-1.0,0.0,-1,-1,5,1.0,0.0,1,1,5,536870912.0,0.0,536870912,536870912,5,536870912.0,0.0,536870912,536870912,5,131071.0,0.0,131071,131071,5,131071.0,0.0,131071,131071,5,131071.0,0.0,131071,131071,5,131071.0,0.0,131071,131071,5,1.0,0.0,1,1,5,8.0,0.0,8,8,5,260096.0,0.0,260096,260096,5,524288.0,0.0,524288,524288,5,4096.0,0.0,4096,4096,5,4096.0,0.0,4096,4096,5,131072.0,0.0,131072,131072,5,0.0,0.0,0,0,5,131072.0,0.0,131072,131072,5,0.0,0.0,0,0,5,0.0,0.0,0,0,5,0.0,0.0,0,0,5,0.0,0.0,0,0,5,0.0,0.0,0,0,5,0.0,0.0,0,0,5,0.0,0.0,0,0,5,0.0,0.0,0,0,5,0.0,0.0,0,0,5,2.159150791168213,0.02503455299005118,2.136786937713623,2.201991558074951,5,3.3991894721984863,0.1582732058848211,3.1519663333892822,3.552668571472168,5,0.03211216926574704,0.0011479199644323086,0.0302884578704834,0.0330598354339599,5,0.0048959732055663605,0.002942025281203409,0.0026345252990722,0.0083081722259521,5,0.018055343627929644,0.019492145227011374,0.0029993057250976,0.0401101112365722,5,0.0016921520233154409,0.0006941323359931183,0.0006530284881591996,0.002362728118896499,5,2.1950931549072266,0.02530691390422746,2.1734602451324463,2.2384908199310303,5,2.269123363494873,0.06661660775553759,2.2220661640167236,2.37813663482666,5,0.002438974380493164,0.0009201374313142126,0.0019507408142089844,0.004082441329956055,5,233.27200785921838,2.6568342910516747,228.72553036236044,235.56906603037487,5,225.78951128507433,6.46049410061255,215.29461028521564,230.41618125109375,5,229.42347722646565,3.5385526925902515,224.97598689126443,232.49285916698716,5,0.016747231711633503,0.00019307643054372757,0.01658218570810277,0.01707832961983513,5,0.01731203738017939,0.0005082443829005247,0.016953019439824857,0.0181437426363118,5,1.6921520233154408,0.6941323359931182,0.6530284881591997,2.362728118896499,5,2.438974380493164,0.9201374313142126,1.9507408142089844,4.082441329956055,5,244603428.91298777,2785892.673573801,239836101.72524247,247012068.98186636,5,236757462.5852581,6774319.062043905,225752761.27443027,241608877.67154688,5,4096.0,0.0,4096.0,4096.0,5,4096.0,0.0,4096.0,4096.0,5,0.9999923706054688,0.0,0.9999923706054688,0.9999923706054688,5,0.9999923706054688,0.0,0.9999923706054688,0.9999923706054688,5,1.0,0.0,1.0,1.0,5,0.0,0.0,0.0,0.0,-0.0,0.0,0.0,0.0,0.0,0.0,0.0,0.0,0.0,0.0,0.0,0.0,0.0,0.0,0.0,,0.0,,,,,,,,,,0.011594629283166548,0.04656204285736831,0.035747194620599984,0.6009071450510683,1.0795776379940594,0.41020684101012495,0.011528856462265735,0.029357860761230536,0.3772640822607409,0.011389426084312253,0.028612906170188503,0.015423673005781005,0.011528856462265735,0.02935786076123053,0.4102068410101249,0.3772640822607409,0.011389426084312253,0.028612906170188503,0.0,0.0,0.0,0.0,0.0
small_contiguous_read_heavy_freq_10gb,1.0,0.0,1,1,5,2621440.0,0.0,2621440,2621440,5,0.0,0.0,0,0,5,2621440.0,0.0,2621440,2621440,5,-1.0,0.0,-1,-1,5,1.0,0.0,1,1,5,10737418240.0,0.0,10737418240,10737418240,5,0.0,0.0,0,0,5,2621439.0,0.0,2621439,2621439,5,0.0,0.0,0,0,5,2621439.0,0.0,2621439,2621439,5,0.0,0.0,0,0,5,0.0,0.0,0,0,5,8.0,0.0,8,8,5,2600960.0,0.0,2600960,2600960,5,524288.0,0.0,524288,524288,5,4096.0,0.0,4096,4096,5,0.0,0.0,0,0,5,2621440.0,0.0,2621440,2621440,5,0.0,0.0,0,0,5,0.0,0.0,0,0,5,0.0,0.0,0,0,5,0.0,0.0,0,0,5,0.0,0.0,0,0,5,0.0,0.0,0,0,5,0.0,0.0,0,0,5,0.0,0.0,0,0,5,0.0,0.0,0,0,5,0.0,0.0,0,0,5,0.0,0.0,0,0,5,42.82891526222229,0.4429849301488407,42.076680183410645,43.22682785987854,5,0.0005452632904052399,8.518202364612682e-05,0.0004434585571289,0.0006697177886962,5,0.30032534599304195,0.004731450802191656,0.295649766921997,0.3078079223632812,5,0.009668064117431579,0.0009847627870791886,0.0084168910980224,0.0107808113098144,5,0.0,0.0,0.0,0.0,5,0.0009457111358642401,0.00018986118909249466,0.0007994174957275,0.0012640953063965004,5,43.57674694061279,0.4329039567489686,42.83939599990845,43.96249794960022,5,0.0,0.0,0.0,0.0,5,0.0018396854400663186,9.096948288633207e-05,0.0017089843750071054,0.0019450187683176523,5,235.00645638292173,2.3587691414497893,232.92579988833685,239.03231502194578,5,,,,,0,235.00645638292173,2.3587691414497893,232.92579988833685,239.03231502194578,5,0.01662320973991882,0.00016513975400885377,0.01634193267818773,0.016770362071838463,5,,,,,0,0.94571113586424,0.1898611890924946,0.7994174957275,1.2640953063965004,5,1.8396854400663187,0.09096948288633205,1.7089843750071054,1.9450187683176523,5,246422130.00817853,2473348.7112648543,244240403.5437127,250643548.75645182,5,,,,,0,4096.0,0.0,4096.0,4096.0,5,,,,,0,0.9999996185302734,0.0,0.9999996185302734,0.9999996185302734,5,,,,,0,1.0,0.0,1.0,1.0,5,0.0,0.0,,0.0,-0.0,0.0,0.0,,0.0,,0.0,,,0.0,0.0,0.0,0.0,,0.0,,,,,,,,,,,,0.010343127474432685,0.15622182007305038,0.01575441721892256,0.10185728757256123,,0.20076023416916797,0.009934288058237532,,0.04944838987422367,0.01003703973820357,,0.01003703973820357,0.009934288058237557,,0.2007602341691679,0.04944838987422366,0.01003703973820357,,0.0,,0.0,,0.0
small_contiguous_read_heavy_freq_1gb,1.0,0.0,1,1,5,262144.0,0.0,262144,262144,5,0.0,0.0,0,0,5,262144.0,0.0,262144,262144,5,-1.0,0.0,-1,-1,5,1.0,0.0,1,1,5,1073741824.0,0.0,1073741824,1073741824,5,0.0,0.0,0,0,5,262143.0,0.0,262143,262143,5,0.0,0.0,0,0,5,262143.0,0.0,262143,262143,5,0.0,0.0,0,0,5,0.0,0.0,0,0,5,8.0,0.0,8,8,5,260096.0,0.0,260096,260096,5,524288.0,0.0,524288,524288,5,4096.0,0.0,4096,4096,5,0.0,0.0,0,0,5,262144.0,0.0,262144,262144,5,0.0,0.0,0,0,5,0.0,0.0,0,0,5,0.0,0.0,0,0,5,0.0,0.0,0,0,5,0.0,0.0,0,0,5,0.0,0.0,0,0,5,0.0,0.0,0,0,5,0.0,0.0,0,0,5,0.0,0.0,0,0,5,0.0,0.0,0,0,5,0.0,0.0,0,0,5,4.236715984344483,0.07535244984956783,4.149637937545776,4.330774784088135,5,0.0011697769165038602,0.00011560383163074856,0.0010890960693359,0.0013701915740966,5,0.031071138381957963,0.00031272677130963773,0.0306198596954345,0.0314528942108154,5,0.0087511539459228,0.004032852076722572,0.0039279460906982,0.0151197910308837,5,0.0,0.0,0.0,0.0,5,0.00122547149658204,0.00022323708438682984,0.0008394718170165998,0.0014095306396485,5,4.308581829071045,0.07567445158273406,4.2216150760650635,4.403138875961304,5,0.0,0.0,0.0,0.0,5,0.0017830371856689454,0.00034702795130422167,0.001195669174194336,0.002091646194458008,5,237.7238810963329,4.175952441298757,232.56136788927373,242.56119554946798,5,,,,,0,237.7238810963329,4.175952441298757,232.56136788927373,242.56119554946798,5,0.016435935322078876,0.0002886751235303271,0.016104183487186674,0.01679664183029672,5,,,,,0,1.2254714965820401,0.22323708438682996,0.8394718170165998,1.4095306396485,5,1.7830371856689453,0.34702795130422165,1.195669174194336,2.091646194458008,5,249271556.34446836,4378803.507087286,243858268.8958631,254343848.18447894,5,,,,,0,4096.0,0.0,4096.0,4096.0,5,,,,,0,0.9999961853027344,0.0,0.9999961853027344,0.9999961853027344,5,,,,,0,1.0,0.0,1.0,1.0,5,0.0,0.0,,0.0,-0.0,0.0,0.0,,0.0,,0.0,,,0.0,0.0,0.0,0.0,,0.0,,,,,,,,,,,,0.017785579710325235,0.09882553673247071,0.010064863651446654,0.4608366052800951,,0.18216424046537186,0.017563656577702716,,0.19462743351256948,0.01756639855465987,,0.01756639855465987,0.01756365657770272,,0.1821642404653719,0.19462743351256948,0.01756639855465987,,0.0,,0.0,,0.0
small_contiguous_write_heavy_freq_10gb,1.0,0.0,1,1,5,0.0,0.0,0,0,5,2621440.0,0.0,2621440,2621440,5,2621440.0,0.0,2621440,2621440,5,-1.0,0.0,-1,-1,5,1.0,0.0,1,1,5,0.0,0.0,0,0,5,10737418240.0,0.0,10737418240,10737418240,5,0.0,0.0,0,0,5,2621439.0,0.0,2621439,2621439,5,0.0,0.0,0,0,5,2621439.0,0.0,2621439,2621439,5,0.0,0.0,0,0,5,8.0,0.0,8,8,5,2600960.0,0.0,2600960,2600960,5,524288.0,0.0,524288,524288,5,0.0,0.0,0,0,5,4096.0,0.0,4096,4096,5,0.0,0.0,0,0,5,0.0,0.0,0,0,5,2621440.0,0.0,2621440,2621440,5,0.0,0.0,0,0,5,0.0,0.0,0,0,5,0.0,0.0,0,0,5,0.0,0.0,0,0,5,0.0,0.0,0,0,5,0.0,0.0,0,0,5,0.0,0.0,0,0,5,0.0,0.0,0,0,5,0.0,0.0,0,0,5,0.0,0.0,0.0,0.0,5,56.273535537719724,3.497687681965153,50.866331338882446,58.88110971450806,5,0.28769445419311523,0.004665964831331397,0.280069351196289,0.2927565574645996,5,0.0,0.0,0.0,0.0,5,0.3079389095306396,0.3492918966836801,0.0445084571838378,0.7690854072570801,5,0.00178604125976564,0.00041858560638158694,0.0013711452484130998,0.0023970603942871,5,0.0,0.0,0.0,0.0,5,45.075231885910036,0.6942206798501386,44.43705749511719,46.15431618690491,5,0.0033774375915527344,0.0026993065921615844,0.0010752677917480469,0.007769346237182617,5,,,,,0,227.21842829550042,3.4633042303326516,221.86440718853797,230.4383003110678,5,227.21842829550042,3.4633042303326516,221.86440718853797,230.4383003110678,5,,,,,0,0.017194836382259382,0.00026482417291646536,0.016951392171904445,0.017606474375497783,5,1.7860412597656399,0.41858560638158704,1.3711452484130997,2.3970603942871,5,3.3774375915527344,2.699306592161584,1.0752677917480469,7.769346237182617,5,,,,,0,238255790.66838264,3631537.6966252904,232641692.6321284,241632071.18697822,5,,,,,0,4096.0,0.0,4096.0,4096.0,5,,,,,0,0.9999996185302734,0.0,0.9999996185302734,0.9999996185302734,5,1.0,0.0,1.0,1.0,5,0.0,,0.0,0.0,-0.0,0.0,,0.0,,0.0,,0.0,,0.0,0.0,0.0,,0.0,,,0.0,,,,,,,,,,,0.06215510805466771,0.01621847332586871,,1.134289581060317,0.2343650260557322,,0.015401377892126684,0.7992173116426445,,0.015242180206565733,0.015242180206565733,,0.015401377892126693,0.23436502605573226,0.7992173116426444,,0.015242180206565733,,0.0,,0.0,0.0
small_contiguous_write_heavy_freq_1gb,1.0,0.0,1,1,5,0.0,0.0,0,0,5,262144.0,0.0,262144,262144,5,262144.0,0.0,262144,262144,5,-1.0,0.0,-1,-1,5,1.0,0.0,1,1,5,0.0,0.0,0,0,5,1073741824.0,0.0,1073741824,1073741824,5,0.0,0.0,0,0,5,262143.0,0.0,262143,262143,5,0.0,0.0,0,0,5,262143.0,0.0,262143,262143,5,0.0,0.0,0,0,5,8.0,0.0,8,8,5,260096.0,0.0,260096,260096,5,524288.0,0.0,524288,524288,5,0.0,0.0,0,0,5,4096.0,0.0,4096,4096,5,0.0,0.0,0,0,5,0.0,0.0,0,0,5,262144.0,0.0,262144,262144,5,0.0,0.0,0,0,5,0.0,0.0,0,0,5,0.0,0.0,0,0,5,0.0,0.0,0,0,5,0.0,0.0,0,0,5,0.0,0.0,0,0,5,0.0,0.0,0,0,5,0.0,0.0,0,0,5,0.0,0.0,0,0,5,0.0,0.0,0.0,0.0,5,8.706175327301025,1.2161098267955384,6.702237844467163,9.884283542633057,5,0.0359842777252197,0.0042491669286910125,0.032412052154541,0.0410616397857666,5,0.0,0.0,0.0,0.0,5,0.05156021118164058,0.03040948917979266,0.0039608478546142,0.0838963985443115,5,0.00315346717834476,0.0024238295487891584,0.0006957054138184001,0.006778717041015601,5,0.0,0.0,0.0,0.0,5,6.809498119354248,1.4738103097331428,4.491485357284546,8.298674583435059,5,0.0030379295349110434,0.0015492850112835159,0.0015316009521484375,0.005354881286619317,5,,,,,0,157.46236398799047,41.5536106204941,123.39319848063462,227.98693940729845,5,157.46236398799047,41.5536106204941,123.39319848063462,227.98693940729845,5,,,,,0,0.02597617385617923,0.005622140158588954,0.017133656911028083,0.031656931241741404,5,3.1534671783447603,2.4238295487891586,0.6957054138184001,6.778717041015601,5,3.0379295349110436,1.5492850112835157,1.5316009521484375,5.354881286619317,5,,,,,0,165111255.7810711,43572118.80999522,129387146.49002993,239061632.97594738,5,,,,,0,4096.0,0.0,4096.0,4096.0,5,,,,,0,0.9999961853027344,0.0,0.9999961853027344,0.9999961853027344,5,1.0,0.0,1.0,1.0,5,0.0,,0.0,0.0,-0.0,0.0,,0.0,,0.0,,0.0,,0.0,0.0,0.0,,0.0,,,0.0,,,,,,,,,,,0.1396835902192359,0.11808398548772232,,0.5897859702836281,0.7686236804473148,,0.21643449838751197,0.509980561918755,,0.2638955085398271,0.2638955085398271,,0.21643449838751197,0.7686236804473148,0.5099805619187548,,0.2638955085398271,,0.0,,0.0,0.0
small_contiguous_write_heavy_seldom_10gb,1.0,0.0,1,1,5,0.0,0.0,0,0,5,2621440.0,0.0,2621440,2621440,5,2621440.0,0.0,2621440,2621440,5,-1.0,0.0,-1,-1,5,1.0,0.0,1,1,5,0.0,0.0,0,0,5,10737418240.0,0.0,10737418240,10737418240,5,0.0,0.0,0,0,5,2621439.0,0.0,2621439,2621439,5,0.0,0.0,0,0,5,2621439.0,0.0,2621439,2621439,5,0.0,0.0,0,0,5,8.0,0.0,8,8,5,2600960.0,0.0,2600960,2600960,5,524288.0,0.0,524288,524288,5,0.0,0.0,0,0,5,4096.0,0.0,4096,4096,5,0.0,0.0,0,0,5,0.0,0.0,0,0,5,2621440.0,0.0,2621440,2621440,5,0.0,0.0,0,0,5,0.0,0.0,0,0,5,0.0,0.0,0,0,5,0.0,0.0,0,0,5,0.0,0.0,0,0,5,0.0,0.0,0,0,5,0.0,0.0,0,0,5,0.0,0.0,0,0,5,0.0,0.0,0,0,5,0.0,0.0,0.0,0.0,5,70.3016086101532,13.828002732637149,57.63803696632385,92.8219006061554,5,0.3008294582366943,0.0033661343323091756,0.297771692276001,0.3065931797027588,5,0.0,0.0,0.0,0.0,5,0.4885143756866455,0.22590996146866957,0.1718204021453857,0.8010351657867432,5,0.0052380084991455,0.0032945001713851384,0.0004594326019287001,0.007778167724609299,5,0.0,0.0,0.0,0.0,5,65.06590838432312,13.40985112088731,51.08959650993347,85.87387180328369,5,0.003529930114746094,0.0021904484630935633,0.001531839370727539,0.006939411163330078,5,,,,,0,162.38516863709725,30.759366681291205,119.24465247656899,200.4321955842617,5,162.38516863709725,30.759366681291205,119.24465247656899,200.4321955842617,5,,,,,0,0.024820674279908417,0.005115452240328716,0.019489134410832776,0.03275828239566181,5,5.238008499145499,3.294500171385138,0.4594326019287001,7.778167724609299,5,3.5299301147460938,2.1904484630935634,1.531839370727539,6.939411163330078,5,,,,,0,170273190.5888129,32253533.677201606,125037080.7152708,210168389.9169628,5,,,,,0,4096.0,0.0,4096.0,4096.0,5,,,,,0,0.9999996185302734,0.0,0.9999996185302734,0.9999996185302734,5,1.0,0.0,1.0,1.0,5,0.0,,0.0,0.0,-0.0,0.0,,0.0,,0.0,,0.0,,0.0,0.0,0.0,,0.0,,,0.0,,,,,,,,,,,0.19669539582398776,0.011189510335988046,,0.4624428117414872,0.6289604478348184,,0.20609642520749405,0.620535929009779,,0.18942226645115026,0.18942226645115026,,0.20609642520749402,0.6289604478348184,0.620535929009779,,0.18942226645115026,,0.0,,0.0,0.0
small_contiguous_write_heavy_seldom_1gb,1.0,0.0,1,1,5,0.0,0.0,0,0,5,262144.0,0.0,262144,262144,5,262144.0,0.0,262144,262144,5,-1.0,0.0,-1,-1,5,1.0,0.0,1,1,5,0.0,0.0,0,0,5,1073741824.0,0.0,1073741824,1073741824,5,0.0,0.0,0,0,5,262143.0,0.0,262143,262143,5,0.0,0.0,0,0,5,262143.0,0.0,262143,262143,5,0.0,0.0,0,0,5,8.0,0.0,8,8,5,260096.0,0.0,260096,260096,5,524288.0,0.0,524288,524288,5,0.0,0.0,0,0,5,4096.0,0.0,4096,4096,5,0.0,0.0,0,0,5,0.0,0.0,0,0,5,262144.0,0.0,262144,262144,5,0.0,0.0,0,0,5,0.0,0.0,0,0,5,0.0,0.0,0,0,5,0.0,0.0,0,0,5,0.0,0.0,0,0,5,0.0,0.0,0,0,5,0.0,0.0,0,0,5,0.0,0.0,0,0,5,0.0,0.0,0,0,5,0.0,0.0,0.0,0.0,5,8.63005633354187,1.3743207575103147,7.324713945388794,10.612742900848389,5,0.0364669799804687,0.005957558442274409,0.0310981273651123,0.045905590057373,5,0.0,0.0,0.0,0.0,5,0.18340597152709956,0.2210343034081731,0.0264151096343994,0.5606675148010254,5,0.004611063003540019,0.0039730583164509095,0.0005745887756346997,0.010733604431152299,5,0.0,0.0,0.0,0.0,5,6.821696472167969,1.19177737212726,5.712320804595947,8.49902057647705,5,0.0031009197235110975,0.0016507476521918415,0.001331567764284003,0.005074024200439453,5,,,,,0,153.59758538237423,25.050836196537055,120.48447121473622,179.26164076361448,5,153.59758538237423,25.050836196537055,120.48447121473622,179.26164076361448,5,,,,,0,0.02602270687930286,0.004546269882687607,0.02179077455366496,0.03242119055357762,5,4.6110630035400195,3.9730583164509095,0.5745887756346997,10.7336044311523,5,3.1009197235110975,1.6507476521918416,1.331567764284003,5.074024200439453,5,,,,,0,161058741.68990844,26267705.61562004,126337124.88846324,187969454.22534782,5,,,,,0,4096.0,0.0,4096.0,4096.0,5,,,,,0,0.9999961853027344,0.0,0.9999961853027344,0.9999961853027344,5,1.0,0.0,1.0,1.0,5,0.0,,0.0,0.0,-0.0,0.0,,0.0,,0.0,,0.0,,0.0,0.0,0.0,,0.0,,,0.0,,,,,,,,,,,0.15924817920003986,0.1633685719372761,,1.2051641588753488,0.8616360941936168,,0.1747039577309876,0.5323413049605615,,0.16309394535190208,0.16309394535190208,,0.17470395773098762,0.8616360941936168,0.5323413049605616,,0.16309394535190208,,0.0,,0.0,0.0
small_nd_strided_read_heavy_freq_10gb,1.0,0.0,1,1,5,2621440.0,0.0,2621440,2621440,5,0.0,0.0,0,0,5,2621440.0,0.0,2621440,2621440,5,-1.0,0.0,-1,-1,5,1.0,0.0,1,1,5,10737418240.0,0.0,10737418240,10737418240,5,0.0,0.0,0,0,5,2621439.0,0.0,2621439,2621439,5,0.0,0.0,0,0,5,2621439.0,0.0,2621439,2621439,5,0.0,0.0,0,0,5,0.0,0.0,0,0,5,8.0,0.0,8,8,5,2600960.0,0.0,2600960,2600960,5,524288.0,0.0,524288,524288,5,4096.0,0.0,4096,4096,5,0.0,0.0,0,0,5,2621440.0,0.0,2621440,2621440,5,0.0,0.0,0,0,5,0.0,0.0,0,0,5,0.0,0.0,0,0,5,0.0,0.0,0,0,5,0.0,0.0,0,0,5,0.0,0.0,0,0,5,0.0,0.0,0,0,5,0.0,0.0,0,0,5,0.0,0.0,0,0,5,0.0,0.0,0,0,5,0.0,0.0,0,0,5,42.681481790542605,0.4209506968862602,42.16290783882141,43.26706671714783,5,0.00048189163208003997,9.4873280598975e-05,0.0003359317779541,0.0005910396575927,5,0.298896837234497,0.033269915667339306,0.2794127464294433,0.3579962253570556,5,0.00881352424621576,0.0015411127301326536,0.0063493251800537,0.0100705623626708,5,0.0,0.0,0.0,0.0,5,0.00105557441711426,0.00044335765357200697,0.0003762245178223001,0.0015175342559815,5,43.485065126419066,0.41667955620170954,42.960943937301636,44.056008100509644,5,0.0,0.0,0.0,0.0,5,0.0140410900115981,0.027478904247809563,0.0016658306121826172,0.06319665908814187,5,235.50042027804597,2.253343526356567,232.43140814388815,238.3560290235832,5,,,,,0,235.50042027804597,2.253343526356567,232.43140814388815,238.3560290235832,5,0.016588235903327586,0.0001589506363684501,0.016388299536629347,0.0168060333635367,5,,,,,0,1.05557441711426,0.44335765357200696,0.3762245178223001,1.5175342559815,5,14.0410900115981,27.47890424780956,1.6658306121826172,63.19665908814187,5,246940088.69347233,2362801.9414928635,243721996.22588566,249934411.48943278,5,,,,,0,4096.0,0.0,4096.0,4096.0,5,,,,,0,0.9999996185302734,0.0,0.9999996185302734,0.9999996185302734,5,,,,,0,1.0,0.0,1.0,1.0,5,0.0,0.0,,0.0,-0.0,0.0,0.0,,0.0,,0.0,,,0.0,0.0,0.0,0.0,,0.0,,,,,,,,,,,,0.009862607370382692,0.19687679611588896,0.11130902546565814,0.1748577171946123,,0.4200155350335817,0.009582130209310842,,1.9570349755689675,0.009568320615717517,,0.009568320615717517,0.00958213020931085,,0.4200155350335816,1.9570349755689673,0.009568320615717517,,0.0,,0.0,,0.0
small_nd_strided_read_heavy_freq_1gb,1.0,0.0,1,1,5,262144.0,0.0,262144,262144,5,0.0,0.0,0,0,5,262144.0,0.0,262144,262144,5,-1.0,0.0,-1,-1,5,1.0,0.0,1,1,5,1073741824.0,0.0,1073741824,1073741824,5,0.0,0.0,0,0,5,262143.0,0.0,262143,262143,5,0.0,0.0,0,0,5,262143.0,0.0,262143,262143,5,0.0,0.0,0,0,5,0.0,0.0,0,0,5,8.0,0.0,8,8,5,260096.0,0.0,260096,260096,5,524288.0,0.0,524288,524288,5,4096.0,0.0,4096,4096,5,0.0,0.0,0,0,5,262144.0,0.0,262144,262144,5,0.0,0.0,0,0,5,0.0,0.0,0,0,5,0.0,0.0,0,0,5,0.0,0.0,0,0,5,0.0,0.0,0,0,5,0.0,0.0,0,0,5,0.0,0.0,0,0,5,0.0,0.0,0,0,5,0.0,0.0,0,0,5,0.0,0.0,0,0,5,0.0,0.0,0,0,5,4.245154571533203,0.059848062146758536,4.194526672363281,4.329855442047119,5,0.00118126869201654,6.685730547323934e-05,0.0011305809020996,0.0012953281402587,5,0.02970447540283198,0.0018457038722507133,0.028196096420288,0.0327212810516357,5,0.0053796291351318,0.002993559143214053,0.0029170513153076,0.0094375610351562,5,0.0,0.0,0.0,0.0,5,0.00109734535217286,0.0004355822811860255,0.0004875659942627001,0.0015535354614258003,5,4.325881814956665,0.06124667475815009,4.273961305618286,4.412282466888428,5,0.0,0.0,0.0,0.0,5,0.001991128921508789,0.0010504972266175182,0.0008957386016845703,0.0037419795989990234,5,236.75246692732472,3.330711675598241,232.07943001938676,239.59037688383202,5,,,,,0,236.75246692732472,3.330711675598241,232.07943001938676,239.59037688383202,5,0.016501929530932102,0.00023363752272853873,0.01630386850592913,0.016831521861604415,5,,,,,0,1.09734535217286,0.4355822811860255,0.4875659942627001,1.5535354614258003,5,1.991128921508789,1.0504972266175183,0.8957386016845703,3.7419795989990234,5,248252954.76078644,3492504.325952101,243352920.4120085,251228719.03134105,5,,,,,0,4096.0,0.0,4096.0,4096.0,5,,,,,0,0.9999961853027344,0.0,0.9999961853027344,0.9999961853027344,5,,,,,0,1.0,0.0,1.0,1.0,5,0.0,0.0,,0.0,-0.0,0.0,0.0,,0.0,,0.0,,,0.0,0.0,0.0,0.0,,0.0,,,,,,,,,,,,0.014097970082899357,0.056597881519324315,0.06213554850642966,0.5564619917132468,,0.3969418381583577,0.01415819418514642,,0.5275887539323663,0.014068329334961738,,0.014068329334961738,0.014158194185146411,,0.39694183815835776,0.5275887539323663,0.014068329334961738,,0.0,,0.0,,0.0
small_random_mixed_freq_1gb,1.0,0.0,1,1,5,131072.0,0.0,131072,131072,5,131072.0,0.0,131072,131072,5,262144.0,0.0,262144,262144,5,-1.0,0.0,-1,-1,5,1.0,0.0,1,1,5,536870912.0,0.0,536870912,536870912,5,536870912.0,0.0,536870912,536870912,5,2.0,0.0,2,2,5,2.0,0.0,2,2,5,65537.0,0.0,65537,65537,5,65536.4,0.5477225575069926,65536,65537,5,1.0,0.0,1,1,5,8.0,0.0,8,8,5,260096.0,0.0,260096,260096,5,524288.0,0.0,524288,524288,5,4096.0,0.0,4096,4096,5,4096.0,0.0,4096,4096,5,131072.0,0.0,131072,131072,5,0.0,0.0,0,0,5,131072.0,0.0,131072,131072,5,0.0,0.0,0,0,5,147393740.8,27895063.712499447,118669312,177471488,5,108455526.4,18982511.87460492,81477632,130662400,5,90115276.8,17744542.92951304,67207168,108068864,5,72158412.8,31582762.844954323,27230208,101990400,5,4.0,0.0,4,4,5,4.0,0.0,4,4,5,4.0,0.0,4,4,5,4.0,0.0,4,4,5,18.988913011550903,1.832656486791292,16.32502269744873,20.96185851097107,5,166.6501515388489,11.76664623499297,154.86632084846497,182.33907461166385,5,0.048289585113525324,0.0018126507466338217,0.0458672046661376,0.049689769744873,5,0.00591216087341304,0.003920939084839899,0.0016124248504638,0.0119349956512451,5,0.28571500778198244,0.15073351570225632,0.2146754264831543,0.5552995204925537,5,0.00188527107238768,0.00028509327660794395,0.0016682147979735999,0.002366304397583001,5,19.061283731460584,1.8358906506693065,16.3903591632843,21.033268690109253,5,166.66898078918456,11.778987110785904,154.89866995811462,182.37530422210693,5,0.0015160083770751954,0.00038629963319876176,0.0012028217315673828,0.0019807815551757812,5,27.069838867133775,2.7222548805691646,24.34238860081526,31.23787556449162,5,3.083983182534511,0.21283362688025695,2.807397647306773,3.3053866772287157,5,5.532146359212978,0.35679096091641316,5.098101497414378,5.892220654612837,5,0.14542605385940996,0.014006734090189406,0.12504851656558458,0.16047110511863139,5,1.271583410562016,0.08986653984669422,1.1817830654763384,1.3914131486671977,5,1.88527107238768,0.2850932766079438,1.6682147979736,2.3663043975830007,5,1.5160083770751953,0.3862996331987617,1.2028217315673828,1.9807815551757812,5,28384783.359943666,2854491.1336476924,25524844.46948846,32755286.607912365,5,3233790.7496093074,223172.2331395923,2943769.795422347,3465949.140461778,5,4096.0,0.0,4096.0,4096.0,5,4096.0,0.0,4096.0,4096.0,5,0.5000076293945312,0.0,0.5000076293945312,0.5000076293945312,5,0.5000030517578125,4.178791484886113e-06,0.5,0.5000076293945312,5,1.0,0.0,1.0,1.0,5,0.0,0.0,0.0,0.0,-0.0,0.0,0.0,0.0,0.0,0.0,0.0,8.357531959445326e-06,0.0,0.0,0.0,0.0,0.0,0.0,0.0,,0.0,,0.18925541587515937,0.17502576866940475,0.19690937607499023,0.43768649585588343,0.0,0.0,0.0,0.0,0.09651192175542077,0.07060687389924138,0.03753709505626132,0.6631989840588309,0.527565971673686,0.15122137117760773,0.09631516305689188,0.07067294138964497,0.2548136534337903,0.10056413316424753,0.06901257700936742,0.06449412899610478,0.09631516305689185,0.07067294138964497,0.15122137117760767,0.2548136534337903,0.10056413316424753,0.06901257700936742,0.0,0.0,0.0,8.357531959445326e-06,0.0
small_random_read_heavy_freq_10gb,1.0,0.0,1,1,5,2621440.0,0.0,2621440,2621440,5,0.0,0.0,0,0,5,2621440.0,0.0,2621440,2621440,5,-1.0,0.0,-1,-1,5,1.0,0.0,1,1,5,10737418240.0,0.0,10737418240,10737418240,5,0.0,0.0,0,0,5,4.2,1.3038404810405297,3,6,5,0.0,0.0,0,0,5,1310875.6,291.73155468682893,1310505,1311111,5,0.0,0.0,0,0,5,0.0,0.0,0,0,5,8.0,0.0,8,8,5,2600960.0,0.0,2600960,2600960,5,524288.0,0.0,524288,524288,5,4096.0,0.0,4096,4096,5,0.0,0.0,0,0,5,2621440.0,0.0,2621440,2621440,5,0.0,0.0,0,0,5,0.0,0.0,0,0,5,0.0,0.0,0,0,5,2923259494.4,1358920573.0383267,1186414592,4777836544,5,2639275622.4,1534966812.5641696,707690496,4853694464,5,1444786995.2,741869183.5820217,612483072,2585395200,5,2180094361.6,2455797606.522282,762265600,6482083840,5,8.4,3.0495901363953815,6,13,5,6.0,0.9999999999999999,5,7,5,5.6,0.5477225575051663,5,6,5,5.4,0.5477225575051663,5,6,5,410.019011926651,17.122372203637337,387.882931470871,431.30926299095154,5,0.0004707813262939,5.6194657228227886e-05,0.0004208087921142,0.0005638599395751,5,0.39632668495178225,0.0022702430468399737,0.3933427333831787,0.3996467590332031,5,0.00841956138610834,0.0019153930286927197,0.0060131549835205,0.0112290382385253,5,0.0,0.0,0.0,0.0,5,0.00104537010192872,0.0002956889575682315,0.000560998916626,0.0012860298156738992,5,411.4253527164459,17.128750685992202,389.29301166534424,432.7409062385559,5,0.0,0.0,0.0,0.0,5,0.0016516208648795327,0.0003118136128220675,0.0011060237885089919,0.0018579959869384766,5,24.923679493871223,1.0392514355876994,23.663120015640544,26.30409407092778,5,,,,,0,24.923679493871223,1.0392514355876994,23.663120015640544,26.30409407092778,5,0.15694631680162274,0.00653409984054268,0.148503498712671,0.16507755517523037,5,,,,,0,1.0453701019287198,0.2956889575682314,0.560998916626,1.2860298156738992,5,1.6516208648795327,0.3118136128220675,1.1060237885089919,1.8579959869384766,5,26134372.14896551,1089734.1133228075,24812579.7335203,27581841.744517166,5,,,,,0,4096.0,0.0,4096.0,4096.0,5,,,,,0,0.5000593566894531,0.00011128675639603433,0.49991798400878906,0.500149154663086,5,,,,,0,1.0,0.0,1.0,1.0,5,0.0,0.0,,0.0,-0.0,0.0,0.0,,0.3104382097715547,,0.00022254709347464314,,,0.0,0.0,0.0,0.0,,0.0,,,,0.4648648454376253,0.581586401790186,0.5134799704362827,1.1264639043972116,0.36304644480897397,0.16666666666666666,0.09780759955449399,0.10143010324169746,0.04175994699167849,0.11936466909298481,0.0057282114302148876,0.22749320788289257,,0.28285576277978675,0.04163270584299001,,0.18879248830802994,0.04169735194369086,,0.04169735194369086,0.04163270584299001,,0.2828557627797867,0.18879248830802994,0.04169735194369086,,0.0,,0.00022254709347463653,,0.0
small_random_read_heavy_freq_1gb,1.0,0.0,1,1,5,262144.0,0.0,262144,262144,5,0.0,0.0,0,0,5,262144.0,0.0,262144,262144,5,-1.0,0.0,-1,-1,5,1.0,0.0,1,1,5,1073741824.0,0.0,1073741824,1073741824,5,0.0,0.0,0,0,5,4.0,0.0,4,4,5,0.0,0.0,0,0,5,131073.8,0.4472135955028051,131073,131074,5,0.0,0.0,0,0,5,0.0,0.0,0,0,5,8.0,0.0,8,8,5,260096.0,0.0,260096,260096,5,524288.0,0.0,524288,524288,5,4096.0,0.0,4096,4096,5,0.0,0.0,0,0,5,262144.0,0.0,262144,262144,5,0.0,0.0,0,0,5,0.0,0.0,0,0,5,0.0,0.0,0,0,5,214125772.8,40279407.40176661,158646272,252985344,5,165160550.4,29477733.82867246,139919360,214237184,5,122234470.4,26167191.02716676,99254272,153321472,5,95263129.6,32049377.241255917,68075520,147439616,5,4.0,0.0,4,4,5,4.0,0.0,4,4,5,4.0,0.0,4,4,5,4.0,0.0,4,4,5,40.186228370666505,8.888464580002656,33.19645047187805,53.811420917510986,5,0.00034432411193844,9.268158494611255e-05,0.0002608299255371,0.0004963874816894,5,0.04235105514526364,0.000708769082187017,0.0414631366729736,0.0431249141693115,5,0.00528173446655268,0.0028781885803337705,0.0023901462554931,0.009286880493164,5,0.0,0.0,0.0,0.0,5,0.0011452198028564602,0.0003666601648093562,0.0006589889526367001,0.0015165805816651006,5,40.328542137145995,8.894770626640572,33.33229923248291,53.96355414390564,5,0.0,0.0,0.0,0.0,5,0.0017011642456054687,0.0003347366878315563,0.001129150390625,0.0020084381103515625,5,26.28956285899439,5.119139172019133,18.975770151633817,30.72095305691046,5,,,,,0,26.28956285899439,5.119139172019133,18.975770151633817,30.72095305691046,5,0.15384117941721343,0.033930857187807355,0.12715263073914684,0.20585462243616348,5,,,,,0,1.1452198028564602,0.3666601648093562,0.6589889526367001,1.5165805816651006,5,1.7011642456054688,0.33473668783155625,1.129150390625,2.0084381103515625,5,27566604.664432902,5367806.476439134,19897537.16251958,32213254.072602943,5,,,,,0,4096.0,0.0,4096.0,4096.0,5,,,,,0,0.5000068664550781,1.7059844799148754e-06,0.5000038146972656,0.5000076293945312,5,,,,,0,1.0,0.0,1.0,1.0,5,0.0,0.0,,0.0,-0.0,0.0,0.0,,0.0,,3.4119221042100337e-06,,,0.0,0.0,0.0,0.0,,0.0,,,,0.18811097270102467,0.17847926612790255,0.21407374647705563,0.33643002676720707,0.0,0.0,0.0,0.0,0.22118185608308277,0.269169604255547,0.016735570808234814,0.5449324646212907,,0.32016575673492154,0.2205577031867893,,0.19676917657790222,0.19472135004586935,,0.19472135004586935,0.22055770318678927,,0.32016575673492154,0.1967691765779022,0.19472135004586935,,0.0,,3.4119221042100337e-06,,0.0
small_random_read_heavy_seldom_10gb,1.0,0.0,1,1,5,2621440.0,0.0,2621440,2621440,5,0.0,0.0,0,0,5,2621440.0,0.0,2621440,2621440,5,-1.0,0.0,-1,-1,5,1.0,0.0,1,1,5,10737418240.0,0.0,10737418240,10737418240,5,0.0,0.0,0,0,5,4.6,1.1401754250991378,3,6,5,0.0,0.0,0,0,5,1310679.4,533.3392916333605,1309814,1311240,5,0.0,0.0,0,0,5,0.0,0.0,0,0,5,8.0,0.0,8,8,5,2600960.0,0.0,2600960,2600960,5,524288.0,0.0,524288,524288,5,4096.0,0.0,4096,4096,5,0.0,0.0,0,0,5,2621440.0,0.0,2621440,2621440,5,0.0,0.0,0,0,5,0.0,0.0,0,0,5,0.0,0.0,0,0,5,2624313753.6,1960836821.000191,666664960,5789253632,5,2772248166.4,1456751548.7111857,1266515968,4537319424,5,1444193894.4,909792520.4511665,275251200,2755739648,5,2397821337.6,878297388.1761496,1043546112,3315302400,5,7.2,1.6431676725154984,6,10,5,6.0,1.0,5,7,5,5.8,0.8366600265340755,5,7,5,5.0,0.0,5,5,5,368.1509286403656,10.331248487983776,362.27148818969727,386.5484445095062,5,0.00039482116699213996,5.726117433943143e-05,0.0003328323364257,0.0004596710205078,5,0.40307955741882323,0.005528851764480823,0.395693302154541,0.4087371826171875,5,0.01120381355285638,0.0007211295264944206,0.010293960571289,0.0120823383331298,5,0.0,0.0,0.0,0.0,5,0.0010355949401855598,0.00022917610613078796,0.0007917881011962995,0.0013599395751953,5,369.5882588386536,10.334123336377253,363.71262979507446,387.98933959007263,5,0.0,0.0,0.0,0.0,5,0.001781082153308944,0.00012945542664539767,0.0016300678253173828,0.001911163330078125,5,27.723235107672576,0.7478020704174673,26.392477718122358,28.15409518709728,5,,,,,0,27.723235107672576,0.7478020704174673,26.392477718122358,28.15409518709728,5,0.14098673203989165,0.003942155203390985,0.13874535743525485,0.14800618728258996,5,,,,,0,1.0355949401855598,0.2291761061307879,0.7917881011962995,1.3599395751952998,5,1.7810821533089438,0.1294554266453977,1.6300678253173828,1.911163330078125,5,29069918.97626288,784127.3037900662,27674518.71575787,29521708.514905717,5,,,,,0,4096.0,0.0,4096.0,4096.0,5,,,,,0,0.4999845123291015,0.00020345279374440927,0.49965438842773435,0.5001983642578125,5,,,,,0,1.0,0.0,1.0,1.0,5,0.0,0.0,,0.0,-0.0,0.0,0.0,,0.24786422284763868,,0.000406918191918909,,,0.0,0.0,0.0,0.0,,0.0,,,,0.7471807890006826,0.5254766028406834,0.6299656327166138,0.3662897541212328,0.22821773229381923,0.16666666666666666,0.14425172871277164,0.0,0.028062535455603943,0.14503065976848037,0.013716527327472533,0.0643646489735248,,0.22129898209981963,0.027961178660950613,,0.07268357970175142,0.02697383864159881,,0.02697383864159881,0.027961178660950645,,0.22129898209981957,0.07268357970175143,0.02697383864159881,,0.0,,0.00040691819191889666,,0.0
small_random_read_heavy_seldom_1gb,1.0,0.0,1,1,5,262144.0,0.0,262144,262144,5,0.0,0.0,0,0,5,262144.0,0.0,262144,262144,5,-1.0,0.0,-1,-1,5,1.0,0.0,1,1,5,1073741824.0,0.0,1073741824,1073741824,5,0.0,0.0,0,0,5,4.0,0.0,4,4,5,0.0,0.0,0,0,5,131074.0,0.0,131074,131074,5,0.0,0.0,0,0,5,0.0,0.0,0,0,5,8.0,0.0,8,8,5,260096.0,0.0,260096,260096,5,524288.0,0.0,524288,524288,5,4096.0,0.0,4096,4096,5,0.0,0.0,0,0,5,262144.0,0.0,262144,262144,5,0.0,0.0,0,0,5,0.0,0.0,0,0,5,0.0,0.0,0,0,5,180197785.6,42709098.02369117,116097024,218497024,5,140584550.4,34759154.31252511,85934080,181927936,5,194281472.0,175098687.86253384,54345728,497549312,5,165635686.4,130502734.40776025,53526528,385220608,5,4.0,0.0,4,4,5,4.0,0.0,4,4,5,3.8,0.447213595499958,3,4,5,3.8,0.447213595499958,3,4,5,42.14955735206604,8.661714303166933,29.846150398254395,54.24656867980957,5,0.00026826858520499996,9.057763122312474e-05,0.0002098083496093,0.0004248619079589,5,0.044328308105468714,0.0037525174552509545,0.0403416156768798,0.0505392551422119,5,0.00469493865966792,0.00233153423892542,0.0025696754455566,0.0073134899139404,5,0.0,0.0,0.0,0.0,5,0.001336669921875,0.0003150266737495749,0.0008339881896972995,0.0015785694122314002,5,42.293440389633176,8.660489041129157,29.98812222480774,54.38494849205018,5,0.0,0.0,0.0,0.0,5,0.0030604839324944065,0.003452665506665344,0.0012869834899902344,0.009229898452758789,5,25.104067480094017,5.57802130111138,18.828738987399888,34.14685295476399,5,,,,,0,25.104067480094017,5.57802130111138,18.828738987399888,34.14685295476399,5,0.16133667140820762,0.03303714386417067,0.11439560785220237,0.20746211430378028,5,,,,,0,1.336669921875,0.31502667374957494,0.8339881896972995,1.5785694122314002,5,3.0604839324944066,3.452665506665344,1.2869834899902344,9.229898452758789,5,26323522.662007064,5848979.263834166,19743363.812451825,35805570.48389461,5,,,,,0,4096.0,0.0,4096.0,4096.0,5,,,,,0,0.5000076293945312,0.0,0.5000076293945312,0.5000076293945312,5,,,,,0,1.0,0.0,1.0,1.0,5,0.0,0.0,,0.0,-0.0,0.0,0.0,,0.0,,0.0,,,0.0,0.0,0.0,0.0,,0.0,,,,0.23701233553721968,0.24724732706137464,0.9012629256923369,0.7878902019496219,0.0,0.0,0.11768778828946264,0.11768778828946264,0.20549953184128428,0.33763786078011704,0.0846528463554875,0.496605900084397,,0.2356802293476272,0.20477144827527408,,1.1281436474823427,0.22219591727652932,,0.22219591727652932,0.20477144827527405,,0.2356802293476272,1.1281436474823427,0.22219591727652932,,0.0,,0.0,,0.0
small_random_write_heavy_freq_1gb,1.0,0.0,1,1,5,0.0,0.0,0,0,5,262144.0,0.0,262144,262144,5,262144.0,0.0,262144,262144,5,-1.0,0.0,-1,-1,5,1.0,0.0,1,1,5,0.0,0.0,0,0,5,1073741824.0,0.0,1073741824,1073741824,5,0.0,0.0,0,0,5,4.0,0.0,4,4,5,0.0,0.0,0,0,5,131073.2,0.4472135955028051,131073,131074,5,0.0,0.0,0,0,5,8.0,0.0,8,8,5,260096.0,0.0,260096,260096,5,524288.0,0.0,524288,524288,5,0.0,0.0,0,0,5,4096.0,0.0,4096,4096,5,0.0,0.0,0,0,5,0.0,0.0,0,0,5,262144.0,0.0,262144,262144,5,0.0,0.0,0,0,5,163237068.8,38263286.69557914,101318656,202276864,5,152512102.4,39601535.56191049,91406336,189874176,5,135400652.8,43345989.85353219,77266944,187564032,5,100325785.6,48248509.40784386,33144832,156991488,5,4.0,0.0,4,4,5,4.0,0.0,4,4,5,4.0,0.0,4,4,5,4.0,0.0,4,4,5,0.0,0.0,0.0,0.0,5,250.85354547500611,114.09223424628946,83.50474429130554,358.0075969696045,5,0.0525614738464355,0.007050926415612811,0.0450532436370849,0.0616233348846435,5,0.0,0.0,0.0,0.0,5,3.2137300968170166,3.1936158580354506,0.3718936443328857,7.363750457763672,5,0.0035602569580078193,0.0029130192712726283,0.0006875991821288997,0.007522106170654299,5,0.0,0.0,0.0,0.0,5,237.32668833732606,124.77690191310417,78.87774205207825,356.4069800376892,5,0.0017949581146240235,0.0005635634917273004,0.0011463165283203125,0.002528667449951172,5,,,,,0,6.063687127073263,4.368974270013242,2.873119936909525,12.982116036282,5,6.063687127073263,4.368974270013242,2.873119936909525,12.982116036282,5,,,,,0,0.9053294690602343,0.47598610654107726,0.30089470692473697,1.359584732199437,5,3.5602569580078196,2.913019271272628,0.6875991821288997,7.522106170654299,5,1.7949581146240234,0.5635634917273005,1.1463165283203125,2.528667449951172,5,,,,,0,6358236.792957974,4581201.564153405,3012684.610964842,13612735.304860434,5,,,,,0,4096.0,0.0,4096.0,4096.0,5,,,,,0,0.5000045776367188,1.7059844799148754e-06,0.5000038146972656,0.5000076293945312,5,1.0,0.0,1.0,1.0,5,0.0,,0.0,0.0,-0.0,0.0,,0.0,,0.0,,3.4119377226069484e-06,,0.0,0.0,0.0,,0.0,,,0.0,,0.23440317188285079,0.2596615936618974,0.3201313210620812,0.48091833140695445,0.0,0.0,0.0,0.0,,0.45481611204756556,0.1341462843339005,,0.9937411549272641,0.8182047828656278,,0.5257600937647248,0.3139702743678483,,0.720514462315604,0.720514462315604,,0.5257600937647248,0.8182047828656277,0.31397027436784836,,0.720514462315604,,0.0,,3.4119377226069484e-06,0.0
small_strided_read_heavy_freq_1gb,1.0,0.0,1,1,5,262144.0,0.0,262144,262144,5,0.0,0.0,0,0,5,262144.0,0.0,262144,262144,5,-1.0,0.0,-1,-1,5,1.0,0.0,1,1,5,1073741824.0,0.0,1073741824,1073741824,5,0.0,0.0,0,0,5,0.0,0.0,0,0,5,0.0,0.0,0,0,5,262128.0,0.0,262128,262128,5,0.0,0.0,0,0,5,0.0,0.0,0,0,5,8.0,0.0,8,8,5,229376.0,0.0,229376,229376,5,524288.0,0.0,524288,524288,5,4096.0,0.0,4096,4096,5,0.0,0.0,0,0,5,262144.0,0.0,262144,262144,5,0.0,0.0,0,0,5,0.0,0.0,0,0,5,0.0,0.0,0,0,5,61440.0,0.0,61440,61440,5,0.0,0.0,0,0,5,0.0,0.0,0,0,5,0.0,0.0,0,0,5,262128.0,0.0,262128,262128,5,0.0,0.0,0,0,5,0.0,0.0,0,0,5,0.0,0.0,0,0,5,67.16628074645996,0.6248701419881473,66.64188885688782,68.12413668632507,5,0.00043869018554682003,0.00011580530583643312,0.0002896785736083,0.0005860328674316,5,0.03978972434997554,0.0007979812926746987,0.0387866497039794,0.0409166812896728,5,0.01206974983215328,0.0014572155588735275,0.0094764232635498,0.0129225254058837,5,0.0,0.0,0.0,0.0,5,0.0007368087768554799,0.0004578660934825043,0.00037932395935060025,0.0013716220855712995,5,67.27632665634155,0.6277836935011962,66.74986100196838,68.23791575431824,5,0.0,0.0,0.0,0.0,5,0.0017364978790283202,0.00011198132595333501,0.001547098159790039,0.0018460750579833984,5,15.221861167139611,0.1411818031892564,15.006320000844973,15.34085591533746,5,,,,,0,15.221861167139611,0.1411818031892564,15.006320000844973,15.34085591533746,5,0.2566388193372404,0.0023948047390029764,0.2546305122450576,0.2603069906399469,5,,,,,0,0.73680877685548,0.45786609348250434,0.37932395935060026,1.3716220855712995,5,1.7364978790283203,0.111981325953335,1.547098159790039,1.8460750579833984,5,15961278.295194585,148039.85046097773,15735267.001206018,16086053.332280893,5,,,,,0,4096.0,0.0,4096.0,4096.0,5,,,,,0,0.99993896484375,0.0,0.99993896484375,0.99993896484375,5,,,,,0,1.0,0.0,1.0,1.0,5,0.0,0.0,,0.0,-0.0,0.0,0.0,,,,0.0,,,0.0,0.0,0.0,0.0,,0.0,,,,0.0,,,,0.0,,,,0.009303331002455149,0.26397970515817154,0.02005495905565853,0.12073287177763782,,0.6214178059015055,0.009331420496663228,,0.06448687747087581,0.00927493698957355,,0.00927493698957355,0.009331420496663228,,0.6214178059015055,0.0644868774708758,0.00927493698957355,,0.0,,0.0,,0.0
small_strided_write_heavy_freq_1gb,1.0,0.0,1,1,5,0.0,0.0,0,0,5,262144.0,0.0,262144,262144,5,262144.0,0.0,262144,262144,5,-1.0,0.0,-1,-1,5,1.0,0.0,1,1,5,0.0,0.0,0,0,5,1073741824.0,0.0,1073741824,1073741824,5,0.0,0.0,0,0,5,0.0,0.0,0,0,5,0.0,0.0,0,0,5,262128.0,0.0,262128,262128,5,0.0,0.0,0,0,5,8.0,0.0,8,8,5,229376.0,0.0,229376,229376,5,524288.0,0.0,524288,524288,5,0.0,0.0,0,0,5,4096.0,0.0,4096,4096,5,0.0,0.0,0,0,5,0.0,0.0,0,0,5,262144.0,0.0,262144,262144,5,0.0,0.0,0,0,5,61440.0,0.0,61440,61440,5,0.0,0.0,0,0,5,0.0,0.0,0,0,5,0.0,0.0,0,0,5,262128.0,0.0,262128,262128,5,0.0,0.0,0,0,5,0.0,0.0,0,0,5,0.0,0.0,0,0,5,0.0,0.0,0.0,0.0,5,342.84495677947996,69.11107965622342,228.861611366272,402.11817622184753,5,0.04604487419128412,0.0023275654502129734,0.0437214374542236,0.0492737293243408,5,0.0,0.0,0.0,0.0,5,0.3993964195251465,0.19966753214035396,0.2584211826324463,0.7508225440979004,5,0.0015747070312499996,0.0005268337289936046,0.0006546974182128997,0.0019094944000243993,5,0.0,0.0,0.0,0.0,5,342.2695517539978,69.1494127491878,228.7374725341797,401.8675105571747,5,0.0023121833801042157,0.0009133773913024541,0.0017704963684082031,0.0039370059967041016,5,,,,,0,3.1182111316488568,0.7892305062657149,2.5481034746507905,4.476747900792627,5,3.1182111316488568,0.7892305062657149,2.5481034746507905,4.476747900792627,5,,,,,0,1.3056547231826698,0.2637840757339012,0.8725642110221088,1.53300289366598,5,1.5747070312499998,0.5268337289936046,0.6546974182128997,1.9094944000243994,5,2.3121833801042158,0.9133773913024541,1.7704963684082031,3.9370059967041016,5,,,,,0,3269681.3555798316,827568.1673380783,2671880.1490354273,4694210.406821529,5,,,,,0,4096.0,0.0,4096.0,4096.0,5,,,,,0,0.99993896484375,0.0,0.99993896484375,0.99993896484375,5,1.0,0.0,1.0,1.0,5,0.0,,0.0,0.0,-0.0,0.0,,0.0,,,,0.0,,0.0,0.0,0.0,,0.0,,,0.0,,0.0,,,,0.0,,,,,0.20158114707423305,0.05054993614584706,,0.49992319004197444,0.33455983782291554,,0.20203203117199314,0.39502809299722846,,0.2531036138814575,0.2531036138814575,,0.20203203117199314,0.3345598378229155,0.3950280929972284,,0.2531036138814575,,0.0,,0.0,0.0
