profile,POSIX_OPENS_mean,POSIX_OPENS_std,POSIX_OPENS_min,POSIX_OPENS_max,POSIX_OPENS_count,POSIX_READS_mean,POSIX_READS_std,POSIX_READS_min,POSIX_READS_max,POSIX_READS_count,POSIX_WRITES_mean,POSIX_WRITES_std,POSIX_WRITES_min,POSIX_WRITES_max,POSIX_WRITES_count,POSIX_SEEKS_mean,POSIX_SEEKS_std,POSIX_SEEKS_min,POSIX_SEEKS_max,POSIX_SEEKS_count,POSIX_MMAPS_mean,POSIX_MMAPS_std,POSIX_MMAPS_min,POSIX_MMAPS_max,POSIX_MMAPS_count,POSIX_BYTES_READ_mean,POSIX_BYTES_READ_std,POSIX_BYTES_READ_min,POSIX_BYTES_READ_max,POSIX_BYTES_READ_count,POSIX_BYTES_WRITTEN_mean,POSIX_BYTES_WRITTEN_std,POSIX_BYTES_WRITTEN_min,POSIX_BYTES_WRITTEN_max,POSIX_BYTES_WRITTEN_count,POSIX_CONSEC_READS_mean,POSIX_CONSEC_READS_std,POSIX_CONSEC_READS_min,POSIX_CONSEC_READS_max,POSIX_CONSEC_READS_count,POSIX_CONSEC_WRITES_mean,POSIX_CONSEC_WRITES_std,POSIX_CONSEC_WRITES_min,POSIX_CONSEC_WRITES_max,POSIX_CONSEC_WRITES_count,POSIX_SEQ_READS_mean,POSIX_SEQ_READS_std,POSIX_SEQ_READS_min,POSIX_SEQ_READS_max,POSIX_SEQ_READS_count,POSIX_SEQ_WRITES_mean,POSIX_SEQ_WRITES_std,POSIX_SEQ_WRITES_min,POSIX_SEQ_WRITES_max,POSIX_SEQ_WRITES_count,POSIX_MEM_ALIGNMENT_mean,POSIX_MEM_ALIGNMENT_std,POSIX_MEM_ALIGNMENT_min,POSIX_MEM_ALIGNMENT_max,POSIX_MEM_ALIGNMENT_count,POSIX_FILE_NOT_ALIGNED_mean,POSIX_FILE_NOT_ALIGNED_std,POSIX_FILE_NOT_ALIGNED_min,POSIX_FILE_NOT_ALIGNED_max,POSIX_FILE_NOT_ALIGNED_count,POSIX_FILE_ALIGNMENT_mean,POSIX_FILE_ALIGNMENT_std,POSIX_FILE_ALIGNMENT_min,POSIX_FILE_ALIGNMENT_max,POSIX_FILE_ALIGNMENT_count,POSIX_MAX_READ_TIME_SIZE_mean,POSIX_MAX_READ_TIME_SIZE_std,POSIX_MAX_READ_TIME_SIZE_min,POSIX_MAX_READ_TIME_SIZE_max,POSIX_MAX_READ_TIME_SIZE_count,POSIX_MAX_WRITE_TIME_SIZE_mean,POSIX_MAX_WRITE_TIME_SIZE_std,POSIX_MAX_WRITE_TIME_SIZE_min,POSIX_MAX_WRITE_TIME_SIZE_max,POSIX_MAX_WRITE_TIME_SIZE_count,POSIX_SIZE_READ_1K_10K_mean,POSIX_SIZE_READ_1K_10K_std,POSIX_SIZE_READ_1K_10K_min,POSIX_SIZE_READ_1K_10K_max,POSIX_SIZE_READ_1K_10K_count,POSIX_SIZE_READ_1M_4M_mean,POSIX_SIZE_READ_1M_4M_std,POSIX_SIZE_READ_1M_4M_min,POSIX_SIZE_READ_1M_4M_max,POSIX_SIZE_READ_1M_4M_count,POSIX_SIZE_WRITE_1K_10K_mean,POSIX_SIZE_WRITE_1K_10K_std,POSIX_SIZE_WRITE_1K_10K_min,POSIX_SIZE_WRITE_1K_10K_max,POSIX_SIZE_WRITE_1K_10K_count,POSIX_SIZE_WRITE_1M_4M_mean,POSIX_SIZE_WRITE_1M_4M_std,POSIX_SIZE_WRITE_1M_4M_min,POSIX_SIZE_WRITE_1M_4M_max,POSIX_SIZE_WRITE_1M_4M_count,POSIX_STRIDE1_STRIDE_mean,POSIX_STRIDE1_STRIDE_std,POSIX_STRIDE1_STRIDE_min,POSIX_STRIDE1_STRIDE_max,POSIX_STRIDE1_STRIDE_count,POSIX_STRIDE2_STRIDE_mean,POSIX_STRIDE2_STRIDE_std,POSIX_STRIDE2_STRIDE_min,POSIX_STRIDE2_STRIDE_max,POSIX_STRIDE2_STRIDE_count,POSIX_STRIDE3_STRIDE_mean,POSIX_STRIDE3_STRIDE_std,POSIX_STRIDE3_STRIDE_min,POSIX_STRIDE3_STRIDE_max,POSIX_STRIDE3_STRIDE_count,POSIX_STRIDE4_STRIDE_mean,POSIX_STRIDE4_STRIDE_std,POSIX_STRIDE4_STRIDE_min,POSIX_STRIDE4_STRIDE_max,POSIX_STRIDE4_STRIDE_count,POSIX_STRIDE1_COUNT_mean,POSIX_STRIDE1_COUNT_std,POSIX_STRIDE1_COUNT_min,POSIX_STRIDE1_COUNT_max,POSIX_STRIDE1_COUNT_count,POSIX_STRIDE2_COUNT_mean,POSIX_STRIDE2_COUNT_std,POSIX_STRIDE2_COUNT_min,POSIX_STRIDE2_COUNT_max,POSIX_STRIDE2_COUNT_count,POSIX_STRIDE3_COUNT_mean,POSIX_STRIDE3_COUNT_std,POSIX_STRIDE3_COUNT_min,POSIX_STRIDE3_COUNT_max,POSIX_STRIDE3_COUNT_count,POSIX_STRIDE4_COUNT_mean,POSIX_STRIDE4_COUNT_std,POSIX_STRIDE4_COUNT_min,POSIX_STRIDE4_COUNT_max,POSIX_STRIDE4_COUNT_count,POSIX_F_READ_TIME_mean,POSIX_F_READ_TIME_std,POSIX_F_READ_TIME_min,POSIX_F_READ_TIME_max,POSIX_F_READ_TIME_count,POSIX_F_WRITE_TIME_mean,POSIX_F_WRITE_TIME_std,POSIX_F_WRITE_TIME_min,POSIX_F_WRITE_TIME_max,POSIX_F_WRITE_TIME_count,POSIX_F_META_TIME_mean,POSIX_F_META_TIME_std,POSIX_F_META_TIME_min,POSIX_F_META_TIME_max,POSIX_F_META_TIME_count,POSIX_F_MAX_READ_TIME_mean,POSIX_F_MAX_READ_TIME_std,POSIX_F_MAX_READ_TIME_min,POSIX_F_MAX_READ_TIME_max,POSIX_F_MAX_READ_TIME_count,POSIX_F_MAX_WRITE_TIME_mean,POSIX_F_MAX_WRITE_TIME_std,POSIX_F_MAX_WRITE_TIME_min,POSIX_F_MAX_WRITE_TIME_max,POSIX_F_MAX_WRITE_TIME_count,POSIX_OPEN_DURATION_mean,POSIX_OPEN_DURATION_std,POSIX_OPEN_DURATION_min,POSIX_OPEN_DURATION_max,POSIX_OPEN_DURATION_count,POSIX_READ_DURATION_mean,POSIX_READ_DURATION_std,POSIX_READ_DURATION_min,POSIX_READ_DURATION_max,POSIX_READ_DURATION_count,POSIX_WRITE_DURATION_mean,POSIX_WRITE_DURATION_std,POSIX_WRITE_DURATION_min,POSIX_WRITE_DURATION_max,POSIX_WRITE_DURATION_count,POSIX_CLOSE_DURATION_mean,POSIX_CLOSE_DURATION_std,POSIX_CLOSE_DURATION_min,POSIX_CLOSE_DURATION_max,POSIX_CLOSE_DURATION_count,POSIX_READ_BW_MBps_mean,POSIX_READ_BW_MBps_std,POSIX_READ_BW_MBps_min,POSIX_READ_BW_MBps_max,POSIX_READ_BW_MBps_count,POSIX_WRITE_BW_MBps_mean,POSIX_WRITE_BW_MBps_std,POSIX_WRITE_BW_MBps_min,POSIX_WRITE_BW_MBps_max,POSIX_WRITE_BW_MBps_count,POSIX_TOTAL_BW_MBps_mean,POSIX_TOTAL_BW_MBps_std,POSIX_TOTAL_BW_MBps_min,POSIX_TOTAL_BW_MBps_max,POSIX_TOTAL_BW_MBps_count,POSIX_READ_LATENCY_ms_mean,POSIX_READ_LATENCY_ms_std,POSIX_READ_LATENCY_ms_min,POSIX_READ_LATENCY_ms_max,POSIX_READ_LATENCY_ms_count,POSIX_WRITE_LATENCY_ms_mean,POSIX_WRITE_LATENCY_ms_std,POSIX_WRITE_LATENCY_ms_min,POSIX_WRITE_LATENCY_ms_max,POSIX_WRITE_LATENCY_ms_count,POSIX_OPEN_LATENCY_ms_mean,POSIX_OPEN_LATENCY_ms_std,POSIX_OPEN_LATENCY_ms_min,POSIX_OPEN_LATENCY_ms_max,POSIX_OPEN_LATENCY_ms_count,POSIX_CLOSE_LATENCY_ms_mean,POSIX_CLOSE_LATENCY_ms_std,POSIX_CLOSE_LATENCY_ms_min,POSIX_CLOSE_LATENCY_ms_max,POSIX_CLOSE_LATENCY_ms_count,POSIX_READ_DENSITY_mean,POSIX_READ_DENSITY_std,POSIX_READ_DENSITY_min,POSIX_READ_DENSITY_max,POSIX_READ_DENSITY_count,POSIX_WRITE_DENSITY_mean,POSIX_WRITE_DENSITY_std,POSIX_WRITE_DENSITY_min,POSIX_WRITE_DENSITY_max,POSIX_WRITE_DENSITY_count,POSIX_MEAN_READ_SIZE_mean,POSIX_MEAN_READ_SIZE_std,POSIX_MEAN_READ_SIZE_min,POSIX_MEAN_READ_SIZE_max,POSIX_MEAN_READ_SIZE_count,POSIX_MEAN_WRITE_SIZE_mean,POSIX_MEAN_WRITE_SIZE_std,POSIX_MEAN_WRITE_SIZE_min,POSIX_MEAN_WRITE_SIZE_max,POSIX_MEAN_WRITE_SIZE_count,POSIX_SEQ_READ_RATIO_mean,POSIX_SEQ_READ_RATIO_std,POSIX_SEQ_READ_RATIO_min,POSIX_SEQ_READ_RATIO_max,POSIX_SEQ_READ_RATIO_count,POSIX_SEQ_WRITE_RATIO_mean,POSIX_SEQ_WRITE_RATIO_std,POSIX_SEQ_WRITE_RATIO_min,POSIX_SEQ_WRITE_RATIO_max,POSIX_SEQ_WRITE_RATIO_count,POSIX_SEEK_RATE_mean,POSIX_SEEK_RATE_std,POSIX_SEEK_RATE_min,POSIX_SEEK_RATE_max,POSIX_SEEK_RATE_count,POSIX_OPENS_cv,POSIX_READS_cv,POSIX_WRITES_cv,POSIX_SEEKS_cv,POSIX_MMAPS_cv,POSIX_BYTES_READ_cv,POSIX_BYTES_WRITTEN_cv,POSIX_CONSEC_READS_cv,POSIX_CONSEC_WRITES_cv,POSIX_SEQ_READS_cv,POSIX_SEQ_WRITES_cv,POSIX_MEM_ALIGNMENT_cv,POSIX_FILE_NOT_ALIGNED_cv,POSIX_FILE_ALIGNMENT_cv,POSIX_MAX_READ_TIME_SIZE_cv,POSIX_MAX_WRITE_TIME_SIZE_cv,POSIX_SIZE_READ_1K_10K_cv,POSIX_SIZE_READ_1M_4M_cv,POSIX_SIZE_WRITE_1K_10K_cv,POSIX_SIZE_WRITE_1M_4M_cv,POSIX_STRIDE1_STRIDE_cv,POSIX_STRIDE2_STRIDE_cv,POSIX_STRIDE3_STRIDE_cv,POSIX_STRIDE4_STRIDE_cv,POSIX_STRIDE1_COUNT_cv,POSIX_STRIDE2_COUNT_cv,POSIX_STRIDE3_COUNT_cv,POSIX_STRIDE4_COUNT_cv,POSIX_F_READ_TIME_cv,POSIX_F_WRITE_TIME_cv,POSIX_F_META_TIME_cv,POSIX_F_MAX_READ_TIME_cv,POSIX_F_MAX_WRITE_TIME_cv,POSIX_OPEN_DURATION_cv,POSIX_READ_DURATION_cv,POSIX_WRITE_DURATION_cv,POSIX_CLOSE_DURATION_cv,POSIX_READ_BW_MBps_cv,POSIX_WRITE_BW_MBps_cv,POSIX_TOTAL_BW_MBps_cv,POSIX_READ_LATENCY_ms_cv,POSIX_WRITE_LATENCY_ms_cv,POSIX_OPEN_LATENCY_ms_cv,POSIX_CLOSE_LATENCY_ms_cv,POSIX_READ_DENSITY_cv,POSIX_WRITE_DENSITY_cv,POSIX_MEAN_READ_SIZE_cv,POSIX_MEAN_WRITE_SIZE_cv,POSIX_SEQ_READ_RATIO_cv,POSIX_SEQ_WRITE_RATIO_cv,POSIX_SEEK_RATE_cv
large_contiguous_read_heavy_freq_102mb,1.0,0.0,1,1,3,25.0,0.0,25,25,3,0.0,0.0,0,0,3,25.0,0.0,25,25,3,-1.0,0.0,-1,-1,3,104857600.0,0.0,104857600,104857600,3,0.0,0.0,0,0,3,24.0,0.0,24,24,3,0.0,0.0,0,0,3,24.0,0.0,24,24,3,0.0,0.0,0,0,3,8.0,0.0,8,8,3,0.0,0.0,0,0,3,524288.0,0.0,524288,524288,3,4194304.0,0.0,4194304,4194304,3,0.0,0.0,0,0,3,0.0,0.0,0,0,3,25.0,0.0,25,25,3,0.0,0.0,0,0,3,0.0,0.0,0,0,3,0.0,0.0,0,0,3,0.0,0.0,0,0,3,0.0,0.0,0,0,3,0.0,0.0,0,0,3,0.0,0.0,0,0,3,0.0,0.0,0,0,3,0.0,0.0,0,0,3,0.0,0.0,0,0,3,0.3766477108001709,0.0018563962600629564,0.3745338916778564,0.3780128955841064,3,0.0,0.0,0.0,0.0,3,0.003525177637735967,0.000325549751555051,0.0032126903533935,0.0038623809814453,3,0.0241942405700683,0.002950327592096466,0.0210177898406982,0.0268487930297851,3,0.0,0.0,0.0,0.0,3,0.0017964045206706,8.341800112126646e-05,0.0017039775848389001,0.0018661022186278998,3,0.3767661253611247,0.0018631244284402371,0.3746466636657715,0.3781454563140869,3,0.0,0.0,0.0,0.0,3,0.001710255940755227,0.0002449170834409103,0.0014927387237548828,0.0019755363464356024,3,265.42098024172674,1.315787197813542,264.4485034270521,266.9181650292545,3,,,,,0,265.42098024172674,1.315787197813542,264.4485034270521,266.9181650292545,3,15.07064501444499,0.0745249771376093,14.98586654663086,15.125818252563477,3,,,,,0,1.7964045206706,0.0834180011212665,1.7039775848389,1.8661022186278997,3,1.7102559407552267,0.24491708344091032,1.4927387237548828,1.9755363464356024,3,278314069.77794886,1379702.8767345326,277294353.9295246,279883981.8137156,3,,,,,0,4194304.0,0.0,4194304.0,4194304.0,3,,,,,0,0.96,0.0,0.96,0.96,3,,,,,0,1.0,0.0,1.0,1.0,3,0.0,0.0,,0.0,-0.0,0.0,,0.0,,0.0,,0.0,,0.0,0.0,,,0.0,,,,,,,,,,,0.004928733686231962,,0.09234988559729268,0.12194338497842494,,0.04643608951180239,0.004945042303509797,,0.14320493067999993,0.00495735942431987,,0.00495735942431987,0.004945042303509784,,0.04643608951180242,0.14320493067999993,0.00495735942431987,,0.0,,0.0,,0.0
large_contiguous_read_heavy_freq_10gb,1.0,0.0,1,1,3,2560.0,0.0,2560,2560,3,0.0,0.0,0,0,3,2560.0,0.0,2560,2560,3,-1.0,0.0,-1,-1,3,10737418240.0,0.0,10737418240,10737418240,3,0.0,0.0,0,0,3,2559.0,0.0,2559,2559,3,0.0,0.0,0,0,3,2559.0,0.0,2559,2559,3,0.0,0.0,0,0,3,8.0,0.0,8,8,3,0.0,0.0,0,0,3,524288.0,0.0,524288,524288,3,4194304.0,0.0,4194304,4194304,3,0.0,0.0,0,0,3,0.0,0.0,0,0,3,2560.0,0.0,2560,2560,3,0.0,0.0,0,0,3,0.0,0.0,0,0,3,0.0,0.0,0,0,3,0.0,0.0,0,0,3,0.0,0.0,0,0,3,0.0,0.0,0,0,3,0.0,0.0,0,0,3,0.0,0.0,0,0,3,0.0,0.0,0,0,3,0.0,0.0,0,0,3,37.08997909228007,0.03348989776860871,37.06008791923523,37.12617230415344,3,0.0,0.0,0.0,0.0,3,0.005004564921061167,0.0004783871215644305,0.0045258998870849,0.0054826736450195,3,0.06081581115722651,0.020781516072825714,0.0413343906402587,0.0826902389526367,3,0.0,0.0,0.0,0.0,3,0.001517136891682933,0.000532663087844692,0.0009076595306396001,0.0018935203552245998,3,37.10024197896322,0.032749317383334045,37.07024908065795,37.13518428802491,3,0.0,0.0,0.0,0.0,3,0.0017247200012207031,6.68031670501056e-05,0.001659393310546875,0.00179290771484375,3,276.0091247958555,0.24359265050330275,275.74927111112044,276.23229554567246,3,,,,,0,276.0091247958555,0.24359265050330275,275.74927111112044,276.23229554567246,3,14.492282023032507,0.012792702102865613,14.480566047132012,14.505931362509731,3,,,,,0,1.5171368916829333,0.532663087844692,0.9076595306396,1.8935203552245998,3,1.7247200012207031,0.06680316705010561,1.659393310546875,1.79290771484375,3,289416544.04193896,255425.4070941512,289144067.7046142,289650555.53409904,3,,,,,0,4194304.0,0.0,4194304.0,4194304.0,3,,,,,0,0.999609375,0.0,0.999609375,0.999609375,3,,,,,0,1.0,0.0,1.0,1.0,3,0.0,0.0,,0.0,-0.0,0.0,,0.0,,0.0,,0.0,,0.0,0.0,,,0.0,,,,,,,,,,,0.0009029365502009495,,0.09559015201325301,0.341712388232387,,0.3510975777893175,0.0008827251693372712,,0.038732760681632034,0.0008825528890882542,,0.0008825528890882542,0.0008827251693373231,,0.35109757778931744,0.03873276068163204,0.0008825528890882542,,0.0,,0.0,,0.0
large_contiguous_read_heavy_freq_1gb,1.0,0.0,1,1,3,256.0,0.0,256,256,3,0.0,0.0,0,0,3,256.0,0.0,256,256,3,-1.0,0.0,-1,-1,3,1073741824.0,0.0,1073741824,1073741824,3,0.0,0.0,0,0,3,255.0,0.0,255,255,3,0.0,0.0,0,0,3,255.0,0.0,255,255,3,0.0,0.0,0,0,3,8.0,0.0,8,8,3,0.0,0.0,0,0,3,524288.0,0.0,524288,524288,3,4194304.0,0.0,4194304,4194304,3,0.0,0.0,0,0,3,0.0,0.0,0,0,3,256.0,0.0,256,256,3,0.0,0.0,0,0,3,0.0,0.0,0,0,3,0.0,0.0,0,0,3,0.0,0.0,0,0,3,0.0,0.0,0,0,3,0.0,0.0,0,0,3,0.0,0.0,0,0,3,0.0,0.0,0,0,3,0.0,0.0,0,0,3,0.0,0.0,0,0,3,3.865974267323812,0.239434532320855,3.7052857875823975,4.141160249710083,3,0.0,0.0,0.0,0.0,3,0.0031455357869465666,0.0006206715813124095,0.002446174621582,0.0036308765411376,3,0.10485251744588213,0.11873752859797833,0.0279879570007324,0.2416081428527832,3,0.0,0.0,0.0,0.0,3,0.0012985865275064999,0.0005341002079750049,0.0006957054138183,0.0017125606536865998,3,3.8671135902404785,0.2394372309609433,3.7064340114593506,4.142303943634033,3,0.0,0.0,0.0,0.0,3,0.001661221186320135,8.024346741441771e-05,0.001575469970703125,0.0017344951629638672,3,265.45300799206416,15.893998020293576,247.20542334265488,276.2763337574749,3,,,,,0,265.45300799206416,15.893998020293576,247.20542334265488,276.2763337574749,3,15.10591246187687,0.9353016834411848,14.478257857263088,16.180874779820442,3,,,,,0,1.2985865275064998,0.5341002079750049,0.6957054138183,1.7125606536865998,3,1.661221186320135,0.08024346741441771,1.575469970703125,1.7344951629638672,3,278347653.30828667,16666064.868127357,259213673.9869477,289696732.946078,3,,,,,0,4194304.0,0.0,4194304.0,4194304.0,3,,,,,0,0.99609375,0.0,0.99609375,0.99609375,3,,,,,0,1.0,0.0,1.0,1.0,3,0.0,0.0,,0.0,-0.0,0.0,,0.0,,0.0,,0.0,,0.0,0.0,,,0.0,,,,,,,,,,,0.06193381428961283,,0.19731823872043994,1.1324242039230266,,0.41129350771917006,0.06191626529027138,,0.048303903222044475,0.059874996861096916,,0.059874996861096916,0.06191626529027139,,0.4112935077191701,0.048303903222044475,0.059874996861096916,,0.0,,0.0,,0.0
large_contiguous_read_heavy_seldom_102mb,1.0,0.0,1,1,3,25.0,0.0,25,25,3,0.0,0.0,0,0,3,25.0,0.0,25,25,3,-1.0,0.0,-1,-1,3,104857600.0,0.0,104857600,104857600,3,0.0,0.0,0,0,3,24.0,0.0,24,24,3,0.0,0.0,0,0,3,24.0,0.0,24,24,3,0.0,0.0,0,0,3,8.0,0.0,8,8,3,0.0,0.0,0,0,3,524288.0,0.0,524288,524288,3,4194304.0,0.0,4194304,4194304,3,0.0,0.0,0,0,3,0.0,0.0,0,0,3,25.0,0.0,25,25,3,0.0,0.0,0,0,3,0.0,0.0,0,0,3,0.0,0.0,0,0,3,0.0,0.0,0,0,3,0.0,0.0,0,0,3,0.0,0.0,0,0,3,0.0,0.0,0,0,3,0.0,0.0,0,0,3,0.0,0.0,0,0,3,0.0,0.0,0,0,3,0.38673909505208326,0.019933511854887516,0.369816780090332,0.4087121486663818,3,0.0,0.0,0.0,0.0,3,0.0036142667134602333,0.00015853317685239266,0.0034339427947998,0.0037317276000976,3,0.032212972640991135,0.018561197569522528,0.0175898075103759,0.0530943870544433,3,0.0,0.0,0.0,0.0,3,0.0017266273498535332,0.00015524894484213671,0.0015954971313477,0.0018980503082275998,3,0.3868570327758789,0.019941826169238102,0.3699357509613038,0.4088428020477295,3,0.0,0.0,0.0,0.0,3,0.0018692811330159875,0.00017388093251567932,0.0017294883728027899,0.002063989639282282,3,258.94411467537105,13.118265917633966,244.59278602714818,270.31720978614,3,,,,,0,258.94411467537105,13.118265917633966,244.59278602714818,270.31720978614,3,15.474281311035158,0.7976730467695234,14.797430038452154,16.35371208190918,3,,,,,0,1.7266273498535334,0.1552489448421367,1.5954971313477,1.8980503082275997,3,1.8692811330159875,0.17388093251567935,1.7294883728027899,2.063989639282282,3,271522583.9898419,13755498.802848954,256474125.20120293,283448138.5687115,3,,,,,0,4194304.0,0.0,4194304.0,4194304.0,3,,,,,0,0.96,0.0,0.96,0.96,3,,,,,0,1.0,0.0,1.0,1.0,3,0.0,0.0,,0.0,-0.0,0.0,,0.0,,0.0,,0.0,,0.0,0.0,,,0.0,,,,,,,,,,,0.051542531153213285,,0.043863164902021266,0.5762025683374322,,0.08991456370438371,0.05154830978810502,,0.09302021480050543,0.050660606571730216,,0.050660606571730216,0.05154830978810497,,0.08991456370438368,0.09302021480050544,0.050660606571730216,,0.0,,0.0,,0.0
large_contiguous_read_heavy_seldom_10gb,1.0,0.0,1,1,3,2560.0,0.0,2560,2560,3,0.0,0.0,0,0,3,2560.0,0.0,2560,2560,3,-1.0,0.0,-1,-1,3,10737418240.0,0.0,10737418240,10737418240,3,0.0,0.0,0,0,3,2559.0,0.0,2559,2559,3,0.0,0.0,0,0,3,2559.0,0.0,2559,2559,3,0.0,0.0,0,0,3,8.0,0.0,8,8,3,0.0,0.0,0,0,3,524288.0,0.0,524288,524288,3,4194304.0,0.0,4194304,4194304,3,0.0,0.0,0,0,3,0.0,0.0,0,0,3,2560.0,0.0,2560,2560,3,0.0,0.0,0,0,3,0.0,0.0,0,0,3,0.0,0.0,0,0,3,0.0,0.0,0,0,3,0.0,0.0,0,0,3,0.0,0.0,0,0,3,0.0,0.0,0,0,3,0.0,0.0,0,0,3,0.0,0.0,0,0,3,0.0,0.0,0,0,3,37.07394679387411,0.040781776544726804,37.04377555847168,37.120344161987305,3,0.0,0.0,0.0,0.0,3,0.004895130793253567,0.0004824916631502791,0.0043537616729736,0.0052797794342041,3,0.05923263231913243,0.026060336290105082,0.0408945083618164,0.0890638828277587,3,0.0,0.0,0.0,0.0,3,0.0012761751810709333,0.0006078080517060952,0.0006160736083984,0.0018126964569091996,3,37.084794203440346,0.04052560497575949,37.054948091506965,37.130929946899414,3,0.0,0.0,0.0,0.0,3,0.0018202463785830976,8.465751024676511e-05,0.0017366409301757812,0.0019059181213378906,3,276.1241734699354,0.3015770400126476,275.7808655652882,276.3463593232511,3,,,,,0,276.1241734699354,0.3015770400126476,275.7808655652882,276.3463593232511,3,14.486247735718885,0.01583031444365683,14.474589098244909,14.504269510507584,3,,,,,0,1.2761751810709334,0.6078080517060951,0.6160736083984,1.8126964569091997,3,1.8202463785830976,0.08465751024676511,1.7366409301757812,1.9059181213378906,3,289537181.32041097,316226.446308302,289177196.89098763,289770160.0737373,3,,,,,0,4194304.0,0.0,4194304.0,4194304.0,3,,,,,0,0.999609375,0.0,0.999609375,0.999609375,3,,,,,0,1.0,0.0,1.0,1.0,3,0.0,0.0,,0.0,-0.0,0.0,,0.0,,0.0,,0.0,,0.0,0.0,,,0.0,,,,,,,,,,,0.001100011735234657,,0.09856563257007259,0.4399658645879134,,0.4762732113282742,0.0010927822533797406,,0.046508819488856,0.0010921790592357664,,0.0010921790592357664,0.0010927822533797946,,0.47627321132827405,0.046508819488856,0.0010921790592357664,,0.0,,0.0,,0.0
large_contiguous_read_heavy_seldom_1gb,1.0,0.0,1,1,3,256.0,0.0,256,256,3,0.0,0.0,0,0,3,256.0,0.0,256,256,3,-1.0,0.0,-1,-1,3,1073741824.0,0.0,1073741824,1073741824,3,0.0,0.0,0,0,3,255.0,0.0,255,255,3,0.0,0.0,0,0,3,255.0,0.0,255,255,3,0.0,0.0,0,0,3,8.0,0.0,8,8,3,0.0,0.0,0,0,3,524288.0,0.0,524288,524288,3,4194304.0,0.0,4194304,4194304,3,0.0,0.0,0,0,3,0.0,0.0,0,0,3,256.0,0.0,256,256,3,0.0,0.0,0,0,3,0.0,0.0,0,0,3,0.0,0.0,0,0,3,0.0,0.0,0,0,3,0.0,0.0,0,0,3,0.0,0.0,0,0,3,0.0,0.0,0,0,3,0.0,0.0,0,0,3,0.0,0.0,0,0,3,0.0,0.0,0,0,3,3.722604672114054,0.005558805075229337,3.716862678527832,3.727960109710693,3,0.0,0.0,0.0,0.0,3,0.003745953241984,0.0006180627393718223,0.0031189918518066,0.00435471534729,3,0.028813282648722304,0.002369521010301174,0.0265836715698242,0.0313014984130859,3,0.0,0.0,0.0,0.0,3,0.001947561899821,0.0002365146352794826,0.0016937255859375,0.0021617412567139,3,3.72371768951416,0.005553266042129153,3.717956304550171,3.729036331176758,3,0.0,0.0,0.0,0.0,3,0.0016157627105714372,0.0005701445710871338,0.0009603500366219819,0.001997232437133789,3,274.99440181434807,0.41017861745565903,274.60177618512506,275.420127650987,3,,,,,0,274.99440181434807,0.41017861745565903,274.60177618512506,275.420127650987,3,14.545772224664688,0.02169244547706701,14.523266814649105,14.56654816865921,3,,,,,0,1.9475618998210003,0.23651463527948255,1.6937255859375,2.1617412567139,3,1.6157627105714372,0.5701445710871338,0.9603500366219819,1.997232437133789,3,288352529.87688184,430103.4539771851,287940832.0650937,288798935.77176136,3,,,,,0,4194304.0,0.0,4194304.0,4194304.0,3,,,,,0,0.99609375,0.0,0.99609375,0.99609375,3,,,,,0,1.0,0.0,1.0,1.0,3,0.0,0.0,,0.0,-0.0,0.0,,0.0,,0.0,,0.0,,0.0,0.0,,,0.0,,,,,,,,,,,0.0014932568899593925,,0.1649947822211664,0.08223710707277734,,0.12144139567590667,0.0014913230553881482,,0.3528640482645463,0.0014915889732641735,,0.0014915889732641735,0.0014913230553881484,,0.12144139567590664,0.3528640482645463,0.0014915889732641735,,0.0,,0.0,,0.0
large_contiguous_write_heavy_freq_102mb,1.0,0.0,1,1,3,0.0,0.0,0,0,3,25.0,0.0,25,25,3,25.0,0.0,25,25,3,-1.0,0.0,-1,-1,3,0.0,0.0,0,0,3,104857600.0,0.0,104857600,104857600,3,0.0,0.0,0,0,3,24.0,0.0,24,24,3,0.0,0.0,0,0,3,24.0,0.0,24,24,3,8.0,0.0,8,8,3,0.0,0.0,0,0,3,524288.0,0.0,524288,524288,3,0.0,0.0,0,0,3,4194304.0,0.0,4194304,4194304,3,0.0,0.0,0,0,3,0.0,0.0,0,0,3,0.0,0.0,0,0,3,25.0,0.0,25,25,3,0.0,0.0,0,0,3,0.0,0.0,0,0,3,0.0,0.0,0,0,3,0.0,0.0,0,0,3,0.0,0.0,0,0,3,0.0,0.0,0,0,3,0.0,0.0,0,0,3,0.0,0.0,0,0,3,0.0,0.0,0.0,0.0,3,0.4465399583180745,0.0065378687533934905,0.4400200843811035,0.4530956745147705,3,0.003359079360961867,0.000500445708911613,0.0028104782104492,0.0037906169891357,3,0.0,0.0,0.0,0.0,3,0.025344689687093035,0.0005182264794777504,0.0248000621795654,0.0258316993713378,3,0.002185742060343434,0.0005262566333755008,0.0017998218536377,0.0027852058410645,3,0.0,0.0,0.0,0.0,3,0.4466446240743001,0.0065420240674363105,0.4401304721832276,0.453214168548584,3,0.0011552174886067894,0.00044164828602387635,0.0008206367492676336,0.001655817031860407,3,,,,,0,223.9236686453963,3.2795617972954054,220.64623513481382,227.2053545939662,3,223.9236686453963,3.2795617972954054,220.64623513481382,227.2053545939662,3,,,,,0,17.865784962972008,0.2616809626974514,17.605218887329105,18.12856674194336,3,2.185742060343433,0.5262566333755008,1.7998218536377,2.7852058410644998,3,1.1552174886067894,0.44164828602387635,0.8206367492676336,1.655817031860407,3,,,,,0,234800984.77351508,3438869.791160827,231364346.65272254,238242081.8987227,3,,,,,0,4194304.0,0.0,4194304.0,4194304.0,3,,,,,0,0.96,0.0,0.96,0.96,3,1.0,0.0,1.0,1.0,3,0.0,,0.0,0.0,-0.0,,0.0,,0.0,,0.0,0.0,,0.0,,0.0,,,,0.0,,,,,,,,,,0.014641172937846038,0.14898299656972414,,0.020447142414281003,0.24076794921209183,,0.01464704535735783,0.382307479223251,,0.014645891687711195,0.014645891687711195,,0.01464704535735777,0.24076794921209188,0.382307479223251,,0.014645891687711195,,0.0,,0.0,0.0
large_contiguous_write_heavy_freq_10gb,1.0,0.0,1,1,3,0.0,0.0,0,0,3,2560.0,0.0,2560,2560,3,2560.0,0.0,2560,2560,3,-1.0,0.0,-1,-1,3,0.0,0.0,0,0,3,10737418240.0,0.0,10737418240,10737418240,3,0.0,0.0,0,0,3,2559.0,0.0,2559,2559,3,0.0,0.0,0,0,3,2559.0,0.0,2559,2559,3,8.0,0.0,8,8,3,0.0,0.0,0,0,3,524288.0,0.0,524288,524288,3,0.0,0.0,0,0,3,4194304.0,0.0,4194304,4194304,3,0.0,0.0,0,0,3,0.0,0.0,0,0,3,0.0,0.0,0,0,3,2560.0,0.0,2560,2560,3,0.0,0.0,0,0,3,0.0,0.0,0,0,3,0.0,0.0,0,0,3,0.0,0.0,0,0,3,0.0,0.0,0,0,3,0.0,0.0,0,0,3,0.0,0.0,0,0,3,0.0,0.0,0,0,3,0.0,0.0,0.0,0.0,3,43.83579683303833,0.16825031269460192,43.65483069419861,43.9874894618988,3,0.005294720331827767,0.0003683031016403587,0.0049304962158203,0.005666971206665,3,0.0,0.0,0.0,0.0,3,0.0748502413431803,0.014559880390000265,0.0618400573730468,0.0905771255493164,3,0.0019981861114502,0.00030402332870225243,0.0016472339630127005,0.0021810531616211,3,0.0,0.0,0.0,0.0,3,43.847588539123535,0.16831713968862533,43.66642093658447,43.9991180896759,3,0.0013713041941348554,0.0004675871794681887,0.000833988189704371,0.0016858577728271484,3,,,,,0,233.53851456649772,0.8973680434180056,232.73193747041825,234.50513644961347,3,233.53851456649772,0.8973680434180056,232.73193747041825,234.50513644961347,3,,,,,0,17.12796427309513,0.06574888269086927,17.05719567835331,17.18715550377965,3,1.9981861114502004,0.30402332870225257,1.6472339630127004,2.1810531616211,3,1.3713041941348554,0.4675871794681887,0.833988189704371,1.6858577728271484,3,,,,,0,244882881.45007992,940958.5934950786,244037124.06498128,245896457.9577899,3,,,,,0,4194304.0,0.0,4194304.0,4194304.0,3,,,,,0,0.999609375,0.0,0.999609375,0.999609375,3,1.0,0.0,1.0,1.0,3,0.0,,0.0,0.0,-0.0,,0.0,,0.0,,0.0,0.0,,0.0,,0.0,,,,0.0,,,,,,,,,,0.0038381944632016906,0.06956044485039277,,0.19452015289095437,0.1521496556102099,,0.0038386863518946393,0.3409799091026522,,0.0038424841619110715,0.0038424841619110715,,0.0038386863518946397,0.15214965561020993,0.3409799091026522,,0.0038424841619110715,,0.0,,0.0,0.0
large_contiguous_write_heavy_freq_1gb,1.0,0.0,1,1,3,0.0,0.0,0,0,3,256.0,0.0,256,256,3,256.0,0.0,256,256,3,-1.0,0.0,-1,-1,3,0.0,0.0,0,0,3,1073741824.0,0.0,1073741824,1073741824,3,0.0,0.0,0,0,3,255.0,0.0,255,255,3,0.0,0.0,0,0,3,255.0,0.0,255,255,3,8.0,0.0,8,8,3,0.0,0.0,0,0,3,524288.0,0.0,524288,524288,3,0.0,0.0,0,0,3,4194304.0,0.0,4194304,4194304,3,0.0,0.0,0,0,3,0.0,0.0,0,0,3,0.0,0.0,0,0,3,256.0,0.0,256,256,3,0.0,0.0,0,0,3,0.0,0.0,0,0,3,0.0,0.0,0,0,3,0.0,0.0,0,0,3,0.0,0.0,0,0,3,0.0,0.0,0,0,3,0.0,0.0,0,0,3,0.0,0.0,0,0,3,0.0,0.0,0.0,0.0,3,4.413066705067952,0.040196073745820196,4.37584662437439,4.455691814422607,3,0.004091421763102167,0.00047403713514347255,0.0035505294799804,0.004434585571289,3,0.0,0.0,0.0,0.0,3,0.0593362649281819,0.04843166102992795,0.0278410911560058,0.1151046752929687,3,0.0022342999776205,0.00043265558383624324,0.0017354488372803003,0.0025072097778321006,3,0.0,0.0,0.0,0.0,3,4.414240121841431,0.04018850687014297,4.377025604248047,4.4568562507629395,3,0.0016636848449715913,7.053201747037536e-05,0.0016188621521004976,0.0017449855804452241,3,,,,,0,231.98930264816326,2.1083743722348904,229.75836382982024,233.94882566055233,3,231.98930264816326,2.1083743722348904,229.75836382982024,233.94882566055233,3,,,,,0,17.24312547594309,0.156986354961496,17.097756266593933,17.409594729542732,3,2.2342999776205,0.4326555838362432,1.7354488372803003,2.5072097778321005,3,1.6636848449715913,0.07053201747037537,1.6188621521004976,1.7449855804452241,3,,,,,0,243258415.01360044,2210790.7657405725,240919106.1112176,245313123.81583932,3,,,,,0,4194304.0,0.0,4194304.0,4194304.0,3,,,,,0,0.99609375,0.0,0.99609375,0.99609375,3,1.0,0.0,1.0,1.0,3,0.0,,0.0,0.0,-0.0,,0.0,,0.0,,0.0,0.0,,0.0,,0.0,,,,0.0,,,,,,,,,,0.009108421973241227,0.1158612244326656,,0.8162236212297417,0.19364256732303944,,0.009104286527434774,0.04239505918657313,,0.009088239622119418,0.009088239622119418,,0.009104286527434774,0.19364256732303944,0.04239505918657314,,0.009088239622119418,,0.0,,0.0,0.0
large_contiguous_write_heavy_seldom_102mb,1.0,0.0,1,1,3,0.0,0.0,0,0,3,25.0,0.0,25,25,3,25.0,0.0,25,25,3,-1.0,0.0,-1,-1,3,0.0,0.0,0,0,3,104857600.0,0.0,104857600,104857600,3,0.0,0.0,0,0,3,24.0,0.0,24,24,3,0.0,0.0,0,0,3,24.0,0.0,24,24,3,8.0,0.0,8,8,3,0.0,0.0,0,0,3,524288.0,0.0,524288,524288,3,0.0,0.0,0,0,3,4194304.0,0.0,4194304,4194304,3,0.0,0.0,0,0,3,0.0,0.0,0,0,3,0.0,0.0,0,0,3,25.0,0.0,25,25,3,0.0,0.0,0,0,3,0.0,0.0,0,0,3,0.0,0.0,0,0,3,0.0,0.0,0,0,3,0.0,0.0,0,0,3,0.0,0.0,0,0,3,0.0,0.0,0,0,3,0.0,0.0,0,0,3,0.0,0.0,0.0,0.0,3,0.4551948706309001,0.020220934224143755,0.4405896663665771,0.4782741069793701,3,0.0035664240519205337,0.000845756778220449,0.0025959014892578,0.004145860671997,3,0.0,0.0,0.0,0.0,3,0.026363293329874634,0.000812204037270664,0.0255935192108154,0.0272121429443359,3,0.0018839836120605668,0.0007508489250751086,0.0010185241699219002,0.002361536026001,3,0.0,0.0,0.0,0.0,3,0.45531884829203295,0.020225068512362547,0.44071459770202637,0.4784035682678223,3,0.0016630490620930989,0.00010171405288431979,0.0015599727630615234,0.0017633438110352118,3,,,,,0,219.90910673685403,9.550262441160035,209.02854124201994,226.90421538433242,3,219.90910673685403,9.550262441160035,209.02854124201994,226.90421538433242,3,,,,,0,18.212753931681316,0.8090027404945017,17.628583908081055,19.136142730712894,3,1.8839836120605666,0.7508489250751087,1.0185241699219,2.361536026001,3,1.6630490620930989,0.10171405288431978,1.5599727630615234,1.7633438110352118,3,,,,,0,230591411.50570345,10014175.989501825,219182311.6613923,237926314.55084175,3,,,,,0,4194304.0,0.0,4194304.0,4194304.0,3,,,,,0,0.96,0.0,0.96,0.96,3,1.0,0.0,1.0,1.0,3,0.0,,0.0,0.0,-0.0,,0.0,,0.0,,0.0,0.0,,0.0,,0.0,,,,0.0,,,,,,,,,,0.044422588057983915,0.23714419987858865,,0.03080814020873037,0.3985432358691717,,0.0444195723243826,0.06116118592214194,,0.043428226247073966,0.043428226247073966,,0.044419572324382595,0.39854323586917184,0.06116118592214193,,0.043428226247073966,,0.0,,0.0,0.0
large_contiguous_write_heavy_seldom_10gb,1.0,0.0,1,1,3,0.0,0.0,0,0,3,2560.0,0.0,2560,2560,3,2560.0,0.0,2560,2560,3,-1.0,0.0,-1,-1,3,0.0,0.0,0,0,3,10737418240.0,0.0,10737418240,10737418240,3,0.0,0.0,0,0,3,2559.0,0.0,2559,2559,3,0.0,0.0,0,0,3,2559.0,0.0,2559,2559,3,8.0,0.0,8,8,3,0.0,0.0,0,0,3,524288.0,0.0,524288,524288,3,0.0,0.0,0,0,3,4194304.0,0.0,4194304,4194304,3,0.0,0.0,0,0,3,0.0,0.0,0,0,3,0.0,0.0,0,0,3,2560.0,0.0,2560,2560,3,0.0,0.0,0,0,3,0.0,0.0,0,0,3,0.0,0.0,0,0,3,0.0,0.0,0,0,3,0.0,0.0,0,0,3,0.0,0.0,0,0,3,0.0,0.0,0,0,3,0.0,0.0,0,0,3,0.0,0.0,0.0,0.0,3,44.03953488667806,0.5542416922486019,43.69690132141113,44.67897081375122,3,0.006746133168538333,0.00045126158660265084,0.0063154697418212,0.0072154998779296,3,0.0,0.0,0.0,0.0,3,0.07790629069010413,0.024037933206038215,0.0508427619934082,0.0967762470245361,3,0.0028709570566813336,0.0002985991952179902,0.0025589466094971,0.0031540393829346,3,0.0,0.0,0.0,0.0,3,44.051445166269936,0.5540125206525149,43.709014892578125,44.690619707107544,3,0.0018448829650878906,9.809903303742711e-05,0.0017380714416503906,0.0019309520721435547,3,,,,,0,232.47982241245276,2.9028668029875617,229.13085714878648,234.27661376414986,3,232.47982241245276,2.9028668029875617,229.13085714878648,234.27661376414986,3,,,,,0,17.207595768074196,0.21641114087988914,17.07383394241333,17.457273323088884,3,2.8709570566813327,0.2985991952179902,2.5589466094970996,3.1540393829345996,3,1.8448829650878906,0.0980990330374271,1.7380714416503906,1.9309520721435547,3,,,,,0,243772762.26596007,3043876.4608094855,240261117.66564593,245656834.5543572,3,,,,,0,4194304.0,0.0,4194304.0,4194304.0,3,,,,,0,0.999609375,0.0,0.999609375,0.999609375,3,1.0,0.0,1.0,1.0,3,0.0,,0.0,0.0,-0.0,,0.0,,0.0,,0.0,0.0,,0.0,,0.0,,,,0.0,,,,,,,,,,0.012585094135866084,0.0668918883349622,,0.30854932243734173,0.10400684835152296,,0.012576489115429083,0.0531735805977013,,0.012486532262733137,0.012486532262733137,,0.01257648911542911,0.104006848351523,0.053173580597701296,,0.012486532262733137,,0.0,,0.0,0.0
large_contiguous_write_heavy_seldom_1gb,1.0,0.0,1,1,3,0.0,0.0,0,0,3,256.0,0.0,256,256,3,256.0,0.0,256,256,3,-1.0,0.0,-1,-1,3,0.0,0.0,0,0,3,1073741824.0,0.0,1073741824,1073741824,3,0.0,0.0,0,0,3,255.0,0.0,255,255,3,0.0,0.0,0,0,3,255.0,0.0,255,255,3,8.0,0.0,8,8,3,0.0,0.0,0,0,3,524288.0,0.0,524288,524288,3,0.0,0.0,0,0,3,4194304.0,0.0,4194304,4194304,3,0.0,0.0,0,0,3,0.0,0.0,0,0,3,0.0,0.0,0,0,3,256.0,0.0,256,256,3,0.0,0.0,0,0,3,0.0,0.0,0,0,3,0.0,0.0,0,0,3,0.0,0.0,0,0,3,0.0,0.0,0,0,3,0.0,0.0,0,0,3,0.0,0.0,0,0,3,0.0,0.0,0,0,3,0.0,0.0,0.0,0.0,3,4.409408807754517,0.008018293685766441,4.403581142425537,4.418553352355957,3,0.004120985666910733,0.0006317158546057617,0.0034925937652587,0.0047559738159179,3,0.0,0.0,0.0,0.0,3,0.028466780980428,0.0033229436367976845,0.0257081985473632,0.0321557521820068,3,0.0020608901977539336,0.0005982721734458398,0.0014262199401856002,0.0026144981384276997,3,0.0,0.0,0.0,0.0,3,4.410617907842,0.008050435014073102,4.4047980308532715,4.419805288314819,3,0.0018570423126220703,7.58590821971421e-05,0.0017745494842529297,0.0019237995147705078,3,,,,,0,232.16753152478861,0.4233615230713774,231.68441440333905,232.473769019016,3,232.16753152478861,0.4233615230713774,231.68441440333905,232.473769019016,3,,,,,0,17.228976202507813,0.03144701177372305,17.20624230802059,17.264864407479763,3,2.0608901977539333,0.5982721734458397,1.4262199401856002,2.6144981384276997,3,1.8570423126220703,0.07585908219714209,1.7745494842529297,1.9237995147705078,3,,,,,0,243445301.53613675,443926.73241609265,242938716.51739565,243766414.82288373,3,,,,,0,4194304.0,0.0,4194304.0,4194304.0,3,,,,,0,0.99609375,0.0,0.99609375,0.99609375,3,1.0,0.0,1.0,1.0,3,0.0,,0.0,0.0,-0.0,,0.0,,0.0,,0.0,0.0,,0.0,,0.0,,,,0.0,,,,,,,,,,0.001818450961422591,0.15329241731610363,,0.1167305723496568,0.2902979373175088,,0.0018252397242934084,0.0408494096669408,,0.0018235173552946828,0.0018235173552946828,,0.001825239724293408,0.2902979373175088,0.0408494096669408,,0.0018235173552946828,,0.0,,0.0,0.0
large_random_read_heavy_freq_102mb,1.0,0.0,1,1,3,32.0,0.0,32,32,3,0.0,0.0,0,0,3,32.0,0.0,32,32,3,-1.0,0.0,-1,-1,3,134217728.0,0.0,134217728,134217728,3,0.0,0.0,0,0,3,2.0,1.0,1,3,3,0.0,0.0,0,0,3,17.666666666666668,0.5773502691896255,17,18,3,0.0,0.0,0,0,3,8.0,0.0,8,8,3,0.0,0.0,0,0,3,524288.0,0.0,524288,524288,3,4194304.0,0.0,4194304,4194304,3,0.0,0.0,0,0,3,0.0,0.0,0,0,3,32.0,0.0,32,32,3,0.0,0.0,0,0,3,0.0,0.0,0,0,3,62914560.0,23352896.33807541,37748736,83886080,3,46137344.0,16777216.0,29360128,62914560,3,20971520.0,4194304.0,16777216,25165824,3,95070890.66666667,12107912.717315618,88080384,109051904,3,2.6666666666666665,1.1547005383792515,2,4,3,2.0,0.0,2,2,3,2.0,0.0,2,2,3,1.0,0.0,1,1,3,0.5698754787445068,0.012908582857023303,0.562004804611206,0.584773063659668,3,0.0,0.0,0.0,0.0,3,0.0038268566131591333,0.00016735353961022838,0.0036513805389404,0.0039846897125244,3,0.024466753005981435,0.0010396930706005364,0.0238189697265625,0.0256659984588623,3,0.0,0.0,0.0,0.0,3,0.0019303957621256333,0.0002405713562058347,0.0016529560089112,0.0020811557769775,3,0.5700408617655437,0.012932190558301348,0.562150001525879,0.584965467453003,3,0.0,0.0,0.0,0.0,3,0.0018736521402994792,0.0001226492313121247,0.0017383098602294922,0.0019774436950683594,3,224.62138620809654,5.030308184146962,218.8163355305819,227.69723321633296,3,,,,,0,224.62138620809654,5.030308184146962,218.8163355305819,227.69723321633296,3,17.81377693017324,0.40413095494691714,17.56718754768372,18.280170857906345,3,,,,,0,1.9303957621256334,0.24057135620583436,1.6529560089112,2.0811557769775,3,1.8736521402994792,0.1226492313121247,1.7383098602294922,1.9774436950683594,3,235532594.66454104,5274660.434500085,229445557.84531546,238757854.01704955,3,,,,,0,4194304.0,0.0,4194304.0,4194304.0,3,,,,,0,0.5520833333333334,0.018042195912175797,0.53125,0.5625,3,,,,,0,1.0,0.0,1.0,1.0,3,0.0,0.0,,0.0,-0.0,0.0,,0.5,,0.032680203916393896,,0.0,,0.0,0.0,,,0.0,,,0.3711842908553348,0.36363636363636365,0.2,0.1273566770271233,0.4330127018922193,0.0,0.0,0.0,0.022651585018997857,,0.04373133266471546,0.042494117235186896,,0.12462281617368053,0.022686427282155648,,0.0654599798298316,0.022394609298184643,,0.022394609298184643,0.02268642728215565,,0.12462281617368035,0.0654599798298316,0.022394609298184643,,0.0,,0.032680203916393896,,0.0
large_random_read_heavy_freq_10gb,1.0,0.0,1,1,3,4096.0,0.0,4096,4096,3,0.0,0.0,0,0,3,4096.0,0.0,4096,4096,3,-1.0,0.0,-1,-1,3,17179869184.0,0.0,17179869184,17179869184,3,0.0,0.0,0,0,3,1.3333333333333333,0.5773502691896258,1,2,3,0.0,0.0,0,0,3,2046.6666666666667,10.785793124908926,2039,2059,3,0.0,0.0,0,0,3,8.0,0.0,8,8,3,0.0,0.0,0,0,3,524288.0,0.0,524288,524288,3,4194304.0,0.0,4194304,4194304,3,0.0,0.0,0,0,3,0.0,0.0,0,0,3,4096.0,0.0,4096,4096,3,0.0,0.0,0,0,3,0.0,0.0,0,0,3,4296365397.333333,4515117766.921305,587202560,9323937792,3,3546983082.6666665,2984453860.0423903,583008256,6551502848,3,6428469930.666667,5891798909.925274,2856321024,13228834816,3,5730817365.333333,6006867657.145565,2222981120,12666798080,3,3.6666666666666665,1.1547005383792515,3,5,3,3.3333333333333335,0.5773502691896258,3,4,3,3.0,1.0,2,4,3,3.0,1.0,2,4,3,106.81849249204,5.527285293348714,101.57099056243896,112.58845949172974,3,0.0,0.0,0.0,0.0,3,0.010870059331258066,0.006122167414059802,0.0073339939117431,0.0179393291473388,3,0.06670029958089191,0.0037702013839384946,0.0623781681060791,0.0693128108978271,3,0.0,0.0,0.0,0.0,3,0.0017209053039550666,3.7470420945927575e-05,0.0016946792602539002,0.0017638206481934,3,106.84406526883443,5.528024335959134,101.59567475318909,112.61466336250305,3,0.0,0.0,0.0,0.0,3,0.005378166834508609,0.006051782246749305,0.0018062591552876484,0.012365579605074117,3,153.61737120916362,7.9006968486372156,145.48727058092265,161.26670785741996,3,,,,,0,153.61737120916362,7.9006968486372156,145.48727058092265,161.26670785741996,3,26.08497687227403,1.349615316396273,24.803631531540304,27.493814297486097,3,,,,,0,1.7209053039550666,0.03747042094592765,1.6946792602539003,1.7638206481934,3,5.378166834508609,6.051782246749306,1.8062591552876484,12.365579605074117,3,161079488.63301995,8284481.098756617,152554460.23666155,169100399.458302,3,,,,,0,4194304.0,0.0,4194304.0,4194304.0,3,,,,,0,0.4996744791666667,0.0026332502746359682,0.497802734375,0.502685546875,3,,,,,0,1.0,0.0,1.0,1.0,3,0.0,0.0,,0.0,-0.0,0.0,,0.4330127018922194,,0.005269931494255175,,0.0,,0.0,0.0,,,0.0,,,1.0509156808971012,0.8414062854223259,0.9165165231338747,1.048169444987395,0.3149183286488868,0.17320508075688776,0.3333333333333333,0.3333333333333333,0.051744647994920935,,0.5632137992526708,0.05652450450190437,,0.02177366811515501,0.051739180103732116,,1.1252500030156174,0.05143101191257673,,0.05143101191257673,0.051739180103732116,,0.021773668115155055,1.1252500030156174,0.05143101191257673,,0.0,,0.005269931494255175,,0.0
large_random_read_heavy_freq_1gb,1.0,0.0,1,1,3,512.0,0.0,512,512,3,0.0,0.0,0,0,3,512.0,0.0,512,512,3,-1.0,0.0,-1,-1,3,2147483648.0,0.0,2147483648,2147483648,3,0.0,0.0,0,0,3,0.6666666666666666,0.5773502691896258,0,1,3,0.0,0.0,0,0,3,261.3333333333333,1.1547005383792557,260,262,3,0.0,0.0,0,0,3,8.0,0.0,8,8,3,0.0,0.0,0,0,3,524288.0,0.0,524288,524288,3,4194304.0,0.0,4194304,4194304,3,0.0,0.0,0,0,3,0.0,0.0,0,0,3,512.0,0.0,512,512,3,0.0,0.0,0,0,3,0.0,0.0,0,0,3,795519658.6666666,599012596.3816818,155189248,1342177280,3,489335466.6666667,224476913.94266412,268435456,717225984,3,303387989.3333333,151479617.98187,209715200,478150656,3,788529152.0,399649167.5172774,327155712,1027604480,3,3.6666666666666665,1.1547005383792517,3,5,3,3.3333333333333335,0.5773502691896257,3,4,3,3.3333333333333335,0.5773502691896257,3,4,3,2.6666666666666665,0.5773502691896258,2,3,3,12.756536801656088,0.6102150286674872,12.200400352478027,13.409300327301024,3,0.0,0.0,0.0,0.0,3,0.003644227981567333,0.0004173565407741237,0.0032353401184082,0.0040695667266845,3,0.06912922859191888,0.0531920887111776,0.0298607349395751,0.1296644210815429,3,0.0,0.0,0.0,0.0,3,0.0014557043711344335,0.0003866611575415833,0.001039981842041,0.0018045902252197005,3,12.759570757548014,0.6102859170633327,12.203309297561646,13.412373065948486,3,0.0,0.0,0.0,0.0,3,0.0017222563425693949,6.52205923608348e-05,0.0016508102416992188,0.00177860260009588,3,160.74960108453746,7.611814906960062,152.69482812101984,167.82332972656957,3,,,,,0,160.74960108453746,7.611814906960062,152.69482812101984,167.82332972656957,3,24.921036635835964,1.1919646817643217,23.83458847180009,26.196041144430637,3,,,,,0,1.4557043711344335,0.3866611575415832,1.039981842041,1.8045902252197006,3,1.7222563425693949,0.06522059236083479,1.6508102416992188,1.77860260009588,3,168558173.70681995,7981566.4278805535,160112132.0918265,175975515.7913674,3,,,,,0,4194304.0,0.0,4194304.0,4194304.0,3,,,,,0,0.5104166666666666,0.0022552744890219838,0.5078125,0.51171875,3,,,,,0,1.0,0.0,1.0,1.0,3,0.0,0.0,,0.0,-0.0,0.0,,0.8660254037844388,,0.004418496958083887,,0.0,,0.0,0.0,,,0.0,,,0.752982770263225,0.45873828739983175,0.49929339099656606,0.5068286524393171,0.31491832864888686,0.1732050807568877,0.1732050807568877,0.2165063509461097,0.04783547746189761,,0.11452536528590736,0.7694587339485471,,0.26561791336812257,0.04782965890152016,,0.03786927111183326,0.047351998733465246,,0.047351998733465246,0.04782965890152016,,0.2656179133681225,0.037869271111833254,0.047351998733465246,,0.0,,0.004418496958083887,,0.0
small_contiguous_mixed_freq_102mb,1.0,0.0,1,1,3,13107.0,0.0,13107,13107,3,0.0,0.0,0,0,3,13107.0,0.0,13107,13107,3,-1.0,0.0,-1,-1,3,53686272.0,0.0,53686272,53686272,3,0.0,0.0,0,0,3,13106.0,0.0,13106,13106,3,0.0,0.0,0,0,3,13106.0,0.0,13106,13106,3,0.0,0.0,0,0,3,8.0,0.0,8,8,3,13004.0,0.0,13004,13004,3,524288.0,0.0,524288,524288,3,4096.0,0.0,4096,4096,3,0.0,0.0,0,0,3,13107.0,0.0,13107,13107,3,0.0,0.0,0,0,3,0.0,0.0,0,0,3,0.0,0.0,0,0,3,0.0,0.0,0,0,3,0.0,0.0,0,0,3,0.0,0.0,0,0,3,0.0,0.0,0,0,3,0.0,0.0,0,0,3,0.0,0.0,0,0,3,0.0,0.0,0,0,3,0.0,0.0,0,0,3,0.3649749755859375,0.03272335307684234,0.3309338092803955,0.3961982727050781,3,0.0,0.0,0.0,0.0,3,0.004868745803832967,0.00015063526583947008,0.0047018527984619,0.0049946308135986,3,0.015776077906290636,0.0007545402370529214,0.0149064064025878,0.01625657081604,3,0.0,0.0,0.0,0.0,3,0.0017553170522053999,9.375318641429162e-05,0.0016901493072509998,0.0018627643585204998,3,0.3688143889109294,0.0324911768916926,0.3350205421447754,0.3998236656188965,3,0.0,0.0,0.0,0.0,3,0.00177264213562008,0.00023350772113662647,0.0015294551849365234,0.0019950866699218195,3,139.55315368264678,12.479556199838944,128.0544979015875,152.82411765626847,3,,,,,0,139.55315368264678,12.479556199838944,128.0544979015875,152.82411765626847,3,0.028138734181042905,0.0024789178981988705,0.02556042894215117,0.030504590342480847,3,,,,,0,1.7553170522053998,0.09375318641429166,1.6901493072509997,1.8627643585204998,3,1.77264213562008,0.23350772113662646,1.5294551849365234,1.9950866699218195,3,146332087.67593503,13085763.12180232,134274873.191655,160247701.99553937,3,,,,,0,4096.0,0.0,4096.0,4096.0,3,,,,,0,0.9999237048905165,0.0,0.9999237048905165,0.9999237048905165,3,,,,,0,1.0,0.0,1.0,1.0,3,0.0,0.0,,0.0,-0.0,0.0,,0.0,,0.0,,0.0,0.0,0.0,0.0,,0.0,,,,,,,,,,,,0.08965916916442743,,0.030939234026323783,0.047828125693525646,,0.05341096999912299,0.08809628330292556,,0.13172863063809784,0.08942511057986043,,0.08942511057986043,0.08809628330292554,,0.053410969999123016,0.13172863063809784,0.08942511057986043,,0.0,,0.0,,0.0
small_contiguous_mixed_freq_10gb,1.0,0.0,1,1,3,1310720.0,0.0,1310720,1310720,3,0.0,0.0,0,0,3,1310720.0,0.0,1310720,1310720,3,-1.0,0.0,-1,-1,3,5368709120.0,0.0,5368709120,5368709120,3,0.0,0.0,0,0,3,1310719.0,0.0,1310719,1310719,3,0.0,0.0,0,0,3,1310719.0,0.0,1310719,1310719,3,0.0,0.0,0,0,3,8.0,0.0,8,8,3,1300480.0,0.0,1300480,1300480,3,524288.0,0.0,524288,524288,3,4096.0,0.0,4096,4096,3,0.0,0.0,0,0,3,1310720.0,0.0,1310720,1310720,3,0.0,0.0,0,0,3,0.0,0.0,0,0,3,0.0,0.0,0,0,3,0.0,0.0,0,0,3,0.0,0.0,0,0,3,0.0,0.0,0,0,3,0.0,0.0,0,0,3,0.0,0.0,0,0,3,0.0,0.0,0,0,3,0.0,0.0,0,0,3,0.0,0.0,0,0,3,56.53249470392863,12.840915917199553,45.6162850856781,70.68061661720276,3,0.0,0.0,0.0,0.0,3,0.14219363530476883,0.0023291979735231543,0.1402361392974853,0.1447696685791015,3,0.09574651718139643,0.062038084338956495,0.052666425704956,0.1668527126312255,3,0.0,0.0,0.0,0.0,3,0.0017876625061034664,6.79434388966723e-05,0.0017175674438475999,0.0018532276153563998,3,56.92718092600504,12.841687322397972,46.00430154800415,71.07349038124084,3,0.0,0.0,0.0,0.0,3,0.001893440882364909,0.00019557653967927603,0.001726388931274414,0.0021085739135742188,3,92.88996633602085,19.742064883098934,72.03811115137486,111.29394051678905,3,,,,,0,92.88996633602085,19.742064883098934,72.03811115137486,111.29394051678905,3,0.04343199228363422,0.009797429902952555,0.03509849666443188,0.05422476988314884,3,,,,,0,1.7876625061034666,0.0679434388966722,1.7175674438475999,1.8532276153563998,3,1.893440882364909,0.19557653967927602,1.726388931274414,2.1085739135742188,3,97402189.3407594,20701055.426860347,75537434.43866405,116700154.9713326,3,,,,,0,4096.0,0.0,4096.0,4096.0,3,,,,,0,0.9999992370605467,0.0,0.9999992370605468,0.9999992370605468,3,,,,,0,1.0,0.0,1.0,1.0,3,0.0,0.0,,0.0,-0.0,0.0,,0.0,,0.0,,0.0,0.0,0.0,0.0,,0.0,,,,,,,,,,,,0.2271422123585711,,0.0163804657538356,0.6479408981678396,,0.03800686016778822,0.22558094592967504,,0.1032916007575588,0.21253172610359058,,0.21253172610359058,0.22558094592967504,,0.03800686016778816,0.10329160075755879,0.21253172610359058,,0.0,,0.0,,0.0
small_contiguous_mixed_freq_1gb,1.0,0.0,1,1,3,131072.0,0.0,131072,131072,3,0.0,0.0,0,0,3,131072.0,0.0,131072,131072,3,-1.0,0.0,-1,-1,3,536870912.0,0.0,536870912,536870912,3,0.0,0.0,0,0,3,131071.0,0.0,131071,131071,3,0.0,0.0,0,0,3,131071.0,0.0,131071,131071,3,0.0,0.0,0,0,3,8.0,0.0,8,8,3,130048.0,0.0,130048,130048,3,524288.0,0.0,524288,524288,3,4096.0,0.0,4096,4096,3,0.0,0.0,0,0,3,131072.0,0.0,131072,131072,3,0.0,0.0,0,0,3,0.0,0.0,0,0,3,0.0,0.0,0,0,3,0.0,0.0,0,0,3,0.0,0.0,0,0,3,0.0,0.0,0,0,3,0.0,0.0,0,0,3,0.0,0.0,0,0,3,0.0,0.0,0,0,3,0.0,0.0,0,0,3,0.0,0.0,0,0,3,3.8821566899617515,0.812223513521449,2.976283311843872,4.54545521736145,3,0.0,0.0,0.0,0.0,3,0.019978364308675067,0.004762766788587064,0.0170090198516845,0.0254719257354736,3,0.05592441558837887,0.006384155884419297,0.0516638755798339,0.0632646083831787,3,0.0,0.0,0.0,0.0,3,0.0043823719024658,0.004581774137000993,0.001713752746582,0.0096728801727295,3,3.92222269376119,0.8124294556606104,3.0162429809570312,4.586025714874268,3,0.0,0.0,0.0,0.0,3,0.0019064744313557942,0.00013385506437816033,0.0017757415771475493,0.0020432472229003906,3,134.77933574130526,30.80626851162939,111.64350830815985,169.7475976678597,3,,,,,0,134.77933574130526,30.80626851162939,111.64350830815985,169.7475976678597,3,0.029924184370126266,0.0061983448460434755,0.023012107703834772,0.03498859950923361,3,,,,,0,4.3823719024658,4.581774137000994,1.713752746582,9.672880172729501,3,1.9064744313557942,0.13385506437816033,1.7757415771475493,2.0432472229003906,3,141326376.7542749,32302713.8108503,117066703.36773703,177993256.97217366,3,,,,,0,4096.0,0.0,4096.0,4096.0,3,,,,,0,0.9999923706054688,0.0,0.9999923706054688,0.9999923706054688,3,,,,,0,1.0,0.0,1.0,1.0,3,0.0,0.0,,0.0,-0.0,0.0,,0.0,,0.0,,0.0,0.0,0.0,0.0,,0.0,,,,,,,,,,,,0.20921966277704554,,0.23839623279464178,0.11415686363910665,,1.0455009841640772,0.20713496379307736,,0.07021078393533395,0.22856818771357337,,0.22856818771357337,0.20713496379307736,,1.0455009841640774,0.07021078393533396,0.22856818771357337,,0.0,,0.0,,0.0
small_contiguous_read_heavy_freq_102mb,1.0,0.0,1,1,3,26214.0,0.0,26214,26214,3,0.0,0.0,0,0,3,26214.0,0.0,26214,26214,3,-1.0,0.0,-1,-1,3,107372544.0,0.0,107372544,107372544,3,0.0,0.0,0,0,3,26213.0,0.0,26213,26213,3,0.0,0.0,0,0,3,26213.0,0.0,26213,26213,3,0.0,0.0,0,0,3,8.0,0.0,8,8,3,26009.0,0.0,26009,26009,3,524288.0,0.0,524288,524288,3,4096.0,0.0,4096,4096,3,0.0,0.0,0,0,3,26214.0,0.0,26214,26214,3,0.0,0.0,0,0,3,0.0,0.0,0,0,3,0.0,0.0,0,0,3,0.0,0.0,0,0,3,0.0,0.0,0,0,3,0.0,0.0,0,0,3,0.0,0.0,0,0,3,0.0,0.0,0,0,3,0.0,0.0,0,0,3,0.0,0.0,0,0,3,0.0,0.0,0,0,3,0.5747660795847574,0.02919158472273207,0.554152250289917,0.6081695556640625,3,0.0,0.0,0.0,0.0,3,0.006027460098266533,0.0003248843991975326,0.0057291984558105,0.006373643875122,3,0.017213503519693966,0.0037433222216003994,0.0142254829406738,0.0214123725891113,3,0.0,0.0,0.0,0.0,3,0.0014331340789795002,0.00037503348591066943,0.0010054111480713,0.0017056465148926002,3,0.5824675559997559,0.029228119222736194,0.562009334564209,0.6159427165985109,3,0.0,0.0,0.0,0.0,3,0.001865386962890625,0.00010211081133445876,0.0017549991607666016,0.001956462860107422,3,176.08899526746862,8.606416908002421,166.24668940885658,182.20059917581509,3,,,,,0,176.08899526746862,8.606416908002421,166.24668940885658,182.20059917581509,3,0.02221971297778881,0.0011149812780474665,0.021439281855657626,0.02349670849921839,3,,,,,0,1.4331340789795002,0.37503348591066943,1.0054111480713,1.7056465148926003,3,1.865386962890625,0.10211081133445876,1.7549991607666016,1.9564628601074219,3,184642694.30158117,9024482.215725547,174322288.5935812,191051175.48137948,3,,,,,0,4096.0,0.0,4096.0,4096.0,3,,,,,0,0.9999618524452583,0.0,0.9999618524452583,0.9999618524452583,3,,,,,0,1.0,0.0,1.0,1.0,3,0.0,0.0,,0.0,-0.0,0.0,,0.0,,0.0,,0.0,0.0,0.0,0.0,,0.0,,,,,,,,,,,,0.05078863516758274,,0.05390071338522303,0.21746428420673716,,0.26168764766079783,0.050179823617074466,,0.05473974749787394,0.0488753819903952,,0.0488753819903952,0.050179823617074626,,0.26168764766079783,0.05473974749787394,0.0488753819903952,,0.0,,0.0,,0.0
small_contiguous_read_heavy_freq_10gb,1.0,0.0,1,1,3,2621440.0,0.0,2621440,2621440,3,0.0,0.0,0,0,3,2621440.0,0.0,2621440,2621440,3,-1.0,0.0,-1,-1,3,10737418240.0,0.0,10737418240,10737418240,3,0.0,0.0,0,0,3,2621439.0,0.0,2621439,2621439,3,0.0,0.0,0,0,3,2621439.0,0.0,2621439,2621439,3,0.0,0.0,0,0,3,8.0,0.0,8,8,3,2600960.0,0.0,2600960,2600960,3,524288.0,0.0,524288,524288,3,4096.0,0.0,4096,4096,3,0.0,0.0,0,0,3,2621440.0,0.0,2621440,2621440,3,0.0,0.0,0,0,3,0.0,0.0,0,0,3,0.0,0.0,0,0,3,0.0,0.0,0,0,3,0.0,0.0,0,0,3,0.0,0.0,0,0,3,0.0,0.0,0,0,3,0.0,0.0,0,0,3,0.0,0.0,0,0,3,0.0,0.0,0,0,3,0.0,0.0,0,0,3,68.09406558672588,13.192433184874517,56.37104415893555,82.37984895706177,3,0.0,0.0,0.0,0.0,3,0.28084222475687665,0.0037419914123082896,0.2765817642211914,0.2835960388183594,3,0.0665934880574544,0.009787946372345665,0.0584945678710937,0.077470064163208,3,0.0,0.0,0.0,0.0,3,0.0014518896738688,0.00013847057426552177,0.0013308525085449,0.0016028881072998,3,68.8772599697113,13.19122713894405,57.15488028526306,83.1615035533905,3,0.0,0.0,0.0,0.0,3,0.0017639001210530598,9.957261123887068e-05,0.0016596317291259766,0.0018579959869384766,3,152.2366048792635,28.077573115062773,123.1338968447801,179.1623033569769,3,,,,,0,152.2366048792635,28.077573115062773,123.1338968447801,179.1623033569769,3,0.026274589527019998,0.005032053809716816,0.021802856554131722,0.03172359602103825,3,,,,,0,1.4518896738688,0.13847057426552184,1.3308525085449,1.6028881072998,3,1.7639001210530598,0.09957261123887068,1.6596317291259766,1.8579959869384766,3,159631650.1978786,29441469.306700062,129115249.01791213,187865291.40484542,3,,,,,0,4096.0,0.0,4096.0,4096.0,3,,,,,0,0.9999996185302734,0.0,0.9999996185302734,0.9999996185302734,3,,,,,0,1.0,0.0,1.0,1.0,3,0.0,0.0,,0.0,-0.0,0.0,,0.0,,0.0,,0.0,0.0,0.0,0.0,,0.0,,,,,,,,,,,,0.19373836869928682,,0.013324176645971623,0.14698053305003317,,0.09537265589646632,0.19151788478149215,,0.056450254779406205,0.18443378409109074,,0.18443378409109074,0.19151788478149215,,0.09537265589646636,0.056450254779406205,0.18443378409109074,,0.0,,0.0,,0.0
small_contiguous_read_heavy_freq_1gb,1.0,0.0,1,1,3,262144.0,0.0,262144,262144,3,0.0,0.0,0,0,3,262144.0,0.0,262144,262144,3,-1.0,0.0,-1,-1,3,1073741824.0,0.0,1073741824,1073741824,3,0.0,0.0,0,0,3,262143.0,0.0,262143,262143,3,0.0,0.0,0,0,3,262143.0,0.0,262143,262143,3,0.0,0.0,0,0,3,8.0,0.0,8,8,3,260096.0,0.0,260096,260096,3,524288.0,0.0,524288,524288,3,4096.0,0.0,4096,4096,3,0.0,0.0,0,0,3,262144.0,0.0,262144,262144,3,0.0,0.0,0,0,3,0.0,0.0,0,0,3,0.0,0.0,0,0,3,0.0,0.0,0,0,3,0.0,0.0,0,0,3,0.0,0.0,0,0,3,0.0,0.0,0,0,3,0.0,0.0,0,0,3,0.0,0.0,0,0,3,0.0,0.0,0,0,3,0.0,0.0,0,0,3,8.540008703867594,3.671930673684227,4.7481653690338135,12.078951358795166,3,0.0,0.0,0.0,0.0,3,0.031216303507486932,0.0006609997770387654,0.0307064056396484,0.0319631099700927,3,0.0451745192209879,0.00984633344752558,0.0343427658081054,0.0535829067230224,3,0.0,0.0,0.0,0.0,3,0.0010521411895751999,0.00026408223805163516,0.0008070468902587997,0.0013318061828614,3,8.620582342147827,3.6724470102288005,4.8288328647613525,12.160794019699097,3,0.0,0.0,0.0,0.0,3,0.0014259020487473368,0.000344156317394984,0.0011682510375976562,0.0018167495727539062,3,137.22742862927083,66.65913404972552,84.20502792344291,212.05952425330162,3,,,,,0,137.22742862927083,66.65913404972552,84.20502792344291,212.05952425330162,3,0.032884911888686474,0.014009273568072512,0.018420535525365267,0.046389747694774996,3,,,,,0,1.0521411895751998,0.26408223805163517,0.8070468902587997,1.3318061828613998,3,1.4259020487473368,0.344156317394984,1.1682510375976562,1.8167495727539062,3,143893388.2023663,69897168.14532499,88295371.35985208,222360527.70343,3,,,,,0,4096.0,0.0,4096.0,4096.0,3,,,,,0,0.9999961853027344,0.0,0.9999961853027344,0.9999961853027344,3,,,,,0,1.0,0.0,1.0,1.0,3,0.0,0.0,,0.0,-0.0,0.0,,0.0,,0.0,,0.0,0.0,0.0,0.0,,0.0,,,,,,,,,,,,0.4299680247423267,,0.021174825420320214,0.2179621082265113,,0.2509950571921416,0.42600915628094405,,0.24136042002136635,0.4857566356490558,,0.4857566356490558,0.42600915628094405,,0.2509950571921416,0.24136042002136632,0.4857566356490558,,0.0,,0.0,,0.0
small_contiguous_write_heavy_freq_102mb,1.0,0.0,1,1,3,0.0,0.0,0,0,3,26214.0,0.0,26214,26214,3,26214.0,0.0,26214,26214,3,-1.0,0.0,-1,-1,3,0.0,0.0,0,0,3,107372544.0,0.0,107372544,107372544,3,0.0,0.0,0,0,3,26213.0,0.0,26213,26213,3,0.0,0.0,0,0,3,26213.0,0.0,26213,26213,3,8.0,0.0,8,8,3,26009.0,0.0,26009,26009,3,524288.0,0.0,524288,524288,3,0.0,0.0,0,0,3,4096.0,0.0,4096,4096,3,0.0,0.0,0,0,3,0.0,0.0,0,0,3,26214.0,0.0,26214,26214,3,0.0,0.0,0,0,3,0.0,0.0,0,0,3,0.0,0.0,0,0,3,0.0,0.0,0,0,3,0.0,0.0,0,0,3,0.0,0.0,0,0,3,0.0,0.0,0,0,3,0.0,0.0,0,0,3,0.0,0.0,0,0,3,0.0,0.0,0.0,0.0,3,7.055506070454915,0.4277172962388459,6.654760122299194,7.50586724281311,3,0.007381757100423133,0.0003455349340811014,0.0070185661315917,0.0077064037322998,3,0.0,0.0,0.0,0.0,3,0.07813930511474602,0.11600210278128728,0.0061297416687011,0.2119574546813964,3,0.0018824736277262665,0.0005939701314854132,0.0011985301971436002,0.0022687911987304995,3,0.0,0.0,0.0,0.0,3,7.071388800938924,0.4274965851202686,6.67139458656311,7.521898984909058,3,0.001470804214477835,0.00034002376417153324,0.0010807514190673828,0.00170469284057706,3,,,,,0,14.515704923188016,0.8698164898322306,13.613375785215764,15.348880383457038,3,14.515704923188016,0.8698164898322306,13.613375785215764,15.348880383457038,3,,,,,0,0.26975619138395224,0.016307949382782832,0.25449739019467116,0.28694205328866473,3,1.8824736277262664,0.5939701314854132,1.1985301971436002,2.2687911987304994,3,1.470804214477835,0.34002376417153324,1.0807514190673828,1.70469284057706,3,,,,,0,15220819.805536797,912068.695642321,14274659.127358405,16094467.596963847,3,,,,,0,4096.0,0.0,4096.0,4096.0,3,,,,,0,0.9999618524452583,0.0,0.9999618524452583,0.9999618524452583,3,1.0,0.0,1.0,1.0,3,0.0,,0.0,0.0,-0.0,,0.0,,0.0,,0.0,0.0,0.0,0.0,,0.0,,,0.0,,,,,,,,,,,0.06062177425229941,0.046809306968566444,,1.4845550854456728,0.3155264024616569,,0.06045440254444877,0.23118220686649887,,0.059922442239973346,0.059922442239973346,,0.060454402544448844,0.3155264024616569,0.23118220686649887,,0.059922442239973346,,0.0,,0.0,0.0
small_contiguous_write_heavy_freq_10gb,1.0,0.0,1,1,3,0.0,0.0,0,0,3,2621440.0,0.0,2621440,2621440,3,2621440.0,0.0,2621440,2621440,3,-1.0,0.0,-1,-1,3,0.0,0.0,0,0,3,10737418240.0,0.0,10737418240,10737418240,3,0.0,0.0,0,0,3,2621439.0,0.0,2621439,2621439,3,0.0,0.0,0,0,3,2621439.0,0.0,2621439,2621439,3,8.0,0.0,8,8,3,2600960.0,0.0,2600960,2600960,3,524288.0,0.0,524288,524288,3,0.0,0.0,0,0,3,4096.0,0.0,4096,4096,3,0.0,0.0,0,0,3,0.0,0.0,0,0,3,2621440.0,0.0,2621440,2621440,3,0.0,0.0,0,0,3,0.0,0.0,0,0,3,0.0,0.0,0,0,3,0.0,0.0,0,0,3,0.0,0.0,0,0,3,0.0,0.0,0,0,3,0.0,0.0,0,0,3,0.0,0.0,0,0,3,0.0,0.0,0,0,3,0.0,0.0,0.0,0.0,3,754.6036199728647,64.96819506778311,689.5952045917511,819.5315198898315,3,0.3836384614308675,0.0038241203371278754,0.3793919086456299,0.3868100643157959,3,0.0,0.0,0.0,0.0,3,0.17405939102172843,0.057732262170209964,0.1074192523956298,0.208906888961792,3,0.0016008218129475997,0.0008831637359845134,0.0007398128509521998,0.0025045871734619,3,0.0,0.0,0.0,0.0,3,756.1321405569712,64.98946598980763,691.0963535308838,821.075186252594,3,0.004009803136189778,0.0023775311144387024,0.0016641616821289062,0.006417989730834961,3,,,,,0,13.609811514757274,1.1743076258242553,12.47145227556516,14.817036651521551,3,13.609811514757274,1.1743076258242553,12.47145227556516,14.817036651521551,3,,,,,0,0.28844152090338565,0.02479151382057481,0.26363233700976707,0.3132153267870308,3,1.6008218129475997,0.8831637359845134,0.7398128509521998,2.5045871734619003,3,4.009803136189778,2.3775311144387024,1.6641616821289062,6.417989730834961,3,,,,,0,14270921.718898123,1231350.7930562943,13077265.541303013,15536789.023905862,3,,,,,0,4096.0,0.0,4096.0,4096.0,3,,,,,0,0.9999996185302734,0.0,0.9999996185302734,0.9999996185302734,3,1.0,0.0,1.0,1.0,3,0.0,,0.0,0.0,-0.0,,0.0,,0.0,,0.0,0.0,0.0,0.0,,0.0,,,0.0,,,,,,,,,,,0.08609579035695501,0.009968031679787638,,0.33168139812119096,0.5516939667122229,,0.08594987900122328,0.5929296361162248,,0.0862839007396201,0.0862839007396201,,0.08594987900122328,0.5516939667122229,0.5929296361162248,,0.0862839007396201,,0.0,,0.0,0.0
small_contiguous_write_heavy_freq_1gb,1.0,0.0,1,1,3,0.0,0.0,0,0,3,262144.0,0.0,262144,262144,3,262144.0,0.0,262144,262144,3,-1.0,0.0,-1,-1,3,0.0,0.0,0,0,3,1073741824.0,0.0,1073741824,1073741824,3,0.0,0.0,0,0,3,262143.0,0.0,262143,262143,3,0.0,0.0,0,0,3,262143.0,0.0,262143,262143,3,8.0,0.0,8,8,3,260096.0,0.0,260096,260096,3,524288.0,0.0,524288,524288,3,0.0,0.0,0,0,3,4096.0,0.0,4096,4096,3,0.0,0.0,0,0,3,0.0,0.0,0,0,3,262144.0,0.0,262144,262144,3,0.0,0.0,0,0,3,0.0,0.0,0,0,3,0.0,0.0,0,0,3,0.0,0.0,0,0,3,0.0,0.0,0,0,3,0.0,0.0,0,0,3,0.0,0.0,0,0,3,0.0,0.0,0,0,3,0.0,0.0,0,0,3,0.0,0.0,0.0,0.0,3,69.85259215037028,0.7375020058990019,69.37968444824219,70.70237946510315,3,0.04296620686848954,0.0015938239274672548,0.04179048538208,0.0447802543640136,3,0.0,0.0,0.0,0.0,3,0.11024014155069979,0.08935406340255242,0.0323617458343505,0.2077913284301757,3,0.0028131008148193338,0.0005618651876019963,0.0021777153015136996,0.003244400024414,3,0.0,0.0,0.0,0.0,3,70.00136470794678,0.7364246656892621,69.52983331680298,70.84996390342712,3,0.00238649050394694,0.0015824112727688589,0.0010559558868408203,0.004136323928833008,3,,,,,0,14.62935923100022,0.15299125828142598,14.453077229450324,14.72749108047314,3,14.62935923100022,0.15299125828142598,14.453077229450324,14.72749108047314,3,,,,,0,0.26703401454142295,0.002809237158543633,0.26523526503297035,0.2702711635720334,3,2.8131008148193337,0.5618651876019964,2.1777153015136994,3.244400024414,3,2.38649050394694,1.582411272768859,1.0559558868408203,4.136323928833008,3,,,,,0,15339994.985005287,160422.96164370453,15155149.908948103,15442893.687198203,3,,,,,0,4096.0,0.0,4096.0,4096.0,3,,,,,0,0.9999961853027344,0.0,0.9999961853027344,0.9999961853027344,3,1.0,0.0,1.0,1.0,3,0.0,,0.0,0.0,-0.0,,0.0,,0.0,,0.0,0.0,0.0,0.0,,0.0,,,0.0,,,,,,,,,,,0.010557976206686734,0.03709482506439566,,0.8105401729864271,0.19973162164758074,,0.010520147268009775,0.663070425024428,,0.010457823604278658,0.010457823604278658,,0.010520147268009775,0.19973162164758082,0.6630704250244281,,0.010457823604278658,,0.0,,0.0,0.0
small_contiguous_write_heavy_seldom_102mb,1.0,0.0,1,1,3,0.0,0.0,0,0,3,26214.0,0.0,26214,26214,3,26214.0,0.0,26214,26214,3,-1.0,0.0,-1,-1,3,0.0,0.0,0,0,3,107372544.0,0.0,107372544,107372544,3,0.0,0.0,0,0,3,26213.0,0.0,26213,26213,3,0.0,0.0,0,0,3,26213.0,0.0,26213,26213,3,8.0,0.0,8,8,3,26009.0,0.0,26009,26009,3,524288.0,0.0,524288,524288,3,0.0,0.0,0,0,3,4096.0,0.0,4096,4096,3,0.0,0.0,0,0,3,0.0,0.0,0,0,3,26214.0,0.0,26214,26214,3,0.0,0.0,0,0,3,0.0,0.0,0,0,3,0.0,0.0,0,0,3,0.0,0.0,0,0,3,0.0,0.0,0,0,3,0.0,0.0,0,0,3,0.0,0.0,0,0,3,0.0,0.0,0,0,3,0.0,0.0,0,0,3,0.0,0.0,0.0,0.0,3,8.12252108256022,0.11623998012920402,7.988313674926758,8.191360235214233,3,0.0081810156504313,0.0019096641988566416,0.0063936710357666,0.0101931095123291,3,0.0,0.0,0.0,0.0,3,0.009931087493896434,0.003358347424684145,0.0060532093048095,0.0118765830993652,3,0.0019665559132893665,0.0006288754678044041,0.0013270378112793,0.0025842189788818,3,0.0,0.0,0.0,0.0,3,8.138294617335001,0.116707910295367,8.003539562225342,8.206914186477661,3,0.002351840337117513,0.0012598775499246004,0.0013434886932373047,0.0037641525268554688,3,,,,,0,12.584036387173882,0.1819683156299748,12.477093725278557,12.794143978908334,3,12.584036387173882,0.1819683156299748,12.477093725278557,12.794143978908334,3,,,,,0,0.3104560394192035,0.004452121396786744,0.30531546357768147,0.3130737081894278,3,1.9665559132893666,0.6288754678044043,1.3270378112793,2.5842189788818,3,2.351840337117513,1.2598775499246002,1.3434886932373047,3.7641525268554688,3,,,,,0,13195318.53871724,190807.60853001644,13083181.030077688,13415632.316827785,3,,,,,0,4096.0,0.0,4096.0,4096.0,3,,,,,0,0.9999618524452583,0.0,0.9999618524452583,0.9999618524452583,3,1.0,0.0,1.0,1.0,3,0.0,,0.0,0.0,-0.0,,0.0,,0.0,,0.0,0.0,0.0,0.0,,0.0,,,0.0,,,,,,,,,,,0.014310825290288461,0.23342629820735825,,0.3381651230792356,0.31978519581094106,,0.014340585562824543,0.535698588905378,,0.014460250275137766,0.014460250275137766,,0.014340585562824628,0.3197851958109411,0.5356985889053779,,0.014460250275137766,,0.0,,0.0,0.0
small_contiguous_write_heavy_seldom_10gb,1.0,0.0,1,1,3,0.0,0.0,0,0,3,2621440.0,0.0,2621440,2621440,3,2621440.0,0.0,2621440,2621440,3,-1.0,0.0,-1,-1,3,0.0,0.0,0,0,3,10737418240.0,0.0,10737418240,10737418240,3,0.0,0.0,0,0,3,2621439.0,0.0,2621439,2621439,3,0.0,0.0,0,0,3,2621439.0,0.0,2621439,2621439,3,8.0,0.0,8,8,3,2600960.0,0.0,2600960,2600960,3,524288.0,0.0,524288,524288,3,0.0,0.0,0,0,3,4096.0,0.0,4096,4096,3,0.0,0.0,0,0,3,0.0,0.0,0,0,3,2621440.0,0.0,2621440,2621440,3,0.0,0.0,0,0,3,0.0,0.0,0,0,3,0.0,0.0,0,0,3,0.0,0.0,0,0,3,0.0,0.0,0,0,3,0.0,0.0,0,0,3,0.0,0.0,0,0,3,0.0,0.0,0,0,3,0.0,0.0,0,0,3,0.0,0.0,0.0,0.0,3,814.6890181700388,7.949649558406075,805.8122863769531,821.1521439552307,3,0.38108229637145996,0.002241653029874921,0.3788909912109375,0.3833711147308349,3,0.0,0.0,0.0,0.0,3,0.21108929316202793,0.0013101459376204426,0.2098670005798339,0.2124724388122558,3,0.0021753311157226667,0.0008488729031643936,0.0011961460113526,0.0027034282684326,3,0.0,0.0,0.0,0.0,3,816.1932799816132,7.959833186162347,807.3025403022766,822.6573140621185,3,0.0018848578135172527,0.00012302429485036058,0.0017616748809814453,0.002007722854614258,3,,,,,0,12.54684670619804,0.12286152918605851,12.447467280679621,12.684216249543644,3,12.54684670619804,0.12286152918605851,12.447467280679621,12.684216249543644,3,,,,,0,0.311353027336736,0.0030364353890084636,0.3079614793023211,0.31381886064991704,3,2.1753311157226665,0.8488729031643936,1.1961460113526,2.7034282684326,3,1.8848578135172527,0.12302429485036057,1.7616748809814453,2.007722854614258,3,,,,,0,13156322.331798317,128829.65082780049,13052115.451305915,13300364.738081476,3,,,,,0,4096.0,0.0,4096.0,4096.0,3,,,,,0,0.9999996185302734,0.0,0.9999996185302734,0.9999996185302734,3,1.0,0.0,1.0,1.0,3,0.0,,0.0,0.0,-0.0,,0.0,,0.0,,0.0,0.0,0.0,0.0,,0.0,,,0.0,,,,,,,,,,,0.009757894584442348,0.005882333163254243,,0.006206595881747544,0.3902269852295059,,0.009752387554993913,0.06526980123810516,,0.009792223660895284,0.009792223660895284,,0.009752387554993913,0.3902269852295059,0.06526980123810516,,0.009792223660895284,,0.0,,0.0,0.0
small_contiguous_write_heavy_seldom_1gb,1.0,0.0,1,1,3,0.0,0.0,0,0,3,262144.0,0.0,262144,262144,3,262144.0,0.0,262144,262144,3,-1.0,0.0,-1,-1,3,0.0,0.0,0,0,3,1073741824.0,0.0,1073741824,1073741824,3,0.0,0.0,0,0,3,262143.0,0.0,262143,262143,3,0.0,0.0,0,0,3,262143.0,0.0,262143,262143,3,8.0,0.0,8,8,3,260096.0,0.0,260096,260096,3,524288.0,0.0,524288,524288,3,0.0,0.0,0,0,3,4096.0,0.0,4096,4096,3,0.0,0.0,0,0,3,0.0,0.0,0,0,3,262144.0,0.0,262144,262144,3,0.0,0.0,0,0,3,0.0,0.0,0,0,3,0.0,0.0,0,0,3,0.0,0.0,0,0,3,0.0,0.0,0,0,3,0.0,0.0,0,0,3,0.0,0.0,0,0,3,0.0,0.0,0,0,3,0.0,0.0,0,0,3,0.0,0.0,0.0,0.0,3,81.75958490371704,0.6761608506151616,81.09505867958069,82.44680881500244,3,0.0420281092325846,0.0007326720993285946,0.041327953338623,0.0427894592285156,3,0.0,0.0,0.0,0.0,3,0.13035011291503903,0.052691566272678694,0.0934643745422363,0.190697431564331,3,0.0021166801452636333,0.0008109273059485954,0.0011882781982421003,0.0026865005493163997,3,0.0,0.0,0.0,0.0,3,81.91304143269856,0.6761931690304188,81.25002908706665,82.60168647766113,3,0.001951138178507487,4.546882549367063e-05,0.0019044876098632812,0.0019953250885009766,3,,,,,0,12.501629580935232,0.10315623934157857,12.396841319661572,12.603072411244218,3,12.501629580935232,0.10315623934157857,12.396841319661572,12.603072411244218,3,,,,,0,0.31247345517234254,0.002579472232934642,0.30994426379038487,0.31510042754234746,3,2.1166801452636332,0.8109273059485951,1.1882781982421002,2.6865005493163996,3,1.951138178507487,0.04546882549367063,1.9044876098632812,1.9953250885009766,3,,,,,0,13108908.739458742,108167.15682383509,12999030.283605453,13215279.256692817,3,,,,,0,4096.0,0.0,4096.0,4096.0,3,,,,,0,0.9999961853027344,0.0,0.9999961853027344,0.9999961853027344,3,1.0,0.0,1.0,1.0,3,0.0,,0.0,0.0,-0.0,,0.0,,0.0,,0.0,0.0,0.0,0.0,,0.0,,,0.0,,,,,,,,,,,0.008270111099651893,0.017432906516778306,,0.4042310750204149,0.3831128230513043,,0.008255012354607696,0.0233037444474854,,0.008251423438340394,0.008251423438340394,,0.008255012354607696,0.3831128230513042,0.0233037444474854,,0.008251423438340394,,0.0,,0.0,0.0
small_random_mixed_freq_102mb,1.0,0.0,1,1,3,16384.0,0.0,16384,16384,3,0.0,0.0,0,0,3,16384.0,0.0,16384,16384,3,-1.0,0.0,-1,-1,3,67108864.0,0.0,67108864,67108864,3,0.0,0.0,0,0,3,0.6666666666666666,0.5773502691896258,0,1,3,0.0,0.0,0,0,3,8189.666666666667,15.044378795195668,8174,8204,3,0.0,0.0,0,0,3,8.0,0.0,8,8,3,16256.0,0.0,16256,16256,3,524288.0,0.0,524288,524288,3,4096.0,0.0,4096,4096,3,0.0,0.0,0,0,3,16384.0,0.0,16384,16384,3,0.0,0.0,0,0,3,0.0,0.0,0,0,3,0.0,0.0,0,0,3,10222250.666666666,8507868.571469434,3436544,19767296,3,15253504.0,18228935.42480021,4026368,36286464,3,10403840.0,7541999.624706435,3878912,18661376,3,15107413.333333334,18741115.994435478,2215936,36605952,3,4.0,0.0,4,4,3,3.3333333333333335,0.5773502691896258,3,4,3,3.0,0.0,3,3,3,2.6666666666666665,0.5773502691896258,2,3,3,7.880863428115845,2.837238153661288,4.723131895065308,10.21568489074707,3,0.0,0.0,0.0,0.0,3,0.0063178539276122665,0.0014290090658336933,0.0053868293762207,0.0079631805419921,3,0.1640708446502685,0.03735220631164646,0.1212875843048095,0.1901934146881103,3,0.0,0.0,0.0,0.0,3,0.0014747778574625333,0.00042783908992596214,0.0009808540344238,0.0017304420471190999,3,7.892074426015218,2.8379018587117675,4.733492851257324,10.227148771286013,3,0.0,0.0,0.0,0.0,3,0.0023695627848304333,0.0011383566477964583,0.00155210494995206,0.00366973876953125,3,9.040564994461597,3.917651221426331,6.257853623845576,13.52067110083416,3,,,,,0,9.040564994461597,3.917651221426331,6.257853623845576,13.52067110083416,3,0.4816939957284679,0.17321178336863816,0.2889094757847488,0.6242156232474373,3,,,,,0,1.4747778574625332,0.42783908992596226,0.9808540344237999,1.7304420471190998,3,2.3695627848304333,1.1383566477964584,1.55210494995206,3.66973876953125,3,9479719.479632564,4107955.0471583363,6561835.121477499,14177451.22022828,3,,,,,0,4096.0,0.0,4096.0,4096.0,3,,,,,0,0.4998575846354167,0.0009182360104489543,0.4989013671875,0.500732421875,3,,,,,0,1.0,0.0,1.0,1.0,3,0.0,0.0,,0.0,-0.0,0.0,,0.8660254037844388,,0.001836995253595466,,0.0,0.0,0.0,0.0,,0.0,,,,0.8322891747521323,1.195065437082536,0.7249246071360608,1.2405244750327087,0.0,0.17320508075688776,0.0,0.2165063509461097,0.3600161555317822,,0.22618583496971809,0.22765901151582407,,0.2901040911084003,0.35958883628326993,,0.48040788582773064,0.43334141437248114,,0.43334141437248114,0.35958883628326993,,0.2901040911084004,0.4804078858277307,0.43334141437248114,,0.0,,0.001836995253595466,,0.0
small_random_read_heavy_freq_102mb,1.0,0.0,1,1,3,32768.0,0.0,32768,32768,3,0.0,0.0,0,0,3,32768.0,0.0,32768,32768,3,-1.0,0.0,-1,-1,3,134217728.0,0.0,134217728,134217728,3,0.0,0.0,0,0,3,2.3333333333333335,2.5166114784235836,0,5,3,0.0,0.0,0,0,3,16374.0,29.512709126747414,16344,16403,3,0.0,0.0,0,0,3,8.0,0.0,8,8,3,32512.0,0.0,32512,32512,3,524288.0,0.0,524288,524288,3,4096.0,0.0,4096,4096,3,0.0,0.0,0,0,3,32768.0,0.0,32768,32768,3,0.0,0.0,0,0,3,0.0,0.0,0,0,3,0.0,0.0,0,0,3,62644224.0,26483176.67417049,33886208,86028288,3,40206336.0,7815902.154196149,33595392,48832512,3,60361386.666666664,33612076.81789183,29802496,96362496,3,48321877.333333336,34949135.62152205,10567680,79544320,3,5.0,1.7320508075688772,4,7,3,4.0,1.0,3,5,3,2.6666666666666665,0.5773502691896258,2,3,3,2.6666666666666665,0.5773502691896258,2,3,3,7.098317702611287,1.2010890890794035,6.392484426498413,8.48514175415039,3,0.0,0.0,0.0,0.0,3,0.0105977853139241,0.004326457477654769,0.0080878734588623,0.0155935287475585,3,0.0035073757171630664,0.0009711509575279267,0.0026280879974365,0.0045497417449951,3,0.0,0.0,0.0,0.0,3,0.0016727447509765666,3.0149346775734805e-05,0.0016548633575438998,0.0017075538635254002,3,7.119101683298747,1.2008161132638564,6.413907766342163,8.505616188049316,3,0.0,0.0,0.0,0.0,3,0.004126310348510742,0.004134700098991676,0.0017313957214355469,0.008900642395019531,3,18.29604658291015,2.812371915911832,15.04888031273318,19.956632471657464,3,,,,,0,18.29604658291015,2.812371915911832,15.04888031273318,19.956632471657464,3,0.21725774179988852,0.036645999550288584,0.1957369313458912,0.2595708065200597,3,,,,,0,1.6727447509765667,0.030149346775734855,1.6548633575438998,1.7075538635254002,3,4.126310348510742,4.134700098991676,1.7313957214355469,8.900642395019531,3,19184795.341721594,2948985.694099165,15779894.722804507,20926045.850600697,3,,,,,0,4096.0,0.0,4096.0,4096.0,3,,,,,0,0.49969482421875,0.0009006564064559147,0.498779296875,0.500579833984375,3,,,,,0,1.0,0.0,1.0,1.0,3,0.0,0.0,,0.0,-0.0,0.0,,1.07854777646725,,0.0018024129184528773,,0.0,0.0,0.0,0.0,,0.0,,,,0.42275528345870306,0.19439478778161107,0.5568473269758961,0.7232569914541271,0.34641016151377546,0.25,0.2165063509461097,0.2165063509461097,0.16920756993414848,,0.40824166082798174,0.27688820241745876,,0.018023877676575154,0.16867522992134584,,1.002033233027167,0.15371473302537356,,0.15371473302537356,0.16867522992134584,,0.018023877676575182,1.002033233027167,0.15371473302537356,,0.0,,0.0018024129184528773,,0.0
small_random_read_heavy_seldom_102mb,1.0,0.0,1,1,3,32768.0,0.0,32768,32768,3,0.0,0.0,0,0,3,32768.0,0.0,32768,32768,3,-1.0,0.0,-1,-1,3,134217728.0,0.0,134217728,134217728,3,0.0,0.0,0,0,3,1.0,1.0,0,2,3,0.0,0.0,0,0,3,16358.666666666666,58.62024678669752,16319,16426,3,0.0,0.0,0,0,3,8.0,0.0,8,8,3,32512.0,0.0,32512,32512,3,524288.0,0.0,524288,524288,3,4096.0,0.0,4096,4096,3,0.0,0.0,0,0,3,32768.0,0.0,32768,32768,3,0.0,0.0,0,0,3,0.0,0.0,0,0,3,0.0,0.0,0,0,3,28053504.0,28595949.646180872,5128192,60096512,3,33424725.333333332,21215544.00517105,18296832,57675776,3,23685802.666666668,23380458.945557877,2338816,48672768,3,38156970.666666664,26522512.59629384,14356480,66748416,3,3.3333333333333335,0.5773502691896258,3,4,3,3.0,0.0,3,3,3,3.0,0.0,3,3,3,2.6666666666666665,0.5773502691896258,2,3,3,13.454391400019327,10.99276986146774,6.5728161334991455,26.132274389266968,3,0.0,0.0,0.0,0.0,3,0.008941888809204067,0.001241765284218969,0.007598876953125,0.0100483894348144,3,0.011463244756062765,0.012106472085197838,0.0040900707244873,0.025435447692871,3,0.0,0.0,0.0,0.0,3,0.0017126401265462668,0.00010223274503136401,0.0016269683837890998,0.0018258094787597999,3,13.476462602615356,10.99565941527269,6.592616558074951,26.1576509475708,3,0.0,0.0,0.0,0.0,3,0.002208709716796875,0.001432007146788823,0.0010304450988769531,0.0038025379180908203,3,13.65921382528438,7.714671771583431,4.893405767075849,19.415659757007937,3,,,,,0,13.65921382528438,7.714671771583431,4.893405767075849,19.415659757007937,3,0.41126900032395497,0.33556089524147614,0.20119069085922092,0.7982681563589722,3,,,,,0,1.7126401265462665,0.10223274503136401,1.6269683837890998,1.8258094787597998,3,2.208709716796875,1.4320071467888231,1.0304450988769531,3.8025379180908203,3,14322723.796061395,8089419.667559868,5131107.845617325,20358794.845364355,3,,,,,0,4096.0,0.0,4096.0,4096.0,3,,,,,0,0.4992268880208333,0.0017889479610198218,0.498016357421875,0.50128173828125,3,,,,,0,1.0,0.0,1.0,1.0,3,0.0,0.0,,0.0,-0.0,0.0,,1.0,,0.0035834367177457935,,0.0,0.0,0.0,0.0,,0.0,,,,1.019336110247792,0.6347260536502753,0.9871085761624407,0.6950895768951463,0.17320508075688776,0.0,0.0,0.2165063509461097,0.8170395475080314,,0.1388705798869692,1.0561121517356487,,0.05969306887461988,0.8159158482092163,,0.6483455638822266,0.5647961786280049,,0.5647961786280049,0.8159158482092163,,0.059693068874619885,0.6483455638822266,0.5647961786280049,,0.0,,0.0035834367177457935,,0.0
small_random_write_heavy_freq_102mb,1.0,0.0,1,1,3,0.0,0.0,0,0,3,32768.0,0.0,32768,32768,3,32768.0,0.0,32768,32768,3,-1.0,0.0,-1,-1,3,0.0,0.0,0,0,3,134217728.0,0.0,134217728,134217728,3,0.0,0.0,0,0,3,1.0,0.0,1,1,3,0.0,0.0,0,0,3,16413.666666666668,42.899106439800335,16365,16446,3,8.0,0.0,8,8,3,32512.0,0.0,32512,32512,3,524288.0,0.0,524288,524288,3,0.0,0.0,0,0,3,4096.0,0.0,4096,4096,3,0.0,0.0,0,0,3,0.0,0.0,0,0,3,32768.0,0.0,32768,32768,3,0.0,0.0,0,0,3,7213056.0,7381247.711441745,1785856,15618048,3,50956970.666666664,4079834.6393888737,46800896,54956032,3,26386432.0,15900942.637573157,8704000,39510016,3,47594154.666666664,31046799.81584378,26648576,83263488,3,5.0,1.0,4,6,3,4.0,1.0,3,5,3,3.6666666666666665,1.1547005383792517,3,5,3,3.0,0.0,3,3,3,0.0,0.0,0.0,0.0,3,12.4483962059021,1.097956628036069,11.5961754322052,13.68740177154541,3,0.009332577387491799,0.0003695571293456065,0.0089411735534667,0.0096755027770996,3,0.0,0.0,0.0,0.0,3,0.09332505861918124,0.09051900801558461,0.0400969982147216,0.1978414058685302,3,0.0025393962860107665,0.00016800256150095266,0.0024232864379883,0.0027320384979248,3,0.0,0.0,0.0,0.0,3,12.470857699712118,1.0976031537114848,11.61898684501648,13.70948600769043,3,0.0018177032470697203,0.00011616050703974297,0.0016899108886700986,0.0019168853759765625,3,,,,,0,10.315161056471643,0.8735749196021447,9.336600943915586,11.016451064741561,3,10.315161056471643,0.8735749196021447,9.336600943915586,11.016451064741561,3,,,,,0,0.38058037413672235,0.03349618999363661,0.3545833387761377,0.41838031029328704,3,2.5393962860107666,0.16800256150095255,2.4232864379883,2.7320384979248,3,1.8177032470697203,0.11616050703974296,1.6899108886700986,1.9168853759765625,3,,,,,0,10816230.31995081,916009.6948967385,9790135.67136723,11551586.191662448,3,,,,,0,4096.0,0.0,4096.0,4096.0,3,,,,,0,0.5009053548177084,0.0013091768322692973,0.499420166015625,0.50189208984375,3,1.0,0.0,1.0,1.0,3,0.0,,0.0,0.0,-0.0,,0.0,,0.0,,0.0026136211555289495,0.0,0.0,0.0,,0.0,,,0.0,,1.0233176772011399,0.08006430888674637,0.6026181424443121,0.652323799703662,0.2,0.25,0.31491832864888686,0.0,,0.08820064929452519,0.039598613973553964,,0.9699325063909482,0.06615846546931603,,0.08801344543742345,0.06390509959587891,,0.08468844207275575,0.08468844207275575,,0.08801344543742344,0.06615846546931597,0.06390509959587891,,0.08468844207275575,,0.0,,0.0026136211555289495,0.0
