run_id,unit_id,unit_mode,direction,clients,repetition,attempt,path_sessions,aggregate_receiver_gbits_per_second,aggregate_receiver_mib_per_second,launch_skew_seconds,artifact
c1108684d75647ac951c6e46ffb093cc,isolated__anjuna3__colva3__oss_to_client__p1__r1,isolated,oss_to_client,anjuna3,1,1,1,2.3530083872470327,280.50045815074833,0.0,raw/isolated__anjuna3__colva3__oss_to_client__p1__r1/attempt-1
c1108684d75647ac951c6e46ffb093cc,isolated__anjuna2__colva2__client_to_oss__p1__r1,isolated,client_to_oss,anjuna2,1,1,1,2.353141984442919,280.51638417755595,0.0,raw/isolated__anjuna2__colva2__client_to_oss__p1__r1/attempt-1
c1108684d75647ac951c6e46ffb093cc,isolated__anjuna3__colva1__oss_to_client__p1__r1,isolated,oss_to_client,anjuna3,1,1,1,2.3536504405699263,280.5769968712242,0.0,raw/isolated__anjuna3__colva1__oss_to_client__p1__r1/attempt-1
c1108684d75647ac951c6e46ffb093cc,isolated__anjuna3__colva4__client_to_oss__p4__r1,isolated,client_to_oss,anjuna3,1,1,1,2.353632080187803,280.5748081431154,0.0,raw/isolated__anjuna3__colva4__client_to_oss__p4__r1/attempt-1
c1108684d75647ac951c6e46ffb093cc,isolated__anjuna2__colva4__client_to_oss__p1__r1,isolated,client_to_oss,anjuna2,1,1,1,2.3532067607455422,280.52410611457134,0.0,raw/isolated__anjuna2__colva4__client_to_oss__p1__r1/attempt-1
c1108684d75647ac951c6e46ffb093cc,isolated__anjuna2__colva3__client_to_oss__p1__r1,isolated,client_to_oss,anjuna2,1,1,1,2.3528854595353654,280.4858040255744,0.0,raw/isolated__anjuna2__colva3__client_to_oss__p1__r1/attempt-1
c1108684d75647ac951c6e46ffb093cc,isolated__anjuna2__colva1__oss_to_client__p1__r1,isolated,oss_to_client,anjuna2,1,1,1,2.35335383399795,280.5416386125028,0.0,raw/isolated__anjuna2__colva1__oss_to_client__p1__r1/attempt-1
c1108684d75647ac951c6e46ffb093cc,isolated__anjuna3__colva3__oss_to_client__p4__r1,isolated,oss_to_client,anjuna3,1,1,1,2.352928622836436,280.4909494920297,0.0,raw/isolated__anjuna3__colva3__oss_to_client__p4__r1/attempt-1
c1108684d75647ac951c6e46ffb093cc,isolated__anjuna3__colva4__client_to_oss__p1__r1,isolated,client_to_oss,anjuna3,1,1,1,2.353677350739531,280.5802048134245,0.0,raw/isolated__anjuna3__colva4__client_to_oss__p1__r1/attempt-1
c1108684d75647ac951c6e46ffb093cc,isolated__anjuna2__colva1__oss_to_client__p4__r1,isolated,oss_to_client,anjuna2,1,1,1,2.3526649782817413,280.45952061197056,0.0,raw/isolated__anjuna2__colva1__oss_to_client__p4__r1/attempt-1
c1108684d75647ac951c6e46ffb093cc,isolated__anjuna2__colva2__client_to_oss__p4__r1,isolated,client_to_oss,anjuna2,1,1,1,2.3533091101252497,280.53630711141227,0.0,raw/isolated__anjuna2__colva2__client_to_oss__p4__r1/attempt-1
c1108684d75647ac951c6e46ffb093cc,isolated__anjuna3__colva4__oss_to_client__p4__r1,isolated,oss_to_client,anjuna3,1,1,1,2.353417376260755,280.54921344050825,0.0,raw/isolated__anjuna3__colva4__oss_to_client__p4__r1/attempt-1
c1108684d75647ac951c6e46ffb093cc,isolated__anjuna3__colva1__client_to_oss__p4__r1,isolated,client_to_oss,anjuna3,1,1,1,2.353659188963302,280.5780397609832,0.0,raw/isolated__anjuna3__colva1__client_to_oss__p4__r1/attempt-1
c1108684d75647ac951c6e46ffb093cc,isolated__anjuna2__colva4__oss_to_client__p1__r1,isolated,oss_to_client,anjuna2,1,1,1,2.353355716682335,280.5418630459708,0.0,raw/isolated__anjuna2__colva4__oss_to_client__p1__r1/attempt-1
c1108684d75647ac951c6e46ffb093cc,isolated__anjuna2__colva3__oss_to_client__p1__r1,isolated,oss_to_client,anjuna2,1,1,1,2.3530364375859643,280.503802011724,0.0,raw/isolated__anjuna2__colva3__oss_to_client__p1__r1/attempt-1
c1108684d75647ac951c6e46ffb093cc,isolated__anjuna3__colva3__client_to_oss__p1__r1,isolated,client_to_oss,anjuna3,1,1,1,2.353319253857079,280.537516338477,0.0,raw/isolated__anjuna3__colva3__client_to_oss__p1__r1/attempt-1
c1108684d75647ac951c6e46ffb093cc,isolated__anjuna3__colva2__client_to_oss__p4__r1,isolated,client_to_oss,anjuna3,1,1,1,2.353275328394984,280.5322800153475,0.0,raw/isolated__anjuna3__colva2__client_to_oss__p4__r1/attempt-1
c1108684d75647ac951c6e46ffb093cc,isolated__anjuna3__colva1__oss_to_client__p4__r1,isolated,oss_to_client,anjuna3,1,1,1,2.3532519247152983,280.52949007931926,0.0,raw/isolated__anjuna3__colva1__oss_to_client__p4__r1/attempt-1
c1108684d75647ac951c6e46ffb093cc,isolated__anjuna3__colva2__oss_to_client__p4__r1,isolated,oss_to_client,anjuna3,1,1,1,2.353181063757928,280.52104279493426,0.0,raw/isolated__anjuna3__colva2__oss_to_client__p4__r1/attempt-1
c1108684d75647ac951c6e46ffb093cc,isolated__anjuna3__colva1__client_to_oss__p1__r1,isolated,client_to_oss,anjuna3,1,1,1,2.353652048085975,280.5771885020703,0.0,raw/isolated__anjuna3__colva1__client_to_oss__p1__r1/attempt-1
c1108684d75647ac951c6e46ffb093cc,isolated__anjuna2__colva1__client_to_oss__p4__r1,isolated,client_to_oss,anjuna2,1,1,1,2.3531978184895057,280.5230401145823,0.0,raw/isolated__anjuna2__colva1__client_to_oss__p4__r1/attempt-1
c1108684d75647ac951c6e46ffb093cc,isolated__anjuna3__colva2__client_to_oss__p1__r1,isolated,client_to_oss,anjuna3,1,1,1,2.3533863206935743,280.54551132840805,0.0,raw/isolated__anjuna3__colva2__client_to_oss__p1__r1/attempt-1
c1108684d75647ac951c6e46ffb093cc,isolated__anjuna2__colva1__client_to_oss__p1__r1,isolated,client_to_oss,anjuna2,1,1,1,2.353165061985879,280.51913523505675,0.0,raw/isolated__anjuna2__colva1__client_to_oss__p1__r1/attempt-1
c1108684d75647ac951c6e46ffb093cc,isolated__anjuna2__colva2__oss_to_client__p1__r1,isolated,oss_to_client,anjuna2,1,1,1,2.3532251624765865,280.52629977185563,0.0,raw/isolated__anjuna2__colva2__oss_to_client__p1__r1/attempt-1
c1108684d75647ac951c6e46ffb093cc,isolated__anjuna2__colva4__oss_to_client__p4__r1,isolated,oss_to_client,anjuna2,1,1,1,2.3532977923555833,280.534957928131,0.0,raw/isolated__anjuna2__colva4__oss_to_client__p4__r1/attempt-1
c1108684d75647ac951c6e46ffb093cc,isolated__anjuna2__colva4__client_to_oss__p4__r1,isolated,client_to_oss,anjuna2,1,1,1,2.3529989752357587,280.49933615157113,0.0,raw/isolated__anjuna2__colva4__client_to_oss__p4__r1/attempt-1
c1108684d75647ac951c6e46ffb093cc,isolated__anjuna3__colva4__oss_to_client__p1__r1,isolated,oss_to_client,anjuna3,1,1,1,2.3536470269331526,280.57658993400963,0.0,raw/isolated__anjuna3__colva4__oss_to_client__p1__r1/attempt-1
c1108684d75647ac951c6e46ffb093cc,isolated__anjuna3__colva3__client_to_oss__p4__r1,isolated,client_to_oss,anjuna3,1,1,1,2.3535432298531616,280.5642163578464,0.0,raw/isolated__anjuna3__colva3__client_to_oss__p4__r1/attempt-1
c1108684d75647ac951c6e46ffb093cc,isolated__anjuna2__colva3__oss_to_client__p4__r1,isolated,oss_to_client,anjuna2,1,1,1,2.3528293891951018,280.4791199201467,0.0,raw/isolated__anjuna2__colva3__oss_to_client__p4__r1/attempt-1
c1108684d75647ac951c6e46ffb093cc,isolated__anjuna2__colva3__client_to_oss__p4__r1,isolated,client_to_oss,anjuna2,1,1,1,2.3530804020289526,280.50904298173816,0.0,raw/isolated__anjuna2__colva3__client_to_oss__p4__r1/attempt-1
c1108684d75647ac951c6e46ffb093cc,isolated__anjuna2__colva2__oss_to_client__p4__r1,isolated,oss_to_client,anjuna2,1,1,1,2.3530795288009845,280.50893888485245,0.0,raw/isolated__anjuna2__colva2__oss_to_client__p4__r1/attempt-1
c1108684d75647ac951c6e46ffb093cc,isolated__anjuna3__colva2__oss_to_client__p1__r1,isolated,oss_to_client,anjuna3,1,1,1,2.3532492901749764,280.5291760176392,0.0,raw/isolated__anjuna3__colva2__oss_to_client__p1__r1/attempt-1
c1108684d75647ac951c6e46ffb093cc,isolated__anjuna3__colva2__oss_to_client__p4__r2,isolated,oss_to_client,anjuna3,2,1,1,2.3531754631467434,280.5203751500539,0.0,raw/isolated__anjuna3__colva2__oss_to_client__p4__r2/attempt-1
c1108684d75647ac951c6e46ffb093cc,isolated__anjuna3__colva4__client_to_oss__p4__r2,isolated,client_to_oss,anjuna3,2,1,1,2.3536158400084375,280.5728721628711,0.0,raw/isolated__anjuna3__colva4__client_to_oss__p4__r2/attempt-1
c1108684d75647ac951c6e46ffb093cc,isolated__anjuna3__colva4__oss_to_client__p1__r2,isolated,oss_to_client,anjuna3,2,1,1,2.3535800242355,280.56860259002445,0.0,raw/isolated__anjuna3__colva4__oss_to_client__p1__r2/attempt-1
c1108684d75647ac951c6e46ffb093cc,isolated__anjuna2__colva1__oss_to_client__p1__r2,isolated,oss_to_client,anjuna2,2,1,1,2.353240661625596,280.5281474143977,0.0,raw/isolated__anjuna2__colva1__oss_to_client__p1__r2/attempt-1
c1108684d75647ac951c6e46ffb093cc,isolated__anjuna2__colva2__client_to_oss__p4__r2,isolated,client_to_oss,anjuna2,2,1,1,2.3532508424954335,280.52936106865803,0.0,raw/isolated__anjuna2__colva2__client_to_oss__p4__r2/attempt-1
c1108684d75647ac951c6e46ffb093cc,isolated__anjuna3__colva1__client_to_oss__p1__r2,isolated,client_to_oss,anjuna3,2,1,1,2.353663816496851,280.57859140597,0.0,raw/isolated__anjuna3__colva1__client_to_oss__p1__r2/attempt-1
c1108684d75647ac951c6e46ffb093cc,isolated__anjuna2__colva2__oss_to_client__p1__r2,isolated,oss_to_client,anjuna2,2,1,1,2.353171384323006,280.519888916374,0.0,raw/isolated__anjuna2__colva2__oss_to_client__p1__r2/attempt-1
c1108684d75647ac951c6e46ffb093cc,isolated__anjuna2__colva3__client_to_oss__p4__r2,isolated,client_to_oss,anjuna2,2,1,1,2.3532923185109023,280.5343053949955,0.0,raw/isolated__anjuna2__colva3__client_to_oss__p4__r2/attempt-1
c1108684d75647ac951c6e46ffb093cc,isolated__anjuna2__colva4__client_to_oss__p1__r2,isolated,client_to_oss,anjuna2,2,1,1,2.35308985265618,280.51016958429574,0.0,raw/isolated__anjuna2__colva4__client_to_oss__p1__r2/attempt-1
c1108684d75647ac951c6e46ffb093cc,isolated__anjuna3__colva3__client_to_oss__p4__r2,isolated,client_to_oss,anjuna3,2,1,1,2.3525404322428756,280.44467356716103,0.0,raw/isolated__anjuna3__colva3__client_to_oss__p4__r2/attempt-1
c1108684d75647ac951c6e46ffb093cc,isolated__anjuna3__colva4__oss_to_client__p4__r2,isolated,oss_to_client,anjuna3,2,1,1,2.3535145119438883,280.5607929162846,0.0,raw/isolated__anjuna3__colva4__oss_to_client__p4__r2/attempt-1
c1108684d75647ac951c6e46ffb093cc,isolated__anjuna2__colva4__oss_to_client__p4__r2,isolated,oss_to_client,anjuna2,2,1,1,2.3533303231851392,280.5388359052109,0.0,raw/isolated__anjuna2__colva4__oss_to_client__p4__r2/attempt-1
c1108684d75647ac951c6e46ffb093cc,isolated__anjuna2__colva1__oss_to_client__p4__r2,isolated,oss_to_client,anjuna2,2,1,1,2.353255584680636,280.52992638118695,0.0,raw/isolated__anjuna2__colva1__oss_to_client__p4__r2/attempt-1
c1108684d75647ac951c6e46ffb093cc,isolated__anjuna3__colva3__oss_to_client__p4__r2,isolated,oss_to_client,anjuna3,2,1,1,2.35291173725909,280.4889365743506,0.0,raw/isolated__anjuna3__colva3__oss_to_client__p4__r2/attempt-1
c1108684d75647ac951c6e46ffb093cc,isolated__anjuna2__colva2__oss_to_client__p4__r2,isolated,oss_to_client,anjuna2,2,1,1,2.3532372608245047,280.52774200731574,0.0,raw/isolated__anjuna2__colva2__oss_to_client__p4__r2/attempt-1
c1108684d75647ac951c6e46ffb093cc,isolated__anjuna3__colva1__oss_to_client__p4__r2,isolated,oss_to_client,anjuna3,2,1,1,2.3528597928611017,280.48274431957026,0.0,raw/isolated__anjuna3__colva1__oss_to_client__p4__r2/attempt-1
c1108684d75647ac951c6e46ffb093cc,isolated__anjuna2__colva3__oss_to_client__p1__r2,isolated,oss_to_client,anjuna2,2,1,1,2.3529959163483065,280.49897150377114,0.0,raw/isolated__anjuna2__colva3__oss_to_client__p1__r2/attempt-1
c1108684d75647ac951c6e46ffb093cc,isolated__anjuna3__colva3__client_to_oss__p1__r2,isolated,client_to_oss,anjuna3,2,1,1,2.353380410935562,280.544806830354,0.0,raw/isolated__anjuna3__colva3__client_to_oss__p1__r2/attempt-1
c1108684d75647ac951c6e46ffb093cc,isolated__anjuna2__colva4__oss_to_client__p1__r2,isolated,oss_to_client,anjuna2,2,1,1,2.3533202150161,280.53763091756105,0.0,raw/isolated__anjuna2__colva4__oss_to_client__p1__r2/attempt-1
c1108684d75647ac951c6e46ffb093cc,isolated__anjuna2__colva3__oss_to_client__p4__r2,isolated,oss_to_client,anjuna2,2,1,1,2.3530610854123792,280.50674026159993,0.0,raw/isolated__anjuna2__colva3__oss_to_client__p4__r2/attempt-1
c1108684d75647ac951c6e46ffb093cc,isolated__anjuna2__colva3__client_to_oss__p1__r2,isolated,client_to_oss,anjuna2,2,1,1,2.35296900136518,280.49576298775435,0.0,raw/isolated__anjuna2__colva3__client_to_oss__p1__r2/attempt-1
c1108684d75647ac951c6e46ffb093cc,isolated__anjuna2__colva4__client_to_oss__p4__r2,isolated,client_to_oss,anjuna2,2,1,1,2.3531625046338545,280.5188303749388,0.0,raw/isolated__anjuna2__colva4__client_to_oss__p4__r2/attempt-1
c1108684d75647ac951c6e46ffb093cc,isolated__anjuna2__colva1__client_to_oss__p4__r2,isolated,client_to_oss,anjuna2,2,1,1,2.3532120163136936,280.52473262711686,0.0,raw/isolated__anjuna2__colva1__client_to_oss__p4__r2/attempt-1
c1108684d75647ac951c6e46ffb093cc,isolated__anjuna3__colva1__oss_to_client__p1__r2,isolated,oss_to_client,anjuna3,2,1,1,2.3537038300370496,280.5833613916695,0.0,raw/isolated__anjuna3__colva1__oss_to_client__p1__r2/attempt-1
c1108684d75647ac951c6e46ffb093cc,isolated__anjuna3__colva4__client_to_oss__p1__r2,isolated,client_to_oss,anjuna3,2,1,1,2.353654520206212,280.57748320176745,0.0,raw/isolated__anjuna3__colva4__client_to_oss__p1__r2/attempt-1
c1108684d75647ac951c6e46ffb093cc,isolated__anjuna2__colva2__client_to_oss__p1__r2,isolated,client_to_oss,anjuna2,2,1,1,2.353234361091812,280.52739633224155,0.0,raw/isolated__anjuna2__colva2__client_to_oss__p1__r2/attempt-1
c1108684d75647ac951c6e46ffb093cc,isolated__anjuna3__colva2__oss_to_client__p1__r2,isolated,oss_to_client,anjuna3,2,1,1,2.3532330066229528,280.5272348669711,0.0,raw/isolated__anjuna3__colva2__oss_to_client__p1__r2/attempt-1
c1108684d75647ac951c6e46ffb093cc,isolated__anjuna3__colva2__client_to_oss__p1__r2,isolated,client_to_oss,anjuna3,2,1,1,2.35335343965036,280.5415916026068,0.0,raw/isolated__anjuna3__colva2__client_to_oss__p1__r2/attempt-1
c1108684d75647ac951c6e46ffb093cc,isolated__anjuna3__colva1__client_to_oss__p4__r2,isolated,client_to_oss,anjuna3,2,1,1,2.353636592418464,280.57534604292675,0.0,raw/isolated__anjuna3__colva1__client_to_oss__p4__r2/attempt-1
c1108684d75647ac951c6e46ffb093cc,isolated__anjuna3__colva2__client_to_oss__p4__r2,isolated,client_to_oss,anjuna3,2,1,1,2.3534435334712343,280.5523316229861,0.0,raw/isolated__anjuna3__colva2__client_to_oss__p4__r2/attempt-1
c1108684d75647ac951c6e46ffb093cc,isolated__anjuna3__colva3__oss_to_client__p1__r2,isolated,oss_to_client,anjuna3,2,1,1,2.353001563531353,280.49964470045006,0.0,raw/isolated__anjuna3__colva3__oss_to_client__p1__r2/attempt-1
c1108684d75647ac951c6e46ffb093cc,isolated__anjuna2__colva1__client_to_oss__p1__r2,isolated,client_to_oss,anjuna2,2,1,1,2.3531380790984557,280.515918624217,0.0,raw/isolated__anjuna2__colva1__client_to_oss__p1__r2/attempt-1
c1108684d75647ac951c6e46ffb093cc,isolated__anjuna2__colva2__oss_to_client__p1__r3,isolated,oss_to_client,anjuna2,3,1,1,2.353106656308901,280.51217273579846,0.0,raw/isolated__anjuna2__colva2__oss_to_client__p1__r3/attempt-1
c1108684d75647ac951c6e46ffb093cc,isolated__anjuna3__colva2__oss_to_client__p1__r3,isolated,oss_to_client,anjuna3,3,1,1,2.35315852043307,280.51835542119386,0.0,raw/isolated__anjuna3__colva2__oss_to_client__p1__r3/attempt-1
c1108684d75647ac951c6e46ffb093cc,isolated__anjuna3__colva3__oss_to_client__p4__r3,isolated,oss_to_client,anjuna3,3,1,1,2.3527647134116685,280.47140996595243,0.0,raw/isolated__anjuna3__colva3__oss_to_client__p4__r3/attempt-1
c1108684d75647ac951c6e46ffb093cc,isolated__anjuna2__colva1__client_to_oss__p4__r3,isolated,client_to_oss,anjuna2,3,1,1,2.3532074200921915,280.524184714817,0.0,raw/isolated__anjuna2__colva1__client_to_oss__p4__r3/attempt-1
c1108684d75647ac951c6e46ffb093cc,isolated__anjuna2__colva3__oss_to_client__p1__r3,isolated,oss_to_client,anjuna2,3,1,1,2.3529301683660133,280.4911337335126,0.0,raw/isolated__anjuna2__colva3__oss_to_client__p1__r3/attempt-1
c1108684d75647ac951c6e46ffb093cc,isolated__anjuna2__colva3__oss_to_client__p4__r3,isolated,oss_to_client,anjuna2,3,1,1,2.352628120285158,280.45512679638364,0.0,raw/isolated__anjuna2__colva3__oss_to_client__p4__r3/attempt-1
c1108684d75647ac951c6e46ffb093cc,isolated__anjuna3__colva1__client_to_oss__p4__r3,isolated,client_to_oss,anjuna3,3,1,1,2.353673390158472,280.5797326753702,0.0,raw/isolated__anjuna3__colva1__client_to_oss__p4__r3/attempt-1
c1108684d75647ac951c6e46ffb093cc,isolated__anjuna3__colva2__client_to_oss__p1__r3,isolated,client_to_oss,anjuna3,3,1,1,2.353381546147114,280.54494215811656,0.0,raw/isolated__anjuna3__colva2__client_to_oss__p1__r3/attempt-1
c1108684d75647ac951c6e46ffb093cc,isolated__anjuna2__colva3__client_to_oss__p4__r3,isolated,client_to_oss,anjuna2,3,1,1,2.3533443440523683,280.5405073228321,0.0,raw/isolated__anjuna2__colva3__client_to_oss__p4__r3/attempt-1
c1108684d75647ac951c6e46ffb093cc,isolated__anjuna3__colva3__oss_to_client__p1__r3,isolated,oss_to_client,anjuna3,3,1,1,2.353027760540571,280.50276762730726,0.0,raw/isolated__anjuna3__colva3__oss_to_client__p1__r3/attempt-1
c1108684d75647ac951c6e46ffb093cc,isolated__anjuna2__colva2__client_to_oss__p4__r3,isolated,client_to_oss,anjuna2,3,1,1,2.3532853778840845,280.5334780078035,0.0,raw/isolated__anjuna2__colva2__client_to_oss__p4__r3/attempt-1
c1108684d75647ac951c6e46ffb093cc,isolated__anjuna3__colva3__client_to_oss__p4__r3,isolated,client_to_oss,anjuna3,3,1,1,2.3521230144276672,280.3949134859642,0.0,raw/isolated__anjuna3__colva3__client_to_oss__p4__r3/attempt-1
c1108684d75647ac951c6e46ffb093cc,isolated__anjuna3__colva4__client_to_oss__p4__r3,isolated,client_to_oss,anjuna3,3,1,1,2.3536481253085015,280.57672087055465,0.0,raw/isolated__anjuna3__colva4__client_to_oss__p4__r3/attempt-1
c1108684d75647ac951c6e46ffb093cc,isolated__anjuna2__colva1__client_to_oss__p1__r3,isolated,client_to_oss,anjuna2,3,1,1,2.3530965380055924,280.5109665400496,0.0,raw/isolated__anjuna2__colva1__client_to_oss__p1__r3/attempt-1
c1108684d75647ac951c6e46ffb093cc,isolated__anjuna2__colva4__oss_to_client__p1__r3,isolated,oss_to_client,anjuna2,3,1,1,2.353335511704065,280.5394544248658,0.0,raw/isolated__anjuna2__colva4__oss_to_client__p1__r3/attempt-1
c1108684d75647ac951c6e46ffb093cc,isolated__anjuna2__colva3__client_to_oss__p1__r3,isolated,client_to_oss,anjuna2,3,1,1,2.3531487235752278,280.51718754473063,0.0,raw/isolated__anjuna2__colva3__client_to_oss__p1__r3/attempt-1
c1108684d75647ac951c6e46ffb093cc,isolated__anjuna2__colva1__oss_to_client__p1__r3,isolated,oss_to_client,anjuna2,3,1,1,2.3533317463470387,280.53900555932984,0.0,raw/isolated__anjuna2__colva1__oss_to_client__p1__r3/attempt-1
c1108684d75647ac951c6e46ffb093cc,isolated__anjuna2__colva4__client_to_oss__p1__r3,isolated,client_to_oss,anjuna2,3,1,1,2.352884603544596,280.4857019835229,0.0,raw/isolated__anjuna2__colva4__client_to_oss__p1__r3/attempt-1
c1108684d75647ac951c6e46ffb093cc,isolated__anjuna2__colva4__oss_to_client__p4__r3,isolated,oss_to_client,anjuna2,3,1,1,2.3533825012353664,280.5450560135086,0.0,raw/isolated__anjuna2__colva4__oss_to_client__p4__r3/attempt-1
c1108684d75647ac951c6e46ffb093cc,isolated__anjuna3__colva4__client_to_oss__p1__r3,isolated,client_to_oss,anjuna3,3,1,1,2.35367119142765,280.579470566231,0.0,raw/isolated__anjuna3__colva4__client_to_oss__p1__r3/attempt-1
c1108684d75647ac951c6e46ffb093cc,isolated__anjuna2__colva2__oss_to_client__p4__r3,isolated,oss_to_client,anjuna2,3,1,1,2.353150474349338,280.5173962532685,0.0,raw/isolated__anjuna2__colva2__oss_to_client__p4__r3/attempt-1
c1108684d75647ac951c6e46ffb093cc,isolated__anjuna3__colva1__oss_to_client__p4__r3,isolated,oss_to_client,anjuna3,3,1,1,2.353395376034182,280.54659080912853,0.0,raw/isolated__anjuna3__colva1__oss_to_client__p4__r3/attempt-1
c1108684d75647ac951c6e46ffb093cc,isolated__anjuna3__colva4__oss_to_client__p4__r3,isolated,oss_to_client,anjuna3,3,1,1,2.3539515579321812,280.61289285805003,0.0,raw/isolated__anjuna3__colva4__oss_to_client__p4__r3/attempt-1
c1108684d75647ac951c6e46ffb093cc,isolated__anjuna3__colva2__oss_to_client__p4__r3,isolated,oss_to_client,anjuna3,3,1,1,2.3523512264470674,280.42211847866383,0.0,raw/isolated__anjuna3__colva2__oss_to_client__p4__r3/attempt-1
c1108684d75647ac951c6e46ffb093cc,isolated__anjuna3__colva1__oss_to_client__p1__r3,isolated,oss_to_client,anjuna3,3,1,1,2.3537075959695803,280.58381032581093,0.0,raw/isolated__anjuna3__colva1__oss_to_client__p1__r3/attempt-1
c1108684d75647ac951c6e46ffb093cc,isolated__anjuna2__colva4__client_to_oss__p4__r3,isolated,client_to_oss,anjuna2,3,1,1,2.352984622063533,280.4976251201073,0.0,raw/isolated__anjuna2__colva4__client_to_oss__p4__r3/attempt-1
c1108684d75647ac951c6e46ffb093cc,isolated__anjuna2__colva1__oss_to_client__p4__r3,isolated,oss_to_client,anjuna2,3,1,1,2.3533715284716386,280.5437479581402,0.0,raw/isolated__anjuna2__colva1__oss_to_client__p4__r3/attempt-1
c1108684d75647ac951c6e46ffb093cc,isolated__anjuna3__colva1__client_to_oss__p1__r3,isolated,client_to_oss,anjuna3,3,1,1,2.3536717406264733,280.5795360358326,0.0,raw/isolated__anjuna3__colva1__client_to_oss__p1__r3/attempt-1
c1108684d75647ac951c6e46ffb093cc,isolated__anjuna3__colva3__client_to_oss__p1__r3,isolated,client_to_oss,anjuna3,3,1,1,2.353369395341775,280.54349366924464,0.0,raw/isolated__anjuna3__colva3__client_to_oss__p1__r3/attempt-1
c1108684d75647ac951c6e46ffb093cc,isolated__anjuna2__colva2__client_to_oss__p1__r3,isolated,client_to_oss,anjuna2,3,1,1,2.352994731020994,280.49883020174434,0.0,raw/isolated__anjuna2__colva2__client_to_oss__p1__r3/attempt-1
c1108684d75647ac951c6e46ffb093cc,isolated__anjuna3__colva4__oss_to_client__p1__r3,isolated,oss_to_client,anjuna3,3,1,1,2.3536999072034788,280.58289375346646,0.0,raw/isolated__anjuna3__colva4__oss_to_client__p1__r3/attempt-1
c1108684d75647ac951c6e46ffb093cc,isolated__anjuna3__colva2__client_to_oss__p4__r3,isolated,client_to_oss,anjuna3,3,1,1,2.3532151532479144,280.5251065788167,0.0,raw/isolated__anjuna3__colva2__client_to_oss__p4__r3/attempt-1
c1108684d75647ac951c6e46ffb093cc,isolated__anjuna3__colva3__client_to_oss__p4__r4,isolated,client_to_oss,anjuna3,4,1,1,2.353247198713356,280.5289266959853,0.0,raw/isolated__anjuna3__colva3__client_to_oss__p4__r4/attempt-1
c1108684d75647ac951c6e46ffb093cc,isolated__anjuna2__colva3__oss_to_client__p1__r4,isolated,oss_to_client,anjuna2,4,1,1,2.3529990536688747,280.49934550152716,0.0,raw/isolated__anjuna2__colva3__oss_to_client__p1__r4/attempt-1
c1108684d75647ac951c6e46ffb093cc,isolated__anjuna2__colva2__oss_to_client__p1__r4,isolated,oss_to_client,anjuna2,4,1,1,2.3531999831201023,280.52329815865784,0.0,raw/isolated__anjuna2__colva2__oss_to_client__p1__r4/attempt-1
c1108684d75647ac951c6e46ffb093cc,isolated__anjuna2__colva4__client_to_oss__p1__r4,isolated,client_to_oss,anjuna2,4,1,1,2.3532227628470204,280.52601371371986,0.0,raw/isolated__anjuna2__colva4__client_to_oss__p1__r4/attempt-1
c1108684d75647ac951c6e46ffb093cc,isolated__anjuna3__colva3__oss_to_client__p1__r4,isolated,oss_to_client,anjuna3,4,1,1,2.3530390259255283,280.50411056584454,0.0,raw/isolated__anjuna3__colva3__oss_to_client__p1__r4/attempt-1
c1108684d75647ac951c6e46ffb093cc,isolated__anjuna3__colva4__client_to_oss__p4__r4,isolated,client_to_oss,anjuna3,4,1,1,2.3536303945174475,280.5746071955499,0.0,raw/isolated__anjuna3__colva4__client_to_oss__p4__r4/attempt-1
c1108684d75647ac951c6e46ffb093cc,isolated__anjuna3__colva3__client_to_oss__p1__r4,isolated,client_to_oss,anjuna3,4,1,1,2.353310110978005,280.53642642235815,0.0,raw/isolated__anjuna3__colva3__client_to_oss__p1__r4/attempt-1
c1108684d75647ac951c6e46ffb093cc,isolated__anjuna2__colva1__oss_to_client__p1__r4,isolated,oss_to_client,anjuna2,4,1,1,2.3533413612899823,280.5401517498472,0.0,raw/isolated__anjuna2__colva1__oss_to_client__p1__r4/attempt-1
c1108684d75647ac951c6e46ffb093cc,isolated__anjuna3__colva4__client_to_oss__p1__r4,isolated,client_to_oss,anjuna3,4,1,1,2.35354703276372,280.56466970011235,0.0,raw/isolated__anjuna3__colva4__client_to_oss__p1__r4/attempt-1
c1108684d75647ac951c6e46ffb093cc,isolated__anjuna3__colva2__oss_to_client__p1__r4,isolated,oss_to_client,anjuna3,4,1,1,2.353297656506564,280.53494173366596,0.0,raw/isolated__anjuna3__colva2__oss_to_client__p1__r4/attempt-1
c1108684d75647ac951c6e46ffb093cc,isolated__anjuna2__colva3__client_to_oss__p4__r4,isolated,client_to_oss,anjuna2,4,1,1,2.353255583996335,280.52992629961193,0.0,raw/isolated__anjuna2__colva3__client_to_oss__p4__r4/attempt-1
c1108684d75647ac951c6e46ffb093cc,isolated__anjuna2__colva3__client_to_oss__p1__r4,isolated,client_to_oss,anjuna2,4,1,1,2.353156636637664,280.51813085528187,0.0,raw/isolated__anjuna2__colva3__client_to_oss__p1__r4/attempt-1
c1108684d75647ac951c6e46ffb093cc,isolated__anjuna2__colva4__oss_to_client__p1__r4,isolated,oss_to_client,anjuna2,4,1,1,2.3533324971187763,280.5390950582953,0.0,raw/isolated__anjuna2__colva4__oss_to_client__p1__r4/attempt-1
c1108684d75647ac951c6e46ffb093cc,isolated__anjuna3__colva1__client_to_oss__p4__r4,isolated,client_to_oss,anjuna3,4,1,1,2.353691944099507,280.58194447749935,0.0,raw/isolated__anjuna3__colva1__client_to_oss__p4__r4/attempt-1
c1108684d75647ac951c6e46ffb093cc,isolated__anjuna3__colva2__client_to_oss__p4__r4,isolated,client_to_oss,anjuna3,4,1,1,2.353367208082362,280.543232927604,0.0,raw/isolated__anjuna3__colva2__client_to_oss__p4__r4/attempt-1
c1108684d75647ac951c6e46ffb093cc,isolated__anjuna3__colva2__oss_to_client__p4__r4,isolated,oss_to_client,anjuna3,4,1,1,2.35303673144807,280.5038370428169,0.0,raw/isolated__anjuna3__colva2__oss_to_client__p4__r4/attempt-1
c1108684d75647ac951c6e46ffb093cc,isolated__anjuna2__colva4__client_to_oss__p4__r4,isolated,client_to_oss,anjuna2,4,1,1,2.3531900844606413,280.522118146496,0.0,raw/isolated__anjuna2__colva4__client_to_oss__p4__r4/attempt-1
c1108684d75647ac951c6e46ffb093cc,isolated__anjuna3__colva4__oss_to_client__p4__r4,isolated,oss_to_client,anjuna3,4,1,1,2.353752629793349,280.5891787759482,0.0,raw/isolated__anjuna3__colva4__oss_to_client__p4__r4/attempt-1
c1108684d75647ac951c6e46ffb093cc,isolated__anjuna3__colva1__oss_to_client__p4__r4,isolated,oss_to_client,anjuna3,4,1,1,2.353636594478277,280.57534628847566,0.0,raw/isolated__anjuna3__colva1__oss_to_client__p4__r4/attempt-1
c1108684d75647ac951c6e46ffb093cc,isolated__anjuna3__colva3__oss_to_client__p4__r4,isolated,oss_to_client,anjuna3,4,1,1,2.352711719019095,280.4650925420636,0.0,raw/isolated__anjuna3__colva3__oss_to_client__p4__r4/attempt-1
c1108684d75647ac951c6e46ffb093cc,isolated__anjuna2__colva4__oss_to_client__p4__r4,isolated,oss_to_client,anjuna2,4,1,1,2.3533447005414727,280.54054981964504,0.0,raw/isolated__anjuna2__colva4__oss_to_client__p4__r4/attempt-1
c1108684d75647ac951c6e46ffb093cc,isolated__anjuna2__colva3__oss_to_client__p4__r4,isolated,oss_to_client,anjuna2,4,1,1,2.3529971215329883,280.49911517298085,0.0,raw/isolated__anjuna2__colva3__oss_to_client__p4__r4/attempt-1
c1108684d75647ac951c6e46ffb093cc,isolated__anjuna2__colva1__oss_to_client__p4__r4,isolated,oss_to_client,anjuna2,4,1,1,2.35361176318239,280.57238616733434,0.0,raw/isolated__anjuna2__colva1__oss_to_client__p4__r4/attempt-1
c1108684d75647ac951c6e46ffb093cc,isolated__anjuna3__colva4__oss_to_client__p1__r4,isolated,oss_to_client,anjuna3,4,1,1,2.3536880992882874,280.5814861402854,0.0,raw/isolated__anjuna3__colva4__oss_to_client__p1__r4/attempt-1
c1108684d75647ac951c6e46ffb093cc,isolated__anjuna3__colva2__client_to_oss__p1__r4,isolated,client_to_oss,anjuna3,4,1,1,2.3533552544579357,280.54180794452856,0.0,raw/isolated__anjuna3__colva2__client_to_oss__p1__r4/attempt-1
c1108684d75647ac951c6e46ffb093cc,isolated__anjuna2__colva2__client_to_oss__p4__r4,isolated,client_to_oss,anjuna2,4,1,1,2.353242864624487,280.5284100323304,0.0,raw/isolated__anjuna2__colva2__client_to_oss__p4__r4/attempt-1
c1108684d75647ac951c6e46ffb093cc,isolated__anjuna3__colva1__client_to_oss__p1__r4,isolated,client_to_oss,anjuna3,4,1,1,2.353657109213498,280.57779183548666,0.0,raw/isolated__anjuna3__colva1__client_to_oss__p1__r4/attempt-1
c1108684d75647ac951c6e46ffb093cc,isolated__anjuna2__colva2__oss_to_client__p4__r4,isolated,oss_to_client,anjuna2,4,1,1,2.353083812945144,280.509449594634,0.0,raw/isolated__anjuna2__colva2__oss_to_client__p4__r4/attempt-1
c1108684d75647ac951c6e46ffb093cc,isolated__anjuna3__colva1__oss_to_client__p1__r4,isolated,oss_to_client,anjuna3,4,1,1,2.3536906883694475,280.58179478281113,0.0,raw/isolated__anjuna3__colva1__oss_to_client__p1__r4/attempt-1
c1108684d75647ac951c6e46ffb093cc,isolated__anjuna2__colva1__client_to_oss__p1__r4,isolated,client_to_oss,anjuna2,4,1,1,2.3531642775908836,280.51904172788664,0.0,raw/isolated__anjuna2__colva1__client_to_oss__p1__r4/attempt-1
c1108684d75647ac951c6e46ffb093cc,isolated__anjuna2__colva1__client_to_oss__p4__r4,isolated,client_to_oss,anjuna2,4,1,1,2.353237477809781,280.52776787397636,0.0,raw/isolated__anjuna2__colva1__client_to_oss__p4__r4/attempt-1
c1108684d75647ac951c6e46ffb093cc,isolated__anjuna2__colva2__client_to_oss__p1__r4,isolated,client_to_oss,anjuna2,4,1,1,2.352995112193392,280.49887564103506,0.0,raw/isolated__anjuna2__colva2__client_to_oss__p1__r4/attempt-1
c1108684d75647ac951c6e46ffb093cc,isolated__anjuna2__colva4__client_to_oss__p4__r5,isolated,client_to_oss,anjuna2,5,1,1,2.3531871506238358,280.5217684058947,0.0,raw/isolated__anjuna2__colva4__client_to_oss__p4__r5/attempt-1
c1108684d75647ac951c6e46ffb093cc,isolated__anjuna3__colva2__oss_to_client__p4__r5,isolated,oss_to_client,anjuna3,5,1,1,2.3533138160207487,280.5368680978714,0.0,raw/isolated__anjuna3__colva2__oss_to_client__p4__r5/attempt-1
c1108684d75647ac951c6e46ffb093cc,isolated__anjuna3__colva3__client_to_oss__p1__r5,isolated,client_to_oss,anjuna3,5,1,1,2.353358902335233,280.5422428053895,0.0,raw/isolated__anjuna3__colva3__client_to_oss__p1__r5/attempt-1
c1108684d75647ac951c6e46ffb093cc,isolated__anjuna2__colva2__oss_to_client__p4__r5,isolated,oss_to_client,anjuna2,5,1,1,2.353177345685545,280.520599566167,0.0,raw/isolated__anjuna2__colva2__oss_to_client__p4__r5/attempt-1
c1108684d75647ac951c6e46ffb093cc,isolated__anjuna2__colva2__oss_to_client__p1__r5,isolated,oss_to_client,anjuna2,5,1,1,2.353252192519444,280.5295220040612,0.0,raw/isolated__anjuna2__colva2__oss_to_client__p1__r5/attempt-1
c1108684d75647ac951c6e46ffb093cc,isolated__anjuna2__colva1__client_to_oss__p4__r5,isolated,client_to_oss,anjuna2,5,1,1,2.3531888763014304,280.52197412269476,0.0,raw/isolated__anjuna2__colva1__client_to_oss__p4__r5/attempt-1
c1108684d75647ac951c6e46ffb093cc,isolated__anjuna2__colva2__client_to_oss__p1__r5,isolated,client_to_oss,anjuna2,5,1,1,2.35308203984517,280.50923822464586,0.0,raw/isolated__anjuna2__colva2__client_to_oss__p1__r5/attempt-1
c1108684d75647ac951c6e46ffb093cc,isolated__anjuna3__colva1__client_to_oss__p4__r5,isolated,client_to_oss,anjuna3,5,1,1,2.353628002823151,280.574322083372,0.0,raw/isolated__anjuna3__colva1__client_to_oss__p4__r5/attempt-1
c1108684d75647ac951c6e46ffb093cc,isolated__anjuna3__colva2__oss_to_client__p1__r5,isolated,oss_to_client,anjuna3,5,1,1,2.353240850821614,280.52816996832064,0.0,raw/isolated__anjuna3__colva2__oss_to_client__p1__r5/attempt-1
c1108684d75647ac951c6e46ffb093cc,isolated__anjuna3__colva1__client_to_oss__p1__r5,isolated,client_to_oss,anjuna3,5,1,1,2.35363404157729,280.5750419589627,0.0,raw/isolated__anjuna3__colva1__client_to_oss__p1__r5/attempt-1
c1108684d75647ac951c6e46ffb093cc,isolated__anjuna3__colva4__client_to_oss__p4__r5,isolated,client_to_oss,anjuna3,5,1,1,2.353604357050802,280.5715032876494,0.0,raw/isolated__anjuna3__colva4__client_to_oss__p4__r5/attempt-1
c1108684d75647ac951c6e46ffb093cc,isolated__anjuna3__colva3__client_to_oss__p4__r5,isolated,client_to_oss,anjuna3,5,1,1,2.35326289004115,280.53079724802376,0.0,raw/isolated__anjuna3__colva3__client_to_oss__p4__r5/attempt-1
c1108684d75647ac951c6e46ffb093cc,isolated__anjuna3__colva1__oss_to_client__p1__r5,isolated,oss_to_client,anjuna3,5,1,1,2.3536478899422697,280.57669281271336,0.0,raw/isolated__anjuna3__colva1__oss_to_client__p1__r5/attempt-1
c1108684d75647ac951c6e46ffb093cc,isolated__anjuna3__colva1__oss_to_client__p4__r5,isolated,oss_to_client,anjuna3,5,1,1,2.353361702422709,280.5425766018282,0.0,raw/isolated__anjuna3__colva1__oss_to_client__p4__r5/attempt-1
c1108684d75647ac951c6e46ffb093cc,isolated__anjuna2__colva1__client_to_oss__p1__r5,isolated,client_to_oss,anjuna2,5,1,1,2.353155837208521,280.51803555590163,0.0,raw/isolated__anjuna2__colva1__client_to_oss__p1__r5/attempt-1
c1108684d75647ac951c6e46ffb093cc,isolated__anjuna2__colva3__client_to_oss__p1__r5,isolated,client_to_oss,anjuna2,5,1,1,2.353300855861789,280.5353231265293,0.0,raw/isolated__anjuna2__colva3__client_to_oss__p1__r5/attempt-1
c1108684d75647ac951c6e46ffb093cc,isolated__anjuna3__colva2__client_to_oss__p1__r5,isolated,client_to_oss,anjuna3,5,1,1,2.353380166260667,280.54477766283355,0.0,raw/isolated__anjuna3__colva2__client_to_oss__p1__r5/attempt-1
c1108684d75647ac951c6e46ffb093cc,isolated__anjuna2__colva4__oss_to_client__p1__r5,isolated,oss_to_client,anjuna2,5,1,1,2.3533357917586835,280.53948780997797,0.0,raw/isolated__anjuna2__colva4__oss_to_client__p1__r5/attempt-1
c1108684d75647ac951c6e46ffb093cc,isolated__anjuna2__colva2__client_to_oss__p4__r5,isolated,client_to_oss,anjuna2,5,1,1,2.3532053329330758,280.52393590606164,0.0,raw/isolated__anjuna2__colva2__client_to_oss__p4__r5/attempt-1
c1108684d75647ac951c6e46ffb093cc,isolated__anjuna3__colva3__oss_to_client__p1__r5,isolated,oss_to_client,anjuna3,5,1,1,2.3529634737616347,280.4951040460628,0.0,raw/isolated__anjuna3__colva3__oss_to_client__p1__r5/attempt-1
c1108684d75647ac951c6e46ffb093cc,isolated__anjuna2__colva3__client_to_oss__p4__r5,isolated,client_to_oss,anjuna2,5,1,1,2.353180354683302,280.52095826665186,0.0,raw/isolated__anjuna2__colva3__client_to_oss__p4__r5/attempt-1
c1108684d75647ac951c6e46ffb093cc,isolated__anjuna3__colva4__client_to_oss__p1__r5,isolated,client_to_oss,anjuna3,5,1,1,2.3536538525680037,280.57740361309095,0.0,raw/isolated__anjuna3__colva4__client_to_oss__p1__r5/attempt-1
c1108684d75647ac951c6e46ffb093cc,isolated__anjuna3__colva2__client_to_oss__p4__r5,isolated,client_to_oss,anjuna3,5,1,1,2.3529403935291935,280.4923526679508,0.0,raw/isolated__anjuna3__colva2__client_to_oss__p4__r5/attempt-1
c1108684d75647ac951c6e46ffb093cc,isolated__anjuna2__colva3__oss_to_client__p4__r5,isolated,oss_to_client,anjuna2,5,1,1,2.3530843435464868,280.5095128472432,0.0,raw/isolated__anjuna2__colva3__oss_to_client__p4__r5/attempt-1
c1108684d75647ac951c6e46ffb093cc,isolated__anjuna2__colva4__client_to_oss__p1__r5,isolated,client_to_oss,anjuna2,5,1,1,2.353196955643834,280.52293725536276,0.0,raw/isolated__anjuna2__colva4__client_to_oss__p1__r5/attempt-1
c1108684d75647ac951c6e46ffb093cc,isolated__anjuna3__colva4__oss_to_client__p1__r5,isolated,oss_to_client,anjuna3,5,1,1,2.353700652462207,280.58298259522996,0.0,raw/isolated__anjuna3__colva4__oss_to_client__p1__r5/attempt-1
c1108684d75647ac951c6e46ffb093cc,isolated__anjuna3__colva3__oss_to_client__p4__r5,isolated,oss_to_client,anjuna3,5,1,1,2.35311083114148,280.5126704146242,0.0,raw/isolated__anjuna3__colva3__oss_to_client__p4__r5/attempt-1
c1108684d75647ac951c6e46ffb093cc,isolated__anjuna2__colva1__oss_to_client__p1__r5,isolated,oss_to_client,anjuna2,5,1,1,2.3533466955136872,280.54078763886537,0.0,raw/isolated__anjuna2__colva1__oss_to_client__p1__r5/attempt-1
c1108684d75647ac951c6e46ffb093cc,isolated__anjuna2__colva1__oss_to_client__p4__r5,isolated,oss_to_client,anjuna2,5,1,1,2.3534592836151975,280.5542091864583,0.0,raw/isolated__anjuna2__colva1__oss_to_client__p4__r5/attempt-1
c1108684d75647ac951c6e46ffb093cc,isolated__anjuna2__colva3__oss_to_client__p1__r5,isolated,oss_to_client,anjuna2,5,1,1,2.353037614103242,280.50394226351284,0.0,raw/isolated__anjuna2__colva3__oss_to_client__p1__r5/attempt-1
c1108684d75647ac951c6e46ffb093cc,isolated__anjuna3__colva4__oss_to_client__p4__r5,isolated,oss_to_client,anjuna3,5,1,1,2.353847484802307,280.6004863741764,0.0,raw/isolated__anjuna3__colva4__oss_to_client__p4__r5/attempt-1
c1108684d75647ac951c6e46ffb093cc,isolated__anjuna2__colva4__oss_to_client__p4__r5,isolated,oss_to_client,anjuna2,5,1,1,2.3536393765732355,280.5756779400391,0.0,raw/isolated__anjuna2__colva4__oss_to_client__p4__r5/attempt-1
c1108684d75647ac951c6e46ffb093cc,fanout1__anjuna3__oss_to_client__r1,one_client_four_oss,oss_to_client,anjuna3,1,1,4,2.352691375874492,280.46266745024826,9.34600830078125e-05,raw/fanout1__anjuna3__oss_to_client__r1/attempt-1
c1108684d75647ac951c6e46ffb093cc,fanout1__anjuna2__client_to_oss__r1,one_client_four_oss,client_to_oss,anjuna2,1,1,4,2.354394699742239,280.66571947839725,0.0004982948303222656,raw/fanout1__anjuna2__client_to_oss__r1/attempt-1
c1108684d75647ac951c6e46ffb093cc,fanout1__anjuna2__oss_to_client__r1,one_client_four_oss,oss_to_client,anjuna2,1,1,4,2.351721071174067,280.3469981162628,0.0001125335693359375,raw/fanout1__anjuna2__oss_to_client__r1/attempt-1
c1108684d75647ac951c6e46ffb093cc,fanout1__anjuna3__client_to_oss__r1,one_client_four_oss,client_to_oss,anjuna3,1,1,4,2.3551809084658855,280.7594428617818,0.0001575946807861328,raw/fanout1__anjuna3__client_to_oss__r1/attempt-1
c1108684d75647ac951c6e46ffb093cc,fanout1__anjuna3__oss_to_client__r2,one_client_four_oss,oss_to_client,anjuna3,2,1,4,2.3528100550686077,280.47681511266325,0.00042366981506347656,raw/fanout1__anjuna3__oss_to_client__r2/attempt-1
c1108684d75647ac951c6e46ffb093cc,fanout1__anjuna2__client_to_oss__r2,one_client_four_oss,client_to_oss,anjuna2,2,1,4,2.3543725792813697,280.6630825139725,0.00016999244689941406,raw/fanout1__anjuna2__client_to_oss__r2/attempt-1
c1108684d75647ac951c6e46ffb093cc,fanout1__anjuna3__client_to_oss__r2,one_client_four_oss,client_to_oss,anjuna3,2,1,4,2.3526687480622615,280.45997000482816,0.00022077560424804688,raw/fanout1__anjuna3__client_to_oss__r2/attempt-1
c1108684d75647ac951c6e46ffb093cc,fanout1__anjuna2__oss_to_client__r2,one_client_four_oss,oss_to_client,anjuna2,2,1,4,2.352237509430727,280.4085623539361,0.00025582313537597656,raw/fanout1__anjuna2__oss_to_client__r2/attempt-1
c1108684d75647ac951c6e46ffb093cc,fanout1__anjuna3__client_to_oss__r3,one_client_four_oss,client_to_oss,anjuna3,3,1,4,2.3558657309589637,280.84108006465004,0.0002994537353515625,raw/fanout1__anjuna3__client_to_oss__r3/attempt-1
c1108684d75647ac951c6e46ffb093cc,fanout1__anjuna2__client_to_oss__r3,one_client_four_oss,client_to_oss,anjuna2,3,1,4,2.3542364435156062,280.6468538660534,1.430511474609375e-06,raw/fanout1__anjuna2__client_to_oss__r3/attempt-1
c1108684d75647ac951c6e46ffb093cc,fanout1__anjuna2__oss_to_client__r3,one_client_four_oss,oss_to_client,anjuna2,3,1,4,2.3525098177289,280.44102403270006,0.0001087188720703125,raw/fanout1__anjuna2__oss_to_client__r3/attempt-1
c1108684d75647ac951c6e46ffb093cc,fanout1__anjuna3__oss_to_client__r3,one_client_four_oss,oss_to_client,anjuna3,3,1,4,2.354623327529614,280.6929740345018,0.00015664100646972656,raw/fanout1__anjuna3__oss_to_client__r3/attempt-1
c1108684d75647ac951c6e46ffb093cc,fanout1__anjuna2__oss_to_client__r4,one_client_four_oss,oss_to_client,anjuna2,4,1,4,2.3524477647085753,280.43362673623267,0.0004029273986816406,raw/fanout1__anjuna2__oss_to_client__r4/attempt-1
c1108684d75647ac951c6e46ffb093cc,fanout1__anjuna3__client_to_oss__r4,one_client_four_oss,client_to_oss,anjuna3,4,1,4,2.3549296334030023,280.72948854005364,0.0003597736358642578,raw/fanout1__anjuna3__client_to_oss__r4/attempt-1
c1108684d75647ac951c6e46ffb093cc,fanout1__anjuna3__oss_to_client__r4,one_client_four_oss,oss_to_client,anjuna3,4,1,4,2.353439024075452,280.55179406111864,0.00021696090698242188,raw/fanout1__anjuna3__oss_to_client__r4/attempt-1
c1108684d75647ac951c6e46ffb093cc,fanout1__anjuna2__client_to_oss__r4,one_client_four_oss,client_to_oss,anjuna2,4,1,4,2.3546212204915467,280.6927228559907,0.00017690658569335938,raw/fanout1__anjuna2__client_to_oss__r4/attempt-1
c1108684d75647ac951c6e46ffb093cc,fanout1__anjuna3__oss_to_client__r5,one_client_four_oss,oss_to_client,anjuna3,5,1,4,2.3539474809644916,280.6124068456282,0.0003643035888671875,raw/fanout1__anjuna3__oss_to_client__r5/attempt-1
c1108684d75647ac951c6e46ffb093cc,fanout1__anjuna3__client_to_oss__r5,one_client_four_oss,client_to_oss,anjuna3,5,1,4,2.3530931700084494,280.510565043503,0.0003223419189453125,raw/fanout1__anjuna3__client_to_oss__r5/attempt-1
c1108684d75647ac951c6e46ffb093cc,fanout1__anjuna2__client_to_oss__r5,one_client_four_oss,client_to_oss,anjuna2,5,1,4,2.354342554577271,280.6595032903279,0.00012254714965820312,raw/fanout1__anjuna2__client_to_oss__r5/attempt-1
c1108684d75647ac951c6e46ffb093cc,fanout1__anjuna2__oss_to_client__r5,one_client_four_oss,oss_to_client,anjuna2,5,1,4,2.3529944321190834,280.4987945698599,0.00034689903259277344,raw/fanout1__anjuna2__oss_to_client__r5/attempt-1
c1108684d75647ac951c6e46ffb093cc,fanout2__client_to_oss__r1,two_clients_four_oss,client_to_oss,"anjuna2,anjuna3",1,1,8,4.709178272706039,561.377796257262,0.10143661499023438,raw/fanout2__client_to_oss__r1/attempt-1
c1108684d75647ac951c6e46ffb093cc,fanout2__oss_to_client__r1,two_clients_four_oss,oss_to_client,"anjuna2,anjuna3",1,1,8,4.559278846822412,543.508392193605,0.14680814743041992,raw/fanout2__oss_to_client__r1/attempt-1
c1108684d75647ac951c6e46ffb093cc,fanout2__oss_to_client__r2,two_clients_four_oss,oss_to_client,"anjuna2,anjuna3",2,1,8,4.639580095047237,553.0810469445273,0.13509082794189453,raw/fanout2__oss_to_client__r2/attempt-1
c1108684d75647ac951c6e46ffb093cc,fanout2__client_to_oss__r2,two_clients_four_oss,client_to_oss,"anjuna2,anjuna3",2,1,8,4.7068987985498465,561.106061762553,0.13222908973693848,raw/fanout2__client_to_oss__r2/attempt-1
c1108684d75647ac951c6e46ffb093cc,fanout2__oss_to_client__r3,two_clients_four_oss,oss_to_client,"anjuna2,anjuna3",3,1,8,4.6987108321211055,560.1299801017171,0.1349167823791504,raw/fanout2__oss_to_client__r3/attempt-1
c1108684d75647ac951c6e46ffb093cc,fanout2__client_to_oss__r3,two_clients_four_oss,client_to_oss,"anjuna2,anjuna3",3,1,8,4.7092062035648965,561.3811258751031,0.14295554161071777,raw/fanout2__client_to_oss__r3/attempt-1
c1108684d75647ac951c6e46ffb093cc,fanout2__client_to_oss__r4,two_clients_four_oss,client_to_oss,"anjuna2,anjuna3",4,1,8,4.708635420926225,561.3130832822591,0.13236045837402344,raw/fanout2__client_to_oss__r4/attempt-1
c1108684d75647ac951c6e46ffb093cc,fanout2__oss_to_client__r4,two_clients_four_oss,oss_to_client,"anjuna2,anjuna3",4,1,8,4.702613680962555,560.5952359393305,0.14709091186523438,raw/fanout2__oss_to_client__r4/attempt-1
c1108684d75647ac951c6e46ffb093cc,fanout2__oss_to_client__r5,two_clients_four_oss,oss_to_client,"anjuna2,anjuna3",5,1,8,4.681143415077883,558.0357807967523,0.14365386962890625,raw/fanout2__oss_to_client__r5/attempt-1
c1108684d75647ac951c6e46ffb093cc,fanout2__client_to_oss__r5,two_clients_four_oss,client_to_oss,"anjuna2,anjuna3",5,1,8,4.7090912516202135,561.3674225354449,0.1395893096923828,raw/fanout2__client_to_oss__r5/attempt-1
