run_id,unit_id,unit_mode,repetition,attempt,host,interface,rx_bytes,rx_packets,rx_errors,rx_dropped,tx_bytes,tx_packets,tx_errors,tx_dropped
c1108684d75647ac951c6e46ffb093cc,isolated__anjuna3__colva3__oss_to_client__p1__r1,isolated,1,1,anjuna3,enp4s0,10767115733,7112278,0,0,19594629,295036,0,0
c1108684d75647ac951c6e46ffb093cc,isolated__anjuna3__colva3__oss_to_client__p1__r1,isolated,1,1,colva3,enp7s0,22201224,300735,0,0,10770540317,7118927,0,0
c1108684d75647ac951c6e46ffb093cc,isolated__anjuna2__colva2__client_to_oss__p1__r1,isolated,1,1,colva2,enp7s0,10768283783,7117393,0,0,22819347,312431,0,0
c1108684d75647ac951c6e46ffb093cc,isolated__anjuna2__colva2__client_to_oss__p1__r1,isolated,1,1,anjuna2,eno1,23950558,313974,0,0,10768315736,7119542,0,0
c1108684d75647ac951c6e46ffb093cc,isolated__anjuna3__colva1__oss_to_client__p1__r1,isolated,1,1,anjuna3,enp4s0,10767920590,7112797,0,0,19594665,294899,0,0
c1108684d75647ac951c6e46ffb093cc,isolated__anjuna3__colva1__oss_to_client__p1__r1,isolated,1,1,colva1,enp7s0,19452194,294281,0,0,10767905097,7112545,0,0
c1108684d75647ac951c6e46ffb093cc,isolated__anjuna3__colva4__client_to_oss__p4__r1,isolated,1,1,colva4,enp7s0,10767498658,7112197,0,0,42476297,642893,0,0
c1108684d75647ac951c6e46ffb093cc,isolated__anjuna3__colva4__client_to_oss__p4__r1,isolated,1,1,anjuna3,enp4s0,42517039,643346,0,0,10767653414,7112992,0,0
c1108684d75647ac951c6e46ffb093cc,isolated__anjuna2__colva4__client_to_oss__p1__r1,isolated,1,1,colva4,enp7s0,10765258856,7110718,0,0,17671357,267063,0,0
c1108684d75647ac951c6e46ffb093cc,isolated__anjuna2__colva4__client_to_oss__p1__r1,isolated,1,1,anjuna2,eno1,20520655,273844,0,1,10767723500,7118177,0,0
c1108684d75647ac951c6e46ffb093cc,isolated__anjuna2__colva3__client_to_oss__p1__r1,isolated,1,1,colva3,enp7s0,10766689738,7116455,0,0,21709330,281961,0,0
c1108684d75647ac951c6e46ffb093cc,isolated__anjuna2__colva3__client_to_oss__p1__r1,isolated,1,1,anjuna2,eno1,21035012,281625,0,0,10766439186,7117442,0,0
c1108684d75647ac951c6e46ffb093cc,isolated__anjuna2__colva1__oss_to_client__p1__r1,isolated,1,1,colva1,enp7s0,222158230,3365584,0,0,10767460802,7112256,0,0
c1108684d75647ac951c6e46ffb093cc,isolated__anjuna2__colva1__oss_to_client__p1__r1,isolated,1,1,anjuna2,eno1,10770515450,7119221,0,1,224878928,3373409,0,0
c1108684d75647ac951c6e46ffb093cc,isolated__anjuna3__colva3__oss_to_client__p4__r1,isolated,1,1,anjuna3,enp4s0,10775479866,7117875,0,0,12625437,189371,0,0
c1108684d75647ac951c6e46ffb093cc,isolated__anjuna3__colva3__oss_to_client__p4__r1,isolated,1,1,colva3,enp7s0,15168191,194981,0,0,10779467917,7124700,0,0
c1108684d75647ac951c6e46ffb093cc,isolated__anjuna3__colva4__client_to_oss__p1__r1,isolated,1,1,colva4,enp7s0,10767121303,7111918,0,0,17568202,265555,0,0
c1108684d75647ac951c6e46ffb093cc,isolated__anjuna3__colva4__client_to_oss__p1__r1,isolated,1,1,anjuna3,enp4s0,17611098,266019,0,0,10767277844,7112796,0,0
c1108684d75647ac951c6e46ffb093cc,isolated__anjuna2__colva1__oss_to_client__p4__r1,isolated,1,1,colva1,enp7s0,53944598,816913,0,0,10768523438,7126274,0,0
c1108684d75647ac951c6e46ffb093cc,isolated__anjuna2__colva1__oss_to_client__p4__r1,isolated,1,1,anjuna2,eno1,10771397577,7133098,0,0,56372187,824553,0,0
c1108684d75647ac951c6e46ffb093cc,isolated__anjuna2__colva2__client_to_oss__p4__r1,isolated,1,1,colva2,enp7s0,10768300974,7116684,0,0,13231142,170716,0,0
c1108684d75647ac951c6e46ffb093cc,isolated__anjuna2__colva2__client_to_oss__p4__r1,isolated,1,1,anjuna2,eno1,13754543,171727,0,0,10768163775,7118585,0,0
c1108684d75647ac951c6e46ffb093cc,isolated__anjuna3__colva4__oss_to_client__p4__r1,isolated,1,1,colva4,enp7s0,12300352,186055,0,0,10769622203,7129121,0,0
c1108684d75647ac951c6e46ffb093cc,isolated__anjuna3__colva4__oss_to_client__p4__r1,isolated,1,1,anjuna3,enp4s0,10769681650,7129700,0,0,12478973,187060,0,0
c1108684d75647ac951c6e46ffb093cc,isolated__anjuna3__colva1__client_to_oss__p4__r1,isolated,1,1,anjuna3,enp4s0,36166338,547153,0,0,10767986862,7113145,0,0
c1108684d75647ac951c6e46ffb093cc,isolated__anjuna3__colva1__client_to_oss__p4__r1,isolated,1,1,colva1,enp7s0,10767860702,7112580,0,0,36139107,546868,0,0
c1108684d75647ac951c6e46ffb093cc,isolated__anjuna2__colva4__oss_to_client__p1__r1,isolated,1,1,colva4,enp7s0,222687567,3373743,0,0,10767950206,7112419,0,0
c1108684d75647ac951c6e46ffb093cc,isolated__anjuna2__colva4__oss_to_client__p1__r1,isolated,1,1,anjuna2,eno1,10771046869,7119603,0,0,225394992,3381781,0,0
c1108684d75647ac951c6e46ffb093cc,isolated__anjuna2__colva3__oss_to_client__p1__r1,isolated,1,1,colva3,enp7s0,225210258,3376788,0,0,10770521350,7118885,0,0
c1108684d75647ac951c6e46ffb093cc,isolated__anjuna2__colva3__oss_to_client__p1__r1,isolated,1,1,anjuna2,eno1,10769943670,7118664,0,0,224957914,3377795,0,0
c1108684d75647ac951c6e46ffb093cc,isolated__anjuna3__colva3__client_to_oss__p1__r1,isolated,1,1,anjuna3,enp4s0,18206213,275011,0,0,10766658662,7112462,0,0
c1108684d75647ac951c6e46ffb093cc,isolated__anjuna3__colva3__client_to_oss__p1__r1,isolated,1,1,colva3,enp7s0,10769381481,7118630,0,0,21876672,282146,0,0
c1108684d75647ac951c6e46ffb093cc,isolated__anjuna3__colva2__client_to_oss__p4__r1,isolated,1,1,anjuna3,enp4s0,12149739,183174,0,0,10767496334,7125760,0,0
c1108684d75647ac951c6e46ffb093cc,isolated__anjuna3__colva2__client_to_oss__p4__r1,isolated,1,1,colva2,enp7s0,10769904693,7130585,0,0,14375741,188465,0,0
c1108684d75647ac951c6e46ffb093cc,isolated__anjuna3__colva1__oss_to_client__p4__r1,isolated,1,1,anjuna3,enp4s0,10769036663,7128801,0,0,12498258,187255,0,0
c1108684d75647ac951c6e46ffb093cc,isolated__anjuna3__colva1__oss_to_client__p4__r1,isolated,1,1,colva1,enp7s0,12328896,186433,0,0,10768996448,7128388,0,0
c1108684d75647ac951c6e46ffb093cc,isolated__anjuna3__colva2__oss_to_client__p4__r1,isolated,1,1,anjuna3,enp4s0,10773846705,7121494,0,0,11878962,178035,0,0
c1108684d75647ac951c6e46ffb093cc,isolated__anjuna3__colva2__oss_to_client__p4__r1,isolated,1,1,colva2,enp7s0,14284630,182762,0,0,10776045367,7126721,0,0
c1108684d75647ac951c6e46ffb093cc,isolated__anjuna3__colva1__client_to_oss__p1__r1,isolated,1,1,anjuna3,enp4s0,17198517,259622,0,0,10767176913,7112890,0,0
c1108684d75647ac951c6e46ffb093cc,isolated__anjuna3__colva1__client_to_oss__p1__r1,isolated,1,1,colva1,enp7s0,10767020139,7112035,0,0,17150991,259166,0,0
c1108684d75647ac951c6e46ffb093cc,isolated__anjuna2__colva1__client_to_oss__p4__r1,isolated,1,1,colva1,enp7s0,10765699229,7111170,0,0,28078777,424688,0,0
c1108684d75647ac951c6e46ffb093cc,isolated__anjuna2__colva1__client_to_oss__p4__r1,isolated,1,1,anjuna2,eno1,30867811,431233,0,1,10768044363,7118241,0,0
c1108684d75647ac951c6e46ffb093cc,isolated__anjuna3__colva2__client_to_oss__p1__r1,isolated,1,1,anjuna3,enp4s0,19170115,289487,0,0,10767409339,7113069,0,0
c1108684d75647ac951c6e46ffb093cc,isolated__anjuna3__colva2__client_to_oss__p1__r1,isolated,1,1,colva2,enp7s0,10769848008,7117762,0,0,21437184,294781,0,0
c1108684d75647ac951c6e46ffb093cc,isolated__anjuna2__colva1__client_to_oss__p1__r1,isolated,1,1,colva1,enp7s0,10765246038,7110872,0,0,16341338,246856,0,0
c1108684d75647ac951c6e46ffb093cc,isolated__anjuna2__colva1__client_to_oss__p1__r1,isolated,1,1,anjuna2,eno1,19214428,253591,0,0,10767730255,7118292,0,0
c1108684d75647ac951c6e46ffb093cc,isolated__anjuna2__colva2__oss_to_client__p1__r1,isolated,1,1,colva2,enp7s0,224736890,3371896,0,0,10770123134,7118076,0,0
c1108684d75647ac951c6e46ffb093cc,isolated__anjuna2__colva2__oss_to_client__p1__r1,isolated,1,1,anjuna2,eno1,10770918938,7119456,0,1,224674448,3374131,0,0
c1108684d75647ac951c6e46ffb093cc,isolated__anjuna2__colva4__oss_to_client__p4__r1,isolated,1,1,colva4,enp7s0,62362388,944581,0,0,10771435245,7114724,0,0
c1108684d75647ac951c6e46ffb093cc,isolated__anjuna2__colva4__oss_to_client__p4__r1,isolated,1,1,anjuna2,eno1,10774581647,7122079,0,1,65126660,952807,0,0
c1108684d75647ac951c6e46ffb093cc,isolated__anjuna2__colva4__client_to_oss__p4__r1,isolated,1,1,colva4,enp7s0,10765148083,7110668,0,0,22140243,334807,0,0
c1108684d75647ac951c6e46ffb093cc,isolated__anjuna2__colva4__client_to_oss__p4__r1,isolated,1,1,anjuna2,eno1,25949023,342329,0,1,10767666024,7118418,0,0
c1108684d75647ac951c6e46ffb093cc,isolated__anjuna3__colva4__oss_to_client__p1__r1,isolated,1,1,colva4,enp7s0,19850939,300465,0,0,10768280987,7112634,0,0
c1108684d75647ac951c6e46ffb093cc,isolated__anjuna3__colva4__oss_to_client__p1__r1,isolated,1,1,anjuna3,enp4s0,10768091109,7113058,0,0,20047353,301500,0,0
c1108684d75647ac951c6e46ffb093cc,isolated__anjuna3__colva3__client_to_oss__p4__r1,isolated,1,1,anjuna3,enp4s0,13355960,201581,0,0,10767990181,7113666,0,0
c1108684d75647ac951c6e46ffb093cc,isolated__anjuna3__colva3__client_to_oss__p4__r1,isolated,1,1,colva3,enp7s0,10770679399,7119552,0,0,16983179,208423,0,0
c1108684d75647ac951c6e46ffb093cc,isolated__anjuna2__colva3__oss_to_client__p4__r1,isolated,1,1,colva3,enp7s0,61971622,903414,0,0,10780439389,7125462,0,0
c1108684d75647ac951c6e46ffb093cc,isolated__anjuna2__colva3__oss_to_client__p4__r1,isolated,1,1,anjuna2,eno1,10779794566,7125236,0,1,61670352,904234,0,0
c1108684d75647ac951c6e46ffb093cc,isolated__anjuna2__colva3__client_to_oss__p4__r1,isolated,1,1,colva3,enp7s0,10768236631,7117427,0,0,14547621,172430,0,0
c1108684d75647ac951c6e46ffb093cc,isolated__anjuna2__colva3__client_to_oss__p4__r1,isolated,1,1,anjuna2,eno1,13751002,171959,0,1,10767853283,7118118,0,0
c1108684d75647ac951c6e46ffb093cc,isolated__anjuna2__colva2__oss_to_client__p4__r1,isolated,1,1,colva2,enp7s0,57989074,845630,0,0,10776299025,7127167,0,0
c1108684d75647ac951c6e46ffb093cc,isolated__anjuna2__colva2__oss_to_client__p4__r1,isolated,1,1,anjuna2,eno1,10776888522,7128377,0,0,57892524,847662,0,0
c1108684d75647ac951c6e46ffb093cc,isolated__anjuna3__colva2__oss_to_client__p1__r1,isolated,1,1,anjuna3,enp4s0,10767807243,7112743,0,0,19814215,298231,0,0
c1108684d75647ac951c6e46ffb093cc,isolated__anjuna3__colva2__oss_to_client__p1__r1,isolated,1,1,colva2,enp7s0,22325626,303161,0,0,10770075341,7118117,0,0
c1108684d75647ac951c6e46ffb093cc,isolated__anjuna3__colva2__oss_to_client__p4__r2,isolated,2,1,anjuna3,enp4s0,10772304373,7122348,0,0,11501364,172545,0,0
c1108684d75647ac951c6e46ffb093cc,isolated__anjuna3__colva2__oss_to_client__p4__r2,isolated,2,1,colva2,enp7s0,13924218,177226,0,0,10774488677,7127471,0,0
c1108684d75647ac951c6e46ffb093cc,isolated__anjuna3__colva4__client_to_oss__p4__r2,isolated,2,1,colva4,enp7s0,10767431629,7112185,0,0,31862785,482111,0,0
c1108684d75647ac951c6e46ffb093cc,isolated__anjuna3__colva4__client_to_oss__p4__r2,isolated,2,1,anjuna3,enp4s0,31991248,483161,0,0,10767690563,7113768,0,0
c1108684d75647ac951c6e46ffb093cc,isolated__anjuna3__colva4__oss_to_client__p1__r2,isolated,2,1,colva4,enp7s0,19875471,300836,0,0,10767914329,7112388,0,0
c1108684d75647ac951c6e46ffb093cc,isolated__anjuna3__colva4__oss_to_client__p1__r2,isolated,2,1,anjuna3,enp4s0,10767530597,7112703,0,0,20069415,301915,0,0
c1108684d75647ac951c6e46ffb093cc,isolated__anjuna2__colva1__oss_to_client__p1__r2,isolated,2,1,colva1,enp7s0,221883564,3361340,0,0,10767581681,7112367,0,0
c1108684d75647ac951c6e46ffb093cc,isolated__anjuna2__colva1__oss_to_client__p1__r2,isolated,2,1,anjuna2,eno1,10770986248,7119778,0,1,224580765,3369553,0,0
c1108684d75647ac951c6e46ffb093cc,isolated__anjuna2__colva2__client_to_oss__p4__r2,isolated,2,1,colva2,enp7s0,10768912154,7117546,0,0,14848041,192767,0,0
c1108684d75647ac951c6e46ffb093cc,isolated__anjuna2__colva2__client_to_oss__p4__r2,isolated,2,1,anjuna2,eno1,15459335,194010,0,1,10768733283,7119390,0,0
c1108684d75647ac951c6e46ffb093cc,isolated__anjuna3__colva1__client_to_oss__p1__r2,isolated,2,1,anjuna3,enp4s0,17334707,261603,0,0,10767049053,7112836,0,0
c1108684d75647ac951c6e46ffb093cc,isolated__anjuna3__colva1__client_to_oss__p1__r2,isolated,2,1,colva1,enp7s0,10766896102,7112005,0,0,17294161,261203,0,0
c1108684d75647ac951c6e46ffb093cc,isolated__anjuna2__colva2__oss_to_client__p1__r2,isolated,2,1,colva2,enp7s0,224069109,3358124,0,0,10770773378,7118786,0,0
c1108684d75647ac951c6e46ffb093cc,isolated__anjuna2__colva2__oss_to_client__p1__r2,isolated,2,1,anjuna2,eno1,10771204167,7119754,0,0,223725645,3359907,0,0
c1108684d75647ac951c6e46ffb093cc,isolated__anjuna2__colva3__client_to_oss__p4__r2,isolated,2,1,colva3,enp7s0,10767976584,7117397,0,0,15741191,191856,0,0
c1108684d75647ac951c6e46ffb093cc,isolated__anjuna2__colva3__client_to_oss__p4__r2,isolated,2,1,anjuna2,eno1,15037100,191255,0,0,10767729738,7118132,0,0
c1108684d75647ac951c6e46ffb093cc,isolated__anjuna2__colva4__client_to_oss__p1__r2,isolated,2,1,colva4,enp7s0,10764221453,7110027,0,0,17535024,265038,0,0
c1108684d75647ac951c6e46ffb093cc,isolated__anjuna2__colva4__client_to_oss__p1__r2,isolated,2,1,anjuna2,eno1,20680936,272445,0,1,10767057142,7118086,0,0
c1108684d75647ac951c6e46ffb093cc,isolated__anjuna3__colva3__client_to_oss__p4__r2,isolated,2,1,anjuna3,enp4s0,12301814,185368,0,0,10767381809,7125832,0,0
c1108684d75647ac951c6e46ffb093cc,isolated__anjuna3__colva3__client_to_oss__p4__r2,isolated,2,1,colva3,enp7s0,10769842207,7131317,0,0,15616163,191824,0,0
c1108684d75647ac951c6e46ffb093cc,isolated__anjuna3__colva4__oss_to_client__p4__r2,isolated,2,1,colva4,enp7s0,11027648,166726,0,0,10769834081,7120438,0,0
c1108684d75647ac951c6e46ffb093cc,isolated__anjuna3__colva4__oss_to_client__p4__r2,isolated,2,1,anjuna3,enp4s0,10769888578,7121025,0,0,11216415,167777,0,0
c1108684d75647ac951c6e46ffb093cc,isolated__anjuna2__colva4__oss_to_client__p4__r2,isolated,2,1,colva4,enp7s0,54869596,831032,0,0,10769580635,7119031,0,0
c1108684d75647ac951c6e46ffb093cc,isolated__anjuna2__colva4__oss_to_client__p4__r2,isolated,2,1,anjuna2,eno1,10772474857,7125989,0,0,57392957,838819,0,0
c1108684d75647ac951c6e46ffb093cc,isolated__anjuna2__colva1__oss_to_client__p4__r2,isolated,2,1,colva1,enp7s0,52085885,788734,0,0,10768182031,7119140,0,0
c1108684d75647ac951c6e46ffb093cc,isolated__anjuna2__colva1__oss_to_client__p4__r2,isolated,2,1,anjuna2,eno1,10770967479,7125876,0,1,54500771,796325,0,0
c1108684d75647ac951c6e46ffb093cc,isolated__anjuna3__colva3__oss_to_client__p4__r2,isolated,2,1,anjuna3,enp4s0,10771621189,7121055,0,0,12169816,182741,0,0
c1108684d75647ac951c6e46ffb093cc,isolated__anjuna3__colva3__oss_to_client__p4__r2,isolated,2,1,colva3,enp7s0,14752679,188612,0,0,10775014158,7127556,0,0
c1108684d75647ac951c6e46ffb093cc,isolated__anjuna2__colva2__oss_to_client__p4__r2,isolated,2,1,colva2,enp7s0,57300387,834167,0,0,10771640642,7132865,0,0
c1108684d75647ac951c6e46ffb093cc,isolated__anjuna2__colva2__oss_to_client__p4__r2,isolated,2,1,anjuna2,eno1,10772170359,7134026,0,1,57100818,836050,0,0
c1108684d75647ac951c6e46ffb093cc,isolated__anjuna3__colva1__oss_to_client__p4__r2,isolated,2,1,anjuna3,enp4s0,10770691146,7127995,0,0,12484652,187101,0,0
c1108684d75647ac951c6e46ffb093cc,isolated__anjuna3__colva1__oss_to_client__p4__r2,isolated,2,1,colva1,enp7s0,12336801,186447,0,0,10770678563,7127749,0,0
c1108684d75647ac951c6e46ffb093cc,isolated__anjuna2__colva3__oss_to_client__p1__r2,isolated,2,1,colva3,enp7s0,225953806,3389369,0,0,10771399843,7119412,0,0
c1108684d75647ac951c6e46ffb093cc,isolated__anjuna2__colva3__oss_to_client__p1__r2,isolated,2,1,anjuna2,eno1,10770734037,7119154,0,1,225665009,3390288,0,0
c1108684d75647ac951c6e46ffb093cc,isolated__anjuna3__colva3__client_to_oss__p1__r2,isolated,2,1,anjuna3,enp4s0,19597764,295989,0,0,10766742744,7112480,0,0
c1108684d75647ac951c6e46ffb093cc,isolated__anjuna3__colva3__client_to_oss__p1__r2,isolated,2,1,colva3,enp7s0,10769461200,7118559,0,0,23313432,303030,0,0
c1108684d75647ac951c6e46ffb093cc,isolated__anjuna2__colva4__oss_to_client__p1__r2,isolated,2,1,colva4,enp7s0,222266485,3367368,0,0,10768330903,7112668,0,0
c1108684d75647ac951c6e46ffb093cc,isolated__anjuna2__colva4__oss_to_client__p1__r2,isolated,2,1,anjuna2,eno1,10771104854,7119503,0,1,224686322,3375049,0,0
c1108684d75647ac951c6e46ffb093cc,isolated__anjuna2__colva3__oss_to_client__p4__r2,isolated,2,1,colva3,enp7s0,65350808,953474,0,0,10776908729,7123183,0,0
c1108684d75647ac951c6e46ffb093cc,isolated__anjuna2__colva3__oss_to_client__p4__r2,isolated,2,1,anjuna2,eno1,10776281290,7122973,0,0,65102466,954420,0,0
c1108684d75647ac951c6e46ffb093cc,isolated__anjuna2__colva3__client_to_oss__p1__r2,isolated,2,1,colva3,enp7s0,10767029009,7116689,0,0,23360555,307719,0,0
c1108684d75647ac951c6e46ffb093cc,isolated__anjuna2__colva3__client_to_oss__p1__r2,isolated,2,1,anjuna2,eno1,22655476,307254,0,1,10766618984,7117403,0,0
c1108684d75647ac951c6e46ffb093cc,isolated__anjuna2__colva4__client_to_oss__p4__r2,isolated,2,1,colva4,enp7s0,10765338340,7110773,0,0,23531622,355891,0,0
c1108684d75647ac951c6e46ffb093cc,isolated__anjuna2__colva4__client_to_oss__p4__r2,isolated,2,1,anjuna2,eno1,26585956,363174,0,1,10768000822,7118582,0,0
c1108684d75647ac951c6e46ffb093cc,isolated__anjuna2__colva1__client_to_oss__p4__r2,isolated,2,1,colva1,enp7s0,10765612919,7111100,0,0,24153668,365271,0,0
c1108684d75647ac951c6e46ffb093cc,isolated__anjuna2__colva1__client_to_oss__p4__r2,isolated,2,1,anjuna2,eno1,27150066,372160,0,1,10768189981,7118667,0,0
c1108684d75647ac951c6e46ffb093cc,isolated__anjuna3__colva1__oss_to_client__p1__r2,isolated,2,1,anjuna3,enp4s0,10768587702,7113379,0,0,19836532,298158,0,0
c1108684d75647ac951c6e46ffb093cc,isolated__anjuna3__colva1__oss_to_client__p1__r2,isolated,2,1,colva1,enp7s0,19643682,297225,0,0,10768541235,7112925,0,0
c1108684d75647ac951c6e46ffb093cc,isolated__anjuna3__colva4__client_to_oss__p1__r2,isolated,2,1,colva4,enp7s0,10766942793,7111833,0,0,17436242,263496,0,0
c1108684d75647ac951c6e46ffb093cc,isolated__anjuna3__colva4__client_to_oss__p1__r2,isolated,2,1,anjuna3,enp4s0,17470007,263934,0,0,10767108205,7112650,0,0
c1108684d75647ac951c6e46ffb093cc,isolated__anjuna2__colva2__client_to_oss__p1__r2,isolated,2,1,colva2,enp7s0,10768198651,7116583,0,0,22481815,310013,0,0
c1108684d75647ac951c6e46ffb093cc,isolated__anjuna2__colva2__client_to_oss__p1__r2,isolated,2,1,anjuna2,eno1,23011107,311026,0,1,10768000431,7118241,0,0
c1108684d75647ac951c6e46ffb093cc,isolated__anjuna3__colva2__oss_to_client__p1__r2,isolated,2,1,anjuna3,enp4s0,10767434952,7112505,0,0,19255192,289872,0,0
c1108684d75647ac951c6e46ffb093cc,isolated__anjuna3__colva2__oss_to_client__p1__r2,isolated,2,1,colva2,enp7s0,21709072,294784,0,0,10769715558,7117936,0,0
c1108684d75647ac951c6e46ffb093cc,isolated__anjuna3__colva2__client_to_oss__p1__r2,isolated,2,1,anjuna3,enp4s0,19172337,289597,0,0,10767419249,7113009,0,0
c1108684d75647ac951c6e46ffb093cc,isolated__anjuna3__colva2__client_to_oss__p1__r2,isolated,2,1,colva2,enp7s0,10769763716,7117769,0,0,21519089,295045,0,0
c1108684d75647ac951c6e46ffb093cc,isolated__anjuna3__colva1__client_to_oss__p4__r2,isolated,2,1,anjuna3,enp4s0,41414324,626685,0,0,10767846221,7113198,0,0
c1108684d75647ac951c6e46ffb093cc,isolated__anjuna3__colva1__client_to_oss__p4__r2,isolated,2,1,colva1,enp7s0,10767689551,7112487,0,0,41389222,626409,0,0
c1108684d75647ac951c6e46ffb093cc,isolated__anjuna3__colva2__client_to_oss__p4__r2,isolated,2,1,anjuna3,enp4s0,11712045,176670,0,0,10767504146,7119643,0,0
c1108684d75647ac951c6e46ffb093cc,isolated__anjuna3__colva2__client_to_oss__p4__r2,isolated,2,1,colva2,enp7s0,10769850240,7124221,0,0,13909539,181847,0,0
c1108684d75647ac951c6e46ffb093cc,isolated__anjuna3__colva3__oss_to_client__p1__r2,isolated,2,1,anjuna3,enp4s0,10767010948,7112242,0,0,20221684,304512,0,0
c1108684d75647ac951c6e46ffb093cc,isolated__anjuna3__colva3__oss_to_client__p1__r2,isolated,2,1,colva3,enp7s0,22732156,310091,0,0,10770456055,7118776,0,0
c1108684d75647ac951c6e46ffb093cc,isolated__anjuna2__colva1__client_to_oss__p1__r2,isolated,2,1,colva1,enp7s0,10764722091,7110519,0,0,17429311,263379,0,0
c1108684d75647ac951c6e46ffb093cc,isolated__anjuna2__colva1__client_to_oss__p1__r2,isolated,2,1,anjuna2,eno1,20191566,269849,0,0,10767102319,7117706,0,0
c1108684d75647ac951c6e46ffb093cc,isolated__anjuna2__colva2__oss_to_client__p1__r3,isolated,3,1,colva2,enp7s0,224833815,3372341,0,0,10769664214,7117785,0,0
c1108684d75647ac951c6e46ffb093cc,isolated__anjuna2__colva2__oss_to_client__p1__r3,isolated,3,1,anjuna2,eno1,10770212887,7118853,0,1,224780520,3374395,0,0
c1108684d75647ac951c6e46ffb093cc,isolated__anjuna3__colva2__oss_to_client__p1__r3,isolated,3,1,anjuna3,enp4s0,10768377633,7113109,0,0,19915218,300015,0,0
c1108684d75647ac951c6e46ffb093cc,isolated__anjuna3__colva2__oss_to_client__p1__r3,isolated,3,1,colva2,enp7s0,22456281,305158,0,0,10770771840,7118702,0,0
c1108684d75647ac951c6e46ffb093cc,isolated__anjuna3__colva3__oss_to_client__p4__r3,isolated,3,1,anjuna3,enp4s0,10767797440,7126487,0,0,12392316,185944,0,0
c1108684d75647ac951c6e46ffb093cc,isolated__anjuna3__colva3__oss_to_client__p4__r3,isolated,3,1,colva3,enp7s0,14946155,191569,0,0,10771193082,7133017,0,0
c1108684d75647ac951c6e46ffb093cc,isolated__anjuna2__colva1__client_to_oss__p4__r3,isolated,3,1,colva1,enp7s0,10765827763,7111266,0,0,28452983,430405,0,0
c1108684d75647ac951c6e46ffb093cc,isolated__anjuna2__colva1__client_to_oss__p4__r3,isolated,3,1,anjuna2,eno1,31434390,437415,0,0,10768319460,7118862,0,0
c1108684d75647ac951c6e46ffb093cc,isolated__anjuna2__colva3__oss_to_client__p1__r3,isolated,3,1,colva3,enp7s0,224847798,3371068,0,0,10769883205,7118736,0,0
c1108684d75647ac951c6e46ffb093cc,isolated__anjuna2__colva3__oss_to_client__p1__r3,isolated,3,1,anjuna2,eno1,10769255963,7118497,0,0,224579960,3372012,0,0
c1108684d75647ac951c6e46ffb093cc,isolated__anjuna2__colva3__oss_to_client__p4__r3,isolated,3,1,colva3,enp7s0,56469303,820071,0,0,10772248877,7133753,0,0
c1108684d75647ac951c6e46ffb093cc,isolated__anjuna2__colva3__oss_to_client__p4__r3,isolated,3,1,anjuna2,eno1,10770682543,7132938,0,1,56064218,820758,0,0
c1108684d75647ac951c6e46ffb093cc,isolated__anjuna3__colva1__client_to_oss__p4__r3,isolated,3,1,anjuna3,enp4s0,42214308,638681,0,0,10768419299,7113500,0,0
c1108684d75647ac951c6e46ffb093cc,isolated__anjuna3__colva1__client_to_oss__p4__r3,isolated,3,1,colva1,enp7s0,10768282233,7112921,0,0,42186180,638424,0,0
c1108684d75647ac951c6e46ffb093cc,isolated__anjuna3__colva2__client_to_oss__p1__r3,isolated,3,1,anjuna3,enp4s0,19407221,293164,0,0,10767334744,7112921,0,0
c1108684d75647ac951c6e46ffb093cc,isolated__anjuna3__colva2__client_to_oss__p1__r3,isolated,3,1,colva2,enp7s0,10769731955,7117652,0,0,21710149,298515,0,0
c1108684d75647ac951c6e46ffb093cc,isolated__anjuna2__colva3__client_to_oss__p4__r3,isolated,3,1,colva3,enp7s0,10768543662,7117572,0,0,14687170,177401,0,0
c1108684d75647ac951c6e46ffb093cc,isolated__anjuna2__colva3__client_to_oss__p4__r3,isolated,3,1,anjuna2,eno1,14039074,177026,0,0,10768248541,7118281,0,0
c1108684d75647ac951c6e46ffb093cc,isolated__anjuna3__colva3__oss_to_client__p1__r3,isolated,3,1,anjuna3,enp4s0,10767286817,7112370,0,0,19843441,299045,0,0
c1108684d75647ac951c6e46ffb093cc,isolated__anjuna3__colva3__oss_to_client__p1__r3,isolated,3,1,colva3,enp7s0,22391814,304948,0,0,10770751876,7119176,0,0
c1108684d75647ac951c6e46ffb093cc,isolated__anjuna2__colva2__client_to_oss__p4__r3,isolated,3,1,colva2,enp7s0,10768484848,7116799,0,0,13196330,169690,0,0
c1108684d75647ac951c6e46ffb093cc,isolated__anjuna2__colva2__client_to_oss__p4__r3,isolated,3,1,anjuna2,eno1,13677796,170623,0,1,10768369222,7118588,0,0
c1108684d75647ac951c6e46ffb093cc,isolated__anjuna3__colva3__client_to_oss__p4__r3,isolated,3,1,anjuna3,enp4s0,13690886,206577,0,0,10766999840,7126196,0,0
c1108684d75647ac951c6e46ffb093cc,isolated__anjuna3__colva3__client_to_oss__p4__r3,isolated,3,1,colva3,enp7s0,10769751957,7132399,0,0,17660207,213821,0,0
c1108684d75647ac951c6e46ffb093cc,isolated__anjuna3__colva4__client_to_oss__p4__r3,isolated,3,1,colva4,enp7s0,10767802492,7112397,0,0,37229057,563474,0,0
c1108684d75647ac951c6e46ffb093cc,isolated__anjuna3__colva4__client_to_oss__p4__r3,isolated,3,1,anjuna3,enp4s0,37268690,563899,0,0,10767971666,7113245,0,0
c1108684d75647ac951c6e46ffb093cc,isolated__anjuna2__colva1__client_to_oss__p1__r3,isolated,3,1,colva1,enp7s0,10765044323,7110759,0,0,17152115,259135,0,0
c1108684d75647ac951c6e46ffb093cc,isolated__anjuna2__colva1__client_to_oss__p1__r3,isolated,3,1,anjuna2,eno1,20678436,267105,0,1,10767739953,7119277,0,0
c1108684d75647ac951c6e46ffb093cc,isolated__anjuna2__colva4__oss_to_client__p1__r3,isolated,3,1,colva4,enp7s0,222147581,3365547,0,0,10768093722,7112514,0,0
c1108684d75647ac951c6e46ffb093cc,isolated__anjuna2__colva4__oss_to_client__p1__r3,isolated,3,1,anjuna2,eno1,10771052538,7119907,0,1,224732816,3373775,0,0
c1108684d75647ac951c6e46ffb093cc,isolated__anjuna2__colva3__client_to_oss__p1__r3,isolated,3,1,colva3,enp7s0,10767945542,7117448,0,0,23296666,303881,0,0
c1108684d75647ac951c6e46ffb093cc,isolated__anjuna2__colva3__client_to_oss__p1__r3,isolated,3,1,anjuna2,eno1,22801200,303709,0,0,10767803335,7118491,0,0
c1108684d75647ac951c6e46ffb093cc,isolated__anjuna2__colva1__oss_to_client__p1__r3,isolated,3,1,colva1,enp7s0,222373306,3368852,0,0,10767484123,7112268,0,0
c1108684d75647ac951c6e46ffb093cc,isolated__anjuna2__colva1__oss_to_client__p1__r3,isolated,3,1,anjuna2,eno1,10770332231,7118926,0,0,224802473,3376258,0,0
c1108684d75647ac951c6e46ffb093cc,isolated__anjuna2__colva4__client_to_oss__p1__r3,isolated,3,1,colva4,enp7s0,10763724889,7109697,0,0,17615476,266263,0,0
c1108684d75647ac951c6e46ffb093cc,isolated__anjuna2__colva4__client_to_oss__p1__r3,isolated,3,1,anjuna2,eno1,20378648,273042,0,1,10766132452,7117055,0,0
c1108684d75647ac951c6e46ffb093cc,isolated__anjuna2__colva4__oss_to_client__p4__r3,isolated,3,1,colva4,enp7s0,56239066,851759,0,0,10771052442,7119911,0,0
c1108684d75647ac951c6e46ffb093cc,isolated__anjuna2__colva4__oss_to_client__p4__r3,isolated,3,1,anjuna2,eno1,10773942406,7126944,0,1,58775398,859604,0,0
c1108684d75647ac951c6e46ffb093cc,isolated__anjuna3__colva4__client_to_oss__p1__r3,isolated,3,1,colva4,enp7s0,10766878447,7111784,0,0,16539989,249967,0,0
c1108684d75647ac951c6e46ffb093cc,isolated__anjuna3__colva4__client_to_oss__p1__r3,isolated,3,1,anjuna3,enp4s0,16595579,250499,0,0,10767051096,7112710,0,0
c1108684d75647ac951c6e46ffb093cc,isolated__anjuna2__colva2__oss_to_client__p4__r3,isolated,3,1,colva2,enp7s0,56805325,827025,0,0,10773538326,7135198,0,0
c1108684d75647ac951c6e46ffb093cc,isolated__anjuna2__colva2__oss_to_client__p4__r3,isolated,3,1,anjuna2,eno1,10774073374,7136237,0,0,56676770,828982,0,0
c1108684d75647ac951c6e46ffb093cc,isolated__anjuna3__colva1__oss_to_client__p4__r3,isolated,3,1,anjuna3,enp4s0,10768502760,7128076,0,0,13204615,198140,0,0
c1108684d75647ac951c6e46ffb093cc,isolated__anjuna3__colva1__oss_to_client__p4__r3,isolated,3,1,colva1,enp7s0,13070939,197592,0,0,10768485093,7127865,0,0
c1108684d75647ac951c6e46ffb093cc,isolated__anjuna3__colva4__oss_to_client__p4__r3,isolated,3,1,colva4,enp7s0,12588056,190415,0,0,10769346997,7113341,0,0
c1108684d75647ac951c6e46ffb093cc,isolated__anjuna3__colva4__oss_to_client__p4__r3,isolated,3,1,anjuna3,enp4s0,10769395654,7113822,0,0,12742570,191262,0,0
c1108684d75647ac951c6e46ffb093cc,isolated__anjuna3__colva2__oss_to_client__p4__r3,isolated,3,1,anjuna3,enp4s0,10773327461,7116481,0,0,16232494,243928,0,0
c1108684d75647ac951c6e46ffb093cc,isolated__anjuna3__colva2__oss_to_client__p4__r3,isolated,3,1,colva2,enp7s0,18843325,248893,0,0,10775650202,7121679,0,0
c1108684d75647ac951c6e46ffb093cc,isolated__anjuna3__colva1__oss_to_client__p1__r3,isolated,3,1,anjuna3,enp4s0,10768050539,7112841,0,0,18982568,285742,0,0
c1108684d75647ac951c6e46ffb093cc,isolated__anjuna3__colva1__oss_to_client__p1__r3,isolated,3,1,colva1,enp7s0,18844630,285153,0,0,10768033651,7112606,0,0
c1108684d75647ac951c6e46ffb093cc,isolated__anjuna2__colva4__client_to_oss__p4__r3,isolated,3,1,colva4,enp7s0,10764383015,7110159,0,0,23810749,360119,0,0
c1108684d75647ac951c6e46ffb093cc,isolated__anjuna2__colva4__client_to_oss__p4__r3,isolated,3,1,anjuna2,eno1,27001209,367273,0,1,10767081433,7117761,0,0
c1108684d75647ac951c6e46ffb093cc,isolated__anjuna2__colva1__oss_to_client__p4__r3,isolated,3,1,colva1,enp7s0,61855763,936760,0,0,10769757001,7113751,0,0
c1108684d75647ac951c6e46ffb093cc,isolated__anjuna2__colva1__oss_to_client__p4__r3,isolated,3,1,anjuna2,eno1,10772646129,7120444,0,1,64295569,944065,0,0
c1108684d75647ac951c6e46ffb093cc,isolated__anjuna3__colva1__client_to_oss__p1__r3,isolated,3,1,anjuna3,enp4s0,17484181,264023,0,0,10767399198,7112868,0,0
c1108684d75647ac951c6e46ffb093cc,isolated__anjuna3__colva1__client_to_oss__p1__r3,isolated,3,1,colva1,enp7s0,10767262390,7112201,0,0,17452041,263721,0,0
c1108684d75647ac951c6e46ffb093cc,isolated__anjuna3__colva3__client_to_oss__p1__r3,isolated,3,1,anjuna3,enp4s0,19420553,293432,0,0,10766387591,7112241,0,0
c1108684d75647ac951c6e46ffb093cc,isolated__anjuna3__colva3__client_to_oss__p1__r3,isolated,3,1,colva3,enp7s0,10768988395,7117827,0,0,22939799,300041,0,0
c1108684d75647ac951c6e46ffb093cc,isolated__anjuna2__colva2__client_to_oss__p1__r3,isolated,3,1,colva2,enp7s0,10766796974,7115747,0,0,21664981,298325,0,0
c1108684d75647ac951c6e46ffb093cc,isolated__anjuna2__colva2__client_to_oss__p1__r3,isolated,3,1,anjuna2,eno1,22137272,299144,0,1,10767208463,7117617,0,0
c1108684d75647ac951c6e46ffb093cc,isolated__anjuna3__colva4__oss_to_client__p1__r3,isolated,3,1,colva4,enp7s0,19951637,301991,0,0,10768225130,7112599,0,0
c1108684d75647ac951c6e46ffb093cc,isolated__anjuna3__colva4__oss_to_client__p1__r3,isolated,3,1,anjuna3,enp4s0,10768270687,7113054,0,0,20097752,302770,0,0
c1108684d75647ac951c6e46ffb093cc,isolated__anjuna3__colva2__client_to_oss__p4__r3,isolated,3,1,anjuna3,enp4s0,12105856,182569,0,0,10767251144,7124872,0,0
c1108684d75647ac951c6e46ffb093cc,isolated__anjuna3__colva2__client_to_oss__p4__r3,isolated,3,1,colva2,enp7s0,10769660057,7129831,0,0,14327659,187987,0,0
c1108684d75647ac951c6e46ffb093cc,isolated__anjuna3__colva3__client_to_oss__p4__r4,isolated,4,1,anjuna3,enp4s0,11718694,176714,0,0,10767164672,7118789,0,0
c1108684d75647ac951c6e46ffb093cc,isolated__anjuna3__colva3__client_to_oss__p4__r4,isolated,4,1,colva3,enp7s0,10769865044,7124982,0,0,15357449,183901,0,0
c1108684d75647ac951c6e46ffb093cc,isolated__anjuna2__colva3__oss_to_client__p1__r4,isolated,4,1,colva3,enp7s0,225148395,3374218,0,0,10769993915,7118806,0,0
c1108684d75647ac951c6e46ffb093cc,isolated__anjuna2__colva3__oss_to_client__p1__r4,isolated,4,1,anjuna2,eno1,10769329459,7118506,0,1,224861240,3375016,0,0
c1108684d75647ac951c6e46ffb093cc,isolated__anjuna2__colva2__oss_to_client__p1__r4,isolated,4,1,colva2,enp7s0,224875399,3373037,0,0,10770904432,7118707,0,0
c1108684d75647ac951c6e46ffb093cc,isolated__anjuna2__colva2__oss_to_client__p1__r4,isolated,4,1,anjuna2,eno1,10771415203,7119679,0,1,224714698,3374867,0,0
c1108684d75647ac951c6e46ffb093cc,isolated__anjuna2__colva4__client_to_oss__p1__r4,isolated,4,1,colva4,enp7s0,10764867739,7110487,0,0,17660806,266886,0,0
c1108684d75647ac951c6e46ffb093cc,isolated__anjuna2__colva4__client_to_oss__p1__r4,isolated,4,1,anjuna2,eno1,20412314,273499,0,1,10767254901,7117738,0,0
c1108684d75647ac951c6e46ffb093cc,isolated__anjuna3__colva3__oss_to_client__p1__r4,isolated,4,1,anjuna3,enp4s0,10766808260,7112124,0,0,20083097,302286,0,0
c1108684d75647ac951c6e46ffb093cc,isolated__anjuna3__colva3__oss_to_client__p1__r4,isolated,4,1,colva3,enp7s0,22658086,307874,0,0,10770182789,7118534,0,0
c1108684d75647ac951c6e46ffb093cc,isolated__anjuna3__colva4__client_to_oss__p4__r4,isolated,4,1,colva4,enp7s0,10767397808,7112149,0,0,31939625,483236,0,0
c1108684d75647ac951c6e46ffb093cc,isolated__anjuna3__colva4__client_to_oss__p4__r4,isolated,4,1,anjuna3,enp4s0,31968906,483614,0,0,10767540406,7112882,0,0
c1108684d75647ac951c6e46ffb093cc,isolated__anjuna3__colva3__client_to_oss__p1__r4,isolated,4,1,anjuna3,enp4s0,18376988,277491,0,0,10767242464,7112724,0,0
c1108684d75647ac951c6e46ffb093cc,isolated__anjuna3__colva3__client_to_oss__p1__r4,isolated,4,1,colva3,enp7s0,10769731458,7118347,0,0,21782403,284008,0,0
c1108684d75647ac951c6e46ffb093cc,isolated__anjuna2__colva1__oss_to_client__p1__r4,isolated,4,1,colva1,enp7s0,222153480,3365533,0,0,10768205336,7112713,0,0
c1108684d75647ac951c6e46ffb093cc,isolated__anjuna2__colva1__oss_to_client__p1__r4,isolated,4,1,anjuna2,eno1,10771033128,7119519,0,1,224705876,3373260,0,0
c1108684d75647ac951c6e46ffb093cc,isolated__anjuna3__colva4__client_to_oss__p1__r4,isolated,4,1,colva4,enp7s0,10766680359,7111652,0,0,17560438,265386,0,0
c1108684d75647ac951c6e46ffb093cc,isolated__anjuna3__colva4__client_to_oss__p1__r4,isolated,4,1,anjuna3,enp4s0,17608115,265896,0,0,10766855722,7112554,0,0
c1108684d75647ac951c6e46ffb093cc,isolated__anjuna3__colva2__oss_to_client__p1__r4,isolated,4,1,anjuna3,enp4s0,10767602009,7112519,0,0,19595218,295044,0,0
c1108684d75647ac951c6e46ffb093cc,isolated__anjuna3__colva2__oss_to_client__p1__r4,isolated,4,1,colva2,enp7s0,22039556,299960,0,0,10769816476,7117915,0,0
c1108684d75647ac951c6e46ffb093cc,isolated__anjuna2__colva3__client_to_oss__p4__r4,isolated,4,1,colva3,enp7s0,10768339994,7117579,0,0,14442676,169656,0,0
c1108684d75647ac951c6e46ffb093cc,isolated__anjuna2__colva3__client_to_oss__p4__r4,isolated,4,1,anjuna2,eno1,13712671,169348,0,1,10767987995,7118323,0,0
c1108684d75647ac951c6e46ffb093cc,isolated__anjuna2__colva3__client_to_oss__p1__r4,isolated,4,1,colva3,enp7s0,10767881429,7117189,0,0,23118837,304927,0,0
c1108684d75647ac951c6e46ffb093cc,isolated__anjuna2__colva3__client_to_oss__p1__r4,isolated,4,1,anjuna2,eno1,22497753,304613,0,1,10767596159,7117908,0,0
c1108684d75647ac951c6e46ffb093cc,isolated__anjuna2__colva4__oss_to_client__p1__r4,isolated,4,1,colva4,enp7s0,222808380,3375633,0,0,10768172488,7112536,0,0
c1108684d75647ac951c6e46ffb093cc,isolated__anjuna2__colva4__oss_to_client__p1__r4,isolated,4,1,anjuna2,eno1,10771100271,7119568,0,0,225368480,3383388,0,0
c1108684d75647ac951c6e46ffb093cc,isolated__anjuna3__colva1__client_to_oss__p4__r4,isolated,4,1,anjuna3,enp4s0,44886691,679321,0,0,10768070514,7113263,0,0
c1108684d75647ac951c6e46ffb093cc,isolated__anjuna3__colva1__client_to_oss__p4__r4,isolated,4,1,colva1,enp7s0,10767920016,7112666,0,0,44868340,679077,0,0
c1108684d75647ac951c6e46ffb093cc,isolated__anjuna3__colva2__client_to_oss__p4__r4,isolated,4,1,anjuna3,enp4s0,13039773,196685,0,0,10766916544,7124903,0,0
c1108684d75647ac951c6e46ffb093cc,isolated__anjuna3__colva2__client_to_oss__p4__r4,isolated,4,1,colva2,enp7s0,10769317629,7129773,0,0,15236519,201919,0,0
c1108684d75647ac951c6e46ffb093cc,isolated__anjuna3__colva2__oss_to_client__p4__r4,isolated,4,1,anjuna3,enp4s0,10773903493,7125906,0,0,12690865,190525,0,0
c1108684d75647ac951c6e46ffb093cc,isolated__anjuna3__colva2__oss_to_client__p4__r4,isolated,4,1,colva2,enp7s0,15153763,195407,0,0,10776117936,7131198,0,0
c1108684d75647ac951c6e46ffb093cc,isolated__anjuna2__colva4__client_to_oss__p4__r4,isolated,4,1,colva4,enp7s0,10765666687,7110955,0,0,27191014,411401,0,0
c1108684d75647ac951c6e46ffb093cc,isolated__anjuna2__colva4__client_to_oss__p4__r4,isolated,4,1,anjuna2,eno1,30225631,418438,0,0,10768279581,7118665,0,0
c1108684d75647ac951c6e46ffb093cc,isolated__anjuna3__colva4__oss_to_client__p4__r4,isolated,4,1,colva4,enp7s0,11804730,178526,0,0,10770898712,7114375,0,0
c1108684d75647ac951c6e46ffb093cc,isolated__anjuna3__colva4__oss_to_client__p4__r4,isolated,4,1,anjuna3,enp4s0,10770930353,7114774,0,0,11969042,179300,0,0
c1108684d75647ac951c6e46ffb093cc,isolated__anjuna3__colva1__oss_to_client__p4__r4,isolated,4,1,anjuna3,enp4s0,10770255341,7114338,0,0,17462830,262993,0,0
c1108684d75647ac951c6e46ffb093cc,isolated__anjuna3__colva1__oss_to_client__p4__r4,isolated,4,1,colva1,enp7s0,17343832,262404,0,0,10770231648,7114073,0,0
c1108684d75647ac951c6e46ffb093cc,isolated__anjuna3__colva3__oss_to_client__p4__r4,isolated,4,1,anjuna3,enp4s0,10768348534,7127825,0,0,13332832,200124,0,0
c1108684d75647ac951c6e46ffb093cc,isolated__anjuna3__colva3__oss_to_client__p4__r4,isolated,4,1,colva3,enp7s0,15805693,205696,0,0,10771727285,7134131,0,0
c1108684d75647ac951c6e46ffb093cc,isolated__anjuna2__colva4__oss_to_client__p4__r4,isolated,4,1,colva4,enp7s0,59154724,896024,0,0,10769761412,7118956,0,0
c1108684d75647ac951c6e46ffb093cc,isolated__anjuna2__colva4__oss_to_client__p4__r4,isolated,4,1,anjuna2,eno1,10772612611,7125847,0,0,61610856,903682,0,0
c1108684d75647ac951c6e46ffb093cc,isolated__anjuna2__colva3__oss_to_client__p4__r4,isolated,4,1,colva3,enp7s0,57654641,838359,0,0,10772799165,7134116,0,0
c1108684d75647ac951c6e46ffb093cc,isolated__anjuna2__colva3__oss_to_client__p4__r4,isolated,4,1,anjuna2,eno1,10772015006,7133126,0,0,57297683,838577,0,0
c1108684d75647ac951c6e46ffb093cc,isolated__anjuna2__colva1__oss_to_client__p4__r4,isolated,4,1,colva1,enp7s0,53645863,812430,0,0,10767898133,7125473,0,0
c1108684d75647ac951c6e46ffb093cc,isolated__anjuna2__colva1__oss_to_client__p4__r4,isolated,4,1,anjuna2,eno1,10770928480,7132760,0,1,56373070,820360,0,0
c1108684d75647ac951c6e46ffb093cc,isolated__anjuna3__colva4__oss_to_client__p1__r4,isolated,4,1,colva4,enp7s0,19654223,297527,0,0,10768956901,7113054,0,0
c1108684d75647ac951c6e46ffb093cc,isolated__anjuna3__colva4__oss_to_client__p1__r4,isolated,4,1,anjuna3,enp4s0,10768996090,7113513,0,0,19816321,298403,0,0
c1108684d75647ac951c6e46ffb093cc,isolated__anjuna3__colva2__client_to_oss__p1__r4,isolated,4,1,anjuna3,enp4s0,19437937,293512,0,0,10766667972,7112529,0,0
c1108684d75647ac951c6e46ffb093cc,isolated__anjuna3__colva2__client_to_oss__p1__r4,isolated,4,1,colva2,enp7s0,10768956890,7117076,0,0,21616436,298703,0,0
c1108684d75647ac951c6e46ffb093cc,isolated__anjuna2__colva2__client_to_oss__p4__r4,isolated,4,1,colva2,enp7s0,10768758693,7117120,0,0,13693729,176797,0,0
c1108684d75647ac951c6e46ffb093cc,isolated__anjuna2__colva2__client_to_oss__p4__r4,isolated,4,1,anjuna2,eno1,14091300,177613,0,0,10768524489,7118614,0,0
c1108684d75647ac951c6e46ffb093cc,isolated__anjuna3__colva1__client_to_oss__p1__r4,isolated,4,1,anjuna3,enp4s0,17311159,261277,0,0,10767251699,7112989,0,0
c1108684d75647ac951c6e46ffb093cc,isolated__anjuna3__colva1__client_to_oss__p1__r4,isolated,4,1,colva1,enp7s0,10767081358,7112047,0,0,17255065,260753,0,0
c1108684d75647ac951c6e46ffb093cc,isolated__anjuna2__colva2__oss_to_client__p4__r4,isolated,4,1,colva2,enp7s0,62069785,904513,0,0,10778751565,7123998,0,0
c1108684d75647ac951c6e46ffb093cc,isolated__anjuna2__colva2__oss_to_client__p4__r4,isolated,4,1,anjuna2,eno1,10779134768,7124870,0,1,61793119,906225,0,0
c1108684d75647ac951c6e46ffb093cc,isolated__anjuna3__colva1__oss_to_client__p1__r4,isolated,4,1,anjuna3,enp4s0,10768149633,7113142,0,0,20262920,304949,0,0
c1108684d75647ac951c6e46ffb093cc,isolated__anjuna3__colva1__oss_to_client__p1__r4,isolated,4,1,colva1,enp7s0,20093077,304030,0,0,10768094206,7112634,0,0
c1108684d75647ac951c6e46ffb093cc,isolated__anjuna2__colva1__client_to_oss__p1__r4,isolated,4,1,colva1,enp7s0,10764960489,7110637,0,0,17093766,258356,0,0
c1108684d75647ac951c6e46ffb093cc,isolated__anjuna2__colva1__client_to_oss__p1__r4,isolated,4,1,anjuna2,eno1,20086464,265177,0,0,10767513551,7118052,0,0
c1108684d75647ac951c6e46ffb093cc,isolated__anjuna2__colva1__client_to_oss__p4__r4,isolated,4,1,colva1,enp7s0,10765866117,7111288,0,0,24240798,366568,0,0
c1108684d75647ac951c6e46ffb093cc,isolated__anjuna2__colva1__client_to_oss__p4__r4,isolated,4,1,anjuna2,eno1,27104169,373390,0,1,10768337168,7118605,0,0
c1108684d75647ac951c6e46ffb093cc,isolated__anjuna2__colva2__client_to_oss__p1__r4,isolated,4,1,colva2,enp7s0,10767052834,7116110,0,0,22345199,308737,0,0
c1108684d75647ac951c6e46ffb093cc,isolated__anjuna2__colva2__client_to_oss__p1__r4,isolated,4,1,anjuna2,eno1,22927615,309818,0,1,10766861067,7117780,0,0
c1108684d75647ac951c6e46ffb093cc,isolated__anjuna2__colva4__client_to_oss__p4__r5,isolated,5,1,colva4,enp7s0,10765270948,7110723,0,0,25056634,379041,0,0
c1108684d75647ac951c6e46ffb093cc,isolated__anjuna2__colva4__client_to_oss__p4__r5,isolated,5,1,anjuna2,eno1,28081765,386070,0,1,10767993059,7118435,0,0
c1108684d75647ac951c6e46ffb093cc,isolated__anjuna3__colva2__oss_to_client__p4__r5,isolated,5,1,anjuna3,enp4s0,10771616657,7121792,0,0,11146867,166992,0,0
c1108684d75647ac951c6e46ffb093cc,isolated__anjuna3__colva2__oss_to_client__p4__r5,isolated,5,1,colva2,enp7s0,13579352,171867,0,0,10773923364,7127111,0,0
c1108684d75647ac951c6e46ffb093cc,isolated__anjuna3__colva3__client_to_oss__p1__r5,isolated,5,1,anjuna3,enp4s0,19407264,293292,0,0,10766913652,7112456,0,0
c1108684d75647ac951c6e46ffb093cc,isolated__anjuna3__colva3__client_to_oss__p1__r5,isolated,5,1,colva3,enp7s0,10769520558,7118289,0,0,22826203,300060,0,0
c1108684d75647ac951c6e46ffb093cc,isolated__anjuna2__colva2__oss_to_client__p4__r5,isolated,5,1,colva2,enp7s0,56722945,825451,0,0,10772562804,7133720,0,0
c1108684d75647ac951c6e46ffb093cc,isolated__anjuna2__colva2__oss_to_client__p4__r5,isolated,5,1,anjuna2,eno1,10773165812,7134856,0,1,56480990,827175,0,0
c1108684d75647ac951c6e46ffb093cc,isolated__anjuna2__colva2__oss_to_client__p1__r5,isolated,5,1,colva2,enp7s0,225558707,3380685,0,0,10769981347,7118205,0,0
c1108684d75647ac951c6e46ffb093cc,isolated__anjuna2__colva2__oss_to_client__p1__r5,isolated,5,1,anjuna2,eno1,10770575964,7119277,0,1,225469785,3382557,0,0
c1108684d75647ac951c6e46ffb093cc,isolated__anjuna2__colva1__client_to_oss__p4__r5,isolated,5,1,colva1,enp7s0,10765816190,7111242,0,0,25811850,390355,0,0
c1108684d75647ac951c6e46ffb093cc,isolated__anjuna2__colva1__client_to_oss__p4__r5,isolated,5,1,anjuna2,eno1,28736000,397243,0,0,10768306635,7118630,0,0
c1108684d75647ac951c6e46ffb093cc,isolated__anjuna2__colva2__client_to_oss__p1__r5,isolated,5,1,colva2,enp7s0,10767327469,7116122,0,0,22004931,303412,0,0
c1108684d75647ac951c6e46ffb093cc,isolated__anjuna2__colva2__client_to_oss__p1__r5,isolated,5,1,anjuna2,eno1,22615234,304347,0,0,10767346919,7117861,0,0
c1108684d75647ac951c6e46ffb093cc,isolated__anjuna3__colva1__client_to_oss__p4__r5,isolated,5,1,anjuna3,enp4s0,41770577,631985,0,0,10767756327,7113065,0,0
c1108684d75647ac951c6e46ffb093cc,isolated__anjuna3__colva1__client_to_oss__p4__r5,isolated,5,1,colva1,enp7s0,10767623006,7112437,0,0,41735635,631663,0,0
c1108684d75647ac951c6e46ffb093cc,isolated__anjuna3__colva2__oss_to_client__p1__r5,isolated,5,1,anjuna3,enp4s0,10769213407,7113687,0,0,19663744,296073,0,0
c1108684d75647ac951c6e46ffb093cc,isolated__anjuna3__colva2__oss_to_client__p1__r5,isolated,5,1,colva2,enp7s0,22158903,301078,0,0,10771565481,7119209,0,0
c1108684d75647ac951c6e46ffb093cc,isolated__anjuna3__colva1__client_to_oss__p1__r5,isolated,5,1,anjuna3,enp4s0,16582869,250409,0,0,10767342422,7112888,0,0
c1108684d75647ac951c6e46ffb093cc,isolated__anjuna3__colva1__client_to_oss__p1__r5,isolated,5,1,colva1,enp7s0,10767185629,7112106,0,0,16544391,250037,0,0
c1108684d75647ac951c6e46ffb093cc,isolated__anjuna3__colva4__client_to_oss__p4__r5,isolated,5,1,colva4,enp7s0,10768070907,7112577,0,0,41472347,627730,0,0
c1108684d75647ac951c6e46ffb093cc,isolated__anjuna3__colva4__client_to_oss__p4__r5,isolated,5,1,anjuna3,enp4s0,41507184,628131,0,0,10768235869,7113369,0,0
c1108684d75647ac951c6e46ffb093cc,isolated__anjuna3__colva3__client_to_oss__p4__r5,isolated,5,1,anjuna3,enp4s0,12210459,184166,0,0,10767115028,7119350,0,0
c1108684d75647ac951c6e46ffb093cc,isolated__anjuna3__colva3__client_to_oss__p4__r5,isolated,5,1,colva3,enp7s0,10769777467,7125488,0,0,15760823,191252,0,0
c1108684d75647ac951c6e46ffb093cc,isolated__anjuna3__colva1__oss_to_client__p1__r5,isolated,5,1,anjuna3,enp4s0,10767884400,7112847,0,0,19687768,296296,0,0
c1108684d75647ac951c6e46ffb093cc,isolated__anjuna3__colva1__oss_to_client__p1__r5,isolated,5,1,colva1,enp7s0,19528114,295495,0,0,10767841283,7112470,0,0
c1108684d75647ac951c6e46ffb093cc,isolated__anjuna3__colva1__oss_to_client__p4__r5,isolated,5,1,anjuna3,enp4s0,10768965463,7131265,0,0,13240711,198757,0,0
c1108684d75647ac951c6e46ffb093cc,isolated__anjuna3__colva1__oss_to_client__p4__r5,isolated,5,1,colva1,enp7s0,13097341,198065,0,0,10768935653,7130960,0,0
c1108684d75647ac951c6e46ffb093cc,isolated__anjuna2__colva1__client_to_oss__p1__r5,isolated,5,1,colva1,enp7s0,10764187962,7110185,0,0,17465974,263924,0,0
c1108684d75647ac951c6e46ffb093cc,isolated__anjuna2__colva1__client_to_oss__p1__r5,isolated,5,1,anjuna2,eno1,20202114,270432,0,0,10766554438,7117245,0,0
c1108684d75647ac951c6e46ffb093cc,isolated__anjuna2__colva3__client_to_oss__p1__r5,isolated,5,1,colva3,enp7s0,10768158530,7117655,0,0,22777328,297737,0,0
c1108684d75647ac951c6e46ffb093cc,isolated__anjuna2__colva3__client_to_oss__p1__r5,isolated,5,1,anjuna2,eno1,22164609,297479,0,1,10767934383,7118515,0,0
c1108684d75647ac951c6e46ffb093cc,isolated__anjuna3__colva2__client_to_oss__p1__r5,isolated,5,1,anjuna3,enp4s0,19545129,295282,0,0,10766961161,7112547,0,0
c1108684d75647ac951c6e46ffb093cc,isolated__anjuna3__colva2__client_to_oss__p1__r5,isolated,5,1,colva2,enp7s0,10769344474,7117402,0,0,21763753,300626,0,0
c1108684d75647ac951c6e46ffb093cc,isolated__anjuna2__colva4__oss_to_client__p1__r5,isolated,5,1,colva4,enp7s0,222293457,3367778,0,0,10768515795,7112788,0,0
c1108684d75647ac951c6e46ffb093cc,isolated__anjuna2__colva4__oss_to_client__p1__r5,isolated,5,1,anjuna2,eno1,10771608162,7120052,0,1,225029768,3375723,0,0
c1108684d75647ac951c6e46ffb093cc,isolated__anjuna2__colva2__client_to_oss__p4__r5,isolated,5,1,colva2,enp7s0,10768884944,7117245,0,0,13487074,172507,0,0
c1108684d75647ac951c6e46ffb093cc,isolated__anjuna2__colva2__client_to_oss__p4__r5,isolated,5,1,anjuna2,eno1,14099701,173660,0,0,10768710594,7118891,0,0
c1108684d75647ac951c6e46ffb093cc,isolated__anjuna3__colva3__oss_to_client__p1__r5,isolated,5,1,anjuna3,enp4s0,10766997203,7112269,0,0,20358443,306672,0,0
c1108684d75647ac951c6e46ffb093cc,isolated__anjuna3__colva3__oss_to_client__p1__r5,isolated,5,1,colva3,enp7s0,22985030,312524,0,0,10770576025,7119027,0,0
c1108684d75647ac951c6e46ffb093cc,isolated__anjuna2__colva3__client_to_oss__p4__r5,isolated,5,1,colva3,enp7s0,10768691917,7117675,0,0,15001735,170889,0,0
c1108684d75647ac951c6e46ffb093cc,isolated__anjuna2__colva3__client_to_oss__p4__r5,isolated,5,1,anjuna2,eno1,13690694,170235,0,1,10768377558,7118342,0,0
c1108684d75647ac951c6e46ffb093cc,isolated__anjuna3__colva4__client_to_oss__p1__r5,isolated,5,1,colva4,enp7s0,10767092484,7111910,0,0,16173585,244458,0,0
c1108684d75647ac951c6e46ffb093cc,isolated__anjuna3__colva4__client_to_oss__p1__r5,isolated,5,1,anjuna3,enp4s0,16223546,244957,0,0,10767266717,7112792,0,0
c1108684d75647ac951c6e46ffb093cc,isolated__anjuna3__colva2__client_to_oss__p4__r5,isolated,5,1,anjuna3,enp4s0,12347610,186240,0,0,10767228490,7125455,0,0
c1108684d75647ac951c6e46ffb093cc,isolated__anjuna3__colva2__client_to_oss__p4__r5,isolated,5,1,colva2,enp7s0,10770032166,7130852,0,0,14831897,192053,0,0
c1108684d75647ac951c6e46ffb093cc,isolated__anjuna2__colva3__oss_to_client__p4__r5,isolated,5,1,colva3,enp7s0,57085523,831360,0,0,10773002064,7133087,0,0
c1108684d75647ac951c6e46ffb093cc,isolated__anjuna2__colva3__oss_to_client__p4__r5,isolated,5,1,anjuna2,eno1,10772422579,7132895,0,1,56835731,832201,0,0
c1108684d75647ac951c6e46ffb093cc,isolated__anjuna2__colva4__client_to_oss__p1__r5,isolated,5,1,colva4,enp7s0,10765226496,7110709,0,0,16716566,252591,0,0
c1108684d75647ac951c6e46ffb093cc,isolated__anjuna2__colva4__client_to_oss__p1__r5,isolated,5,1,anjuna2,eno1,19615651,259397,0,1,10767648817,7117982,0,0
c1108684d75647ac951c6e46ffb093cc,isolated__anjuna3__colva4__oss_to_client__p1__r5,isolated,5,1,colva4,enp7s0,18880323,285811,0,0,10768481468,7112740,0,0
c1108684d75647ac951c6e46ffb093cc,isolated__anjuna3__colva4__oss_to_client__p1__r5,isolated,5,1,anjuna3,enp4s0,10768528143,7113236,0,0,19049422,286707,0,0
c1108684d75647ac951c6e46ffb093cc,isolated__anjuna3__colva3__oss_to_client__p4__r5,isolated,5,1,anjuna3,enp4s0,10768439653,7125752,0,0,12366457,185531,0,0
c1108684d75647ac951c6e46ffb093cc,isolated__anjuna3__colva3__oss_to_client__p4__r5,isolated,5,1,colva3,enp7s0,15106279,191492,0,0,10772102557,7132525,0,0
c1108684d75647ac951c6e46ffb093cc,isolated__anjuna2__colva1__oss_to_client__p1__r5,isolated,5,1,colva1,enp7s0,222643072,3372957,0,0,10766955934,7111894,0,0
c1108684d75647ac951c6e46ffb093cc,isolated__anjuna2__colva1__oss_to_client__p1__r5,isolated,5,1,anjuna2,eno1,10769704335,7118413,0,1,224990623,3380108,0,0
c1108684d75647ac951c6e46ffb093cc,isolated__anjuna2__colva1__oss_to_client__p4__r5,isolated,5,1,colva1,enp7s0,53745988,813971,0,0,10768336642,7125586,0,0
c1108684d75647ac951c6e46ffb093cc,isolated__anjuna2__colva1__oss_to_client__p4__r5,isolated,5,1,anjuna2,eno1,10771330080,7132367,0,1,56253414,821371,0,0
c1108684d75647ac951c6e46ffb093cc,isolated__anjuna2__colva3__oss_to_client__p1__r5,isolated,5,1,colva3,enp7s0,225034533,3374072,0,0,10771208916,7119340,0,0
c1108684d75647ac951c6e46ffb093cc,isolated__anjuna2__colva3__oss_to_client__p1__r5,isolated,5,1,anjuna2,eno1,10770623272,7119154,0,1,224763171,3375042,0,0
c1108684d75647ac951c6e46ffb093cc,isolated__anjuna3__colva4__oss_to_client__p4__r5,isolated,5,1,colva4,enp7s0,11485618,173753,0,0,10770663511,7114204,0,0
c1108684d75647ac951c6e46ffb093cc,isolated__anjuna3__colva4__oss_to_client__p4__r5,isolated,5,1,anjuna3,enp4s0,10770704962,7114667,0,0,11652506,174649,0,0
c1108684d75647ac951c6e46ffb093cc,isolated__anjuna2__colva4__oss_to_client__p4__r5,isolated,5,1,colva4,enp7s0,54298768,822440,0,0,10770568555,7125397,0,0
c1108684d75647ac951c6e46ffb093cc,isolated__anjuna2__colva4__oss_to_client__p4__r5,isolated,5,1,anjuna2,eno1,10773589317,7132768,0,1,56913119,830489,0,0
c1108684d75647ac951c6e46ffb093cc,fanout1__anjuna3__oss_to_client__r1,one_client_four_oss,1,1,colva4,enp7s0,7467099,112871,0,0,2699434669,1786097,0,0
c1108684d75647ac951c6e46ffb093cc,fanout1__anjuna3__oss_to_client__r1,one_client_four_oss,1,1,anjuna3,enp4s0,10788905145,7140932,0,0,28414025,428211,0,0
c1108684d75647ac951c6e46ffb093cc,fanout1__anjuna3__oss_to_client__r1,one_client_four_oss,1,1,colva3,enp7s0,10513958,123237,0,0,2698644779,1791317,0,0
c1108684d75647ac951c6e46ffb093cc,fanout1__anjuna3__oss_to_client__r1,one_client_four_oss,1,1,colva1,enp7s0,7367531,111249,0,0,2698485223,1786499,0,0
c1108684d75647ac951c6e46ffb093cc,fanout1__anjuna3__oss_to_client__r1,one_client_four_oss,1,1,colva2,enp7s0,8563471,93615,0,0,2698539291,1790378,0,0
c1108684d75647ac951c6e46ffb093cc,fanout1__anjuna2__client_to_oss__r1,one_client_four_oss,1,1,colva4,enp7s0,2694512802,1779960,0,0,12195448,184130,0,0
c1108684d75647ac951c6e46ffb093cc,fanout1__anjuna2__client_to_oss__r1,one_client_four_oss,1,1,colva3,enp7s0,2696798362,1786557,0,0,7763594,68470,0,0
c1108684d75647ac951c6e46ffb093cc,fanout1__anjuna2__client_to_oss__r1,one_client_four_oss,1,1,anjuna2,eno1,35521354,499553,0,1,10779936410,7126602,0,0
c1108684d75647ac951c6e46ffb093cc,fanout1__anjuna2__client_to_oss__r1,one_client_four_oss,1,1,colva1,enp7s0,2695020023,1780434,0,0,12262529,185148,0,0
c1108684d75647ac951c6e46ffb093cc,fanout1__anjuna2__client_to_oss__r1,one_client_four_oss,1,1,colva2,enp7s0,2696942665,1785946,0,0,6753872,68996,0,0
c1108684d75647ac951c6e46ffb093cc,fanout1__anjuna2__oss_to_client__r1,one_client_four_oss,1,1,colva4,enp7s0,15336929,232103,0,0,2698567785,1784117,0,0
c1108684d75647ac951c6e46ffb093cc,fanout1__anjuna2__oss_to_client__r1,one_client_four_oss,1,1,colva3,enp7s0,18938499,250252,0,0,2700607469,1792635,0,0
c1108684d75647ac951c6e46ffb093cc,fanout1__anjuna2__oss_to_client__r1,one_client_four_oss,1,1,anjuna2,eno1,10791485789,7144318,0,1,65077995,954392,0,0
c1108684d75647ac951c6e46ffb093cc,fanout1__anjuna2__oss_to_client__r1,one_client_four_oss,1,1,colva1,enp7s0,15551537,235250,0,0,2698233307,1784791,0,0
c1108684d75647ac951c6e46ffb093cc,fanout1__anjuna2__oss_to_client__r1,one_client_four_oss,1,1,colva2,enp7s0,18416705,242760,0,0,2697269627,1789578,0,0
c1108684d75647ac951c6e46ffb093cc,fanout1__anjuna3__client_to_oss__r1,one_client_four_oss,1,1,colva4,enp7s0,2521108691,1665447,0,0,13959043,210807,0,0
c1108684d75647ac951c6e46ffb093cc,fanout1__anjuna3__client_to_oss__r1,one_client_four_oss,1,1,anjuna3,enp4s0,34649795,523682,0,0,10779833947,7130684,0,0
c1108684d75647ac951c6e46ffb093cc,fanout1__anjuna3__client_to_oss__r1,one_client_four_oss,1,1,colva3,enp7s0,2299507272,1527791,0,0,7094375,60533,0,0
c1108684d75647ac951c6e46ffb093cc,fanout1__anjuna3__client_to_oss__r1,one_client_four_oss,1,1,colva1,enp7s0,2750524674,1817111,0,0,12733278,192241,0,0
c1108684d75647ac951c6e46ffb093cc,fanout1__anjuna3__client_to_oss__r1,one_client_four_oss,1,1,colva2,enp7s0,3213986627,2132512,0,0,6835052,73056,0,0
c1108684d75647ac951c6e46ffb093cc,fanout1__anjuna3__oss_to_client__r2,one_client_four_oss,2,1,colva4,enp7s0,12588135,190391,0,0,2702780673,1785376,0,0
c1108684d75647ac951c6e46ffb093cc,fanout1__anjuna3__oss_to_client__r2,one_client_four_oss,2,1,anjuna3,enp4s0,10792252888,7140782,0,0,33234230,501058,0,0
c1108684d75647ac951c6e46ffb093cc,fanout1__anjuna3__oss_to_client__r2,one_client_four_oss,2,1,colva3,enp7s0,10954587,126629,0,0,2700154975,1792719,0,0
c1108684d75647ac951c6e46ffb093cc,fanout1__anjuna3__oss_to_client__r2,one_client_four_oss,2,1,colva1,enp7s0,6982039,105371,0,0,2697911189,1786942,0,0
c1108684d75647ac951c6e46ffb093cc,fanout1__anjuna3__oss_to_client__r2,one_client_four_oss,2,1,colva2,enp7s0,8454136,91782,0,0,2697855641,1789442,0,0
c1108684d75647ac951c6e46ffb093cc,fanout1__anjuna2__client_to_oss__r2,one_client_four_oss,2,1,colva4,enp7s0,2695095457,1780385,0,0,9700643,146302,0,0
c1108684d75647ac951c6e46ffb093cc,fanout1__anjuna2__client_to_oss__r2,one_client_four_oss,2,1,colva3,enp7s0,2697541638,1787031,0,0,6979368,55335,0,0
c1108684d75647ac951c6e46ffb093cc,fanout1__anjuna2__client_to_oss__r2,one_client_four_oss,2,1,anjuna2,eno1,30811748,424009,0,0,10781158516,7127570,0,0
c1108684d75647ac951c6e46ffb093cc,fanout1__anjuna2__client_to_oss__r2,one_client_four_oss,2,1,colva1,enp7s0,2695051017,1780497,0,0,10638105,160477,0,0
c1108684d75647ac951c6e46ffb093cc,fanout1__anjuna2__client_to_oss__r2,one_client_four_oss,2,1,colva2,enp7s0,2696727676,1785702,0,0,6818178,68887,0,0
c1108684d75647ac951c6e46ffb093cc,fanout1__anjuna3__client_to_oss__r2,one_client_four_oss,2,1,colva4,enp7s0,2333438916,1541482,0,0,12463780,188203,0,0
c1108684d75647ac951c6e46ffb093cc,fanout1__anjuna3__client_to_oss__r2,one_client_four_oss,2,1,anjuna3,enp4s0,38722742,585413,0,0,10779295442,7128435,0,0
c1108684d75647ac951c6e46ffb093cc,fanout1__anjuna3__client_to_oss__r2,one_client_four_oss,2,1,colva3,enp7s0,2170114513,1442602,0,0,7704445,63888,0,0
c1108684d75647ac951c6e46ffb093cc,fanout1__anjuna3__client_to_oss__r2,one_client_four_oss,2,1,colva1,enp7s0,4116898620,2719617,0,0,18765849,283671,0,0
c1108684d75647ac951c6e46ffb093cc,fanout1__anjuna3__client_to_oss__r2,one_client_four_oss,2,1,colva2,enp7s0,2164678218,1437904,0,0,6326299,63621,0,0
c1108684d75647ac951c6e46ffb093cc,fanout1__anjuna2__oss_to_client__r2,one_client_four_oss,2,1,colva4,enp7s0,15817090,239455,0,0,2699350779,1783120,0,0
c1108684d75647ac951c6e46ffb093cc,fanout1__anjuna2__oss_to_client__r2,one_client_four_oss,2,1,colva3,enp7s0,19661174,259987,0,0,2702101927,1791980,0,0
c1108684d75647ac951c6e46ffb093cc,fanout1__anjuna2__oss_to_client__r2,one_client_four_oss,2,1,anjuna2,eno1,10797353883,7146910,0,0,66905835,979936,0,0
c1108684d75647ac951c6e46ffb093cc,fanout1__anjuna2__oss_to_client__r2,one_client_four_oss,2,1,colva1,enp7s0,15677029,237109,0,0,2699855837,1787362,0,0
c1108684d75647ac951c6e46ffb093cc,fanout1__anjuna2__oss_to_client__r2,one_client_four_oss,2,1,colva2,enp7s0,18944234,249726,0,0,2699308594,1791717,0,0
c1108684d75647ac951c6e46ffb093cc,fanout1__anjuna3__client_to_oss__r3,one_client_four_oss,3,1,colva4,enp7s0,3458741804,2284742,0,0,19533926,295319,0,0
c1108684d75647ac951c6e46ffb093cc,fanout1__anjuna3__client_to_oss__r3,one_client_four_oss,3,1,anjuna3,enp4s0,48043122,726792,0,0,10781772407,7127386,0,0
c1108684d75647ac951c6e46ffb093cc,fanout1__anjuna3__client_to_oss__r3,one_client_four_oss,3,1,colva3,enp7s0,1548181799,1030553,0,0,6929352,53239,0,0
c1108684d75647ac951c6e46ffb093cc,fanout1__anjuna3__client_to_oss__r3,one_client_four_oss,3,1,colva1,enp7s0,4215029934,2784430,0,0,22183742,335434,0,0
c1108684d75647ac951c6e46ffb093cc,fanout1__anjuna3__client_to_oss__r3,one_client_four_oss,3,1,colva2,enp7s0,1565520232,1040955,0,0,5908469,57037,0,0
c1108684d75647ac951c6e46ffb093cc,fanout1__anjuna2__client_to_oss__r3,one_client_four_oss,3,1,colva4,enp7s0,2694383045,1779878,0,0,10994346,165936,0,0
c1108684d75647ac951c6e46ffb093cc,fanout1__anjuna2__client_to_oss__r3,one_client_four_oss,3,1,colva3,enp7s0,2696441606,1786107,0,0,7188271,63688,0,0
c1108684d75647ac951c6e46ffb093cc,fanout1__anjuna2__client_to_oss__r3,one_client_four_oss,3,1,anjuna2,eno1,32552997,456008,0,1,10778361639,7125272,0,0
c1108684d75647ac951c6e46ffb093cc,fanout1__anjuna2__client_to_oss__r3,one_client_four_oss,3,1,colva1,enp7s0,2694327478,1780012,0,0,10605313,159982,0,0
c1108684d75647ac951c6e46ffb093cc,fanout1__anjuna2__client_to_oss__r3,one_client_four_oss,3,1,colva2,enp7s0,2696070880,1784993,0,0,6741536,73014,0,0
c1108684d75647ac951c6e46ffb093cc,fanout1__anjuna2__oss_to_client__r3,one_client_four_oss,3,1,colva4,enp7s0,15925295,241040,0,0,2699323188,1786101,0,0
c1108684d75647ac951c6e46ffb093cc,fanout1__anjuna2__oss_to_client__r3,one_client_four_oss,3,1,colva3,enp7s0,18567359,243926,0,0,2698733045,1790709,0,0
c1108684d75647ac951c6e46ffb093cc,fanout1__anjuna2__oss_to_client__r3,one_client_four_oss,3,1,anjuna2,eno1,10797094293,7147676,0,1,66209560,970321,0,0
c1108684d75647ac951c6e46ffb093cc,fanout1__anjuna2__oss_to_client__r3,one_client_four_oss,3,1,colva1,enp7s0,15798091,238971,0,0,2699912656,1788245,0,0
c1108684d75647ac951c6e46ffb093cc,fanout1__anjuna2__oss_to_client__r3,one_client_four_oss,3,1,colva2,enp7s0,19090886,252685,0,0,2702392263,1789782,0,0
c1108684d75647ac951c6e46ffb093cc,fanout1__anjuna3__oss_to_client__r3,one_client_four_oss,3,1,colva4,enp7s0,5166650,77946,0,0,2698711496,1784204,0,0
c1108684d75647ac951c6e46ffb093cc,fanout1__anjuna3__oss_to_client__r3,one_client_four_oss,3,1,anjuna3,enp4s0,10788388481,7140796,0,0,27621266,416007,0,0
c1108684d75647ac951c6e46ffb093cc,fanout1__anjuna3__oss_to_client__r3,one_client_four_oss,3,1,colva3,enp7s0,10280102,118801,0,0,2698914338,1791848,0,0
c1108684d75647ac951c6e46ffb093cc,fanout1__anjuna3__oss_to_client__r3,one_client_four_oss,3,1,colva1,enp7s0,7280756,109911,0,0,2698790680,1787468,0,0
c1108684d75647ac951c6e46ffb093cc,fanout1__anjuna3__oss_to_client__r3,one_client_four_oss,3,1,colva2,enp7s0,10489508,122592,0,0,2698105966,1791034,0,0
c1108684d75647ac951c6e46ffb093cc,fanout1__anjuna2__oss_to_client__r4,one_client_four_oss,4,1,colva4,enp7s0,15685278,237322,0,0,2701424576,1787495,0,0
c1108684d75647ac951c6e46ffb093cc,fanout1__anjuna2__oss_to_client__r4,one_client_four_oss,4,1,colva3,enp7s0,18483217,245072,0,0,2699368346,1790884,0,0
c1108684d75647ac951c6e46ffb093cc,fanout1__anjuna2__oss_to_client__r4,one_client_four_oss,4,1,anjuna2,eno1,10795174826,7149330,0,1,65224796,958493,0,0
c1108684d75647ac951c6e46ffb093cc,fanout1__anjuna2__oss_to_client__r4,one_client_four_oss,4,1,colva1,enp7s0,15817157,239279,0,0,2699927437,1788229,0,0
c1108684d75647ac951c6e46ffb093cc,fanout1__anjuna2__oss_to_client__r4,one_client_four_oss,4,1,colva2,enp7s0,18280414,242496,0,0,2697530256,1789295,0,0
c1108684d75647ac951c6e46ffb093cc,fanout1__anjuna3__client_to_oss__r4,one_client_four_oss,4,1,colva4,enp7s0,2161031214,1427640,0,0,13035590,196803,0,0
c1108684d75647ac951c6e46ffb093cc,fanout1__anjuna3__client_to_oss__r4,one_client_four_oss,4,1,anjuna3,enp4s0,46180889,698409,0,0,10781069739,7129048,0,0
c1108684d75647ac951c6e46ffb093cc,fanout1__anjuna3__client_to_oss__r4,one_client_four_oss,4,1,colva3,enp7s0,2156565675,1432849,0,0,7661891,70921,0,0
c1108684d75647ac951c6e46ffb093cc,fanout1__anjuna3__client_to_oss__r4,one_client_four_oss,4,1,colva1,enp7s0,4310654356,2847627,0,0,24926465,376991,0,0
c1108684d75647ac951c6e46ffb093cc,fanout1__anjuna3__client_to_oss__r4,one_client_four_oss,4,1,colva2,enp7s0,2157954333,1433124,0,0,6306086,66657,0,0
c1108684d75647ac951c6e46ffb093cc,fanout1__anjuna3__oss_to_client__r4,one_client_four_oss,4,1,colva4,enp7s0,7360429,111262,0,0,2699715777,1783355,0,0
c1108684d75647ac951c6e46ffb093cc,fanout1__anjuna3__oss_to_client__r4,one_client_four_oss,4,1,anjuna3,enp4s0,10790206203,7141256,0,0,29250122,440942,0,0
c1108684d75647ac951c6e46ffb093cc,fanout1__anjuna3__oss_to_client__r4,one_client_four_oss,4,1,colva3,enp7s0,9701046,111956,0,0,2698866054,1792225,0,0
c1108684d75647ac951c6e46ffb093cc,fanout1__anjuna3__oss_to_client__r4,one_client_four_oss,4,1,colva1,enp7s0,7231183,109175,0,0,2698244043,1787102,0,0
c1108684d75647ac951c6e46ffb093cc,fanout1__anjuna3__oss_to_client__r4,one_client_four_oss,4,1,colva2,enp7s0,10335515,121163,0,0,2699446117,1791710,0,0
c1108684d75647ac951c6e46ffb093cc,fanout1__anjuna2__client_to_oss__r4,one_client_four_oss,4,1,colva4,enp7s0,2695739963,1780777,0,0,10043806,151499,0,0
c1108684d75647ac951c6e46ffb093cc,fanout1__anjuna2__client_to_oss__r4,one_client_four_oss,4,1,colva3,enp7s0,2696324063,1786125,0,0,8118373,71353,0,0
c1108684d75647ac951c6e46ffb093cc,fanout1__anjuna2__client_to_oss__r4,one_client_four_oss,4,1,anjuna2,eno1,32370086,452045,0,1,10780687558,7126871,0,0
c1108684d75647ac951c6e46ffb093cc,fanout1__anjuna2__client_to_oss__r4,one_client_four_oss,4,1,colva1,enp7s0,2695812433,1780983,0,0,10857135,163838,0,0
c1108684d75647ac951c6e46ffb093cc,fanout1__anjuna2__client_to_oss__r4,one_client_four_oss,4,1,colva2,enp7s0,2696265122,1785198,0,0,6925487,72428,0,0
c1108684d75647ac951c6e46ffb093cc,fanout1__anjuna3__oss_to_client__r5,one_client_four_oss,5,1,colva4,enp7s0,12960983,196099,0,0,2696829271,1781477,0,0
c1108684d75647ac951c6e46ffb093cc,fanout1__anjuna3__oss_to_client__r5,one_client_four_oss,5,1,anjuna3,enp4s0,10787564612,7138417,0,0,36059107,543698,0,0
c1108684d75647ac951c6e46ffb093cc,fanout1__anjuna3__oss_to_client__r5,one_client_four_oss,5,1,colva3,enp7s0,10966645,130136,0,0,2699436859,1791858,0,0
c1108684d75647ac951c6e46ffb093cc,fanout1__anjuna3__oss_to_client__r5,one_client_four_oss,5,1,colva1,enp7s0,7280095,109898,0,0,2699698646,1788092,0,0
c1108684d75647ac951c6e46ffb093cc,fanout1__anjuna3__oss_to_client__r5,one_client_four_oss,5,1,colva2,enp7s0,10192303,119796,0,0,2697547535,1789854,0,0
c1108684d75647ac951c6e46ffb093cc,fanout1__anjuna3__client_to_oss__r5,one_client_four_oss,5,1,colva4,enp7s0,2691911860,1778226,0,0,17046936,257699,0,0
c1108684d75647ac951c6e46ffb093cc,fanout1__anjuna3__client_to_oss__r5,one_client_four_oss,5,1,anjuna3,enp4s0,41730014,630883,0,0,10780493404,7129734,0,0
c1108684d75647ac951c6e46ffb093cc,fanout1__anjuna3__client_to_oss__r5,one_client_four_oss,5,1,colva3,enp7s0,2411376274,1601470,0,0,7594338,67114,0,0
c1108684d75647ac951c6e46ffb093cc,fanout1__anjuna3__client_to_oss__r5,one_client_four_oss,5,1,colva1,enp7s0,3270139922,2160323,0,0,16813944,254105,0,0
c1108684d75647ac951c6e46ffb093cc,fanout1__anjuna3__client_to_oss__r5,one_client_four_oss,5,1,colva2,enp7s0,2412568118,1602045,0,0,6411172,65050,0,0
c1108684d75647ac951c6e46ffb093cc,fanout1__anjuna2__client_to_oss__r5,one_client_four_oss,5,1,colva4,enp7s0,2695073488,1780345,0,0,10145806,153064,0,0
c1108684d75647ac951c6e46ffb093cc,fanout1__anjuna2__client_to_oss__r5,one_client_four_oss,5,1,colva3,enp7s0,2695203428,1785397,0,0,8151734,70374,0,0
c1108684d75647ac951c6e46ffb093cc,fanout1__anjuna2__client_to_oss__r5,one_client_four_oss,5,1,anjuna2,eno1,31515473,433766,0,0,10779283480,7126227,0,0
c1108684d75647ac951c6e46ffb093cc,fanout1__anjuna2__client_to_oss__r5,one_client_four_oss,5,1,colva1,enp7s0,2695176458,1780592,0,0,10226613,154237,0,0
c1108684d75647ac951c6e46ffb093cc,fanout1__anjuna2__client_to_oss__r5,one_client_four_oss,5,1,colva2,enp7s0,2697276217,1785837,0,0,6313889,62906,0,0
c1108684d75647ac951c6e46ffb093cc,fanout1__anjuna2__oss_to_client__r5,one_client_four_oss,5,1,colva4,enp7s0,15438711,233613,0,0,2694286312,1781301,0,0
c1108684d75647ac951c6e46ffb093cc,fanout1__anjuna2__oss_to_client__r5,one_client_four_oss,5,1,colva3,enp7s0,19398271,253815,0,0,2702048343,1792162,0,0
c1108684d75647ac951c6e46ffb093cc,fanout1__anjuna2__oss_to_client__r5,one_client_four_oss,5,1,anjuna2,eno1,10792671261,7142131,0,0,66345004,971416,0,0
c1108684d75647ac951c6e46ffb093cc,fanout1__anjuna2__oss_to_client__r5,one_client_four_oss,5,1,colva1,enp7s0,16049288,242796,0,0,2700567776,1784022,0,0
c1108684d75647ac951c6e46ffb093cc,fanout1__anjuna2__oss_to_client__r5,one_client_four_oss,5,1,colva2,enp7s0,18848104,247201,0,0,2699186377,1791598,0,0
c1108684d75647ac951c6e46ffb093cc,fanout2__client_to_oss__r1,two_clients_four_oss,1,1,colva4,enp7s0,6795312802,4488624,0,0,30474353,461021,0,0
c1108684d75647ac951c6e46ffb093cc,fanout2__client_to_oss__r1,two_clients_four_oss,1,1,anjuna3,enp4s0,39293596,593560,0,0,10779483389,7129683,0,0
c1108684d75647ac951c6e46ffb093cc,fanout2__client_to_oss__r1,two_clients_four_oss,1,1,colva3,enp7s0,4757962882,3151489,0,0,11581721,121874,0,0
c1108684d75647ac951c6e46ffb093cc,fanout2__client_to_oss__r1,two_clients_four_oss,1,1,anjuna2,eno1,32865488,455124,0,0,10781408844,7127813,0,0
c1108684d75647ac951c6e46ffb093cc,fanout2__client_to_oss__r1,two_clients_four_oss,1,1,colva1,enp7s0,5252210599,3469552,0,0,22618744,341948,0,0
c1108684d75647ac951c6e46ffb093cc,fanout2__client_to_oss__r1,two_clients_four_oss,1,1,colva2,enp7s0,4758519221,3152801,0,0,10731499,130101,0,0
c1108684d75647ac951c6e46ffb093cc,fanout2__oss_to_client__r1,two_clients_four_oss,1,1,colva4,enp7s0,23112304,349714,0,0,5172726843,3422277,0,0
c1108684d75647ac951c6e46ffb093cc,fanout2__oss_to_client__r1,two_clients_four_oss,1,1,anjuna3,enp4s0,10042282079,6649214,0,0,21655480,324586,0,0
c1108684d75647ac951c6e46ffb093cc,fanout2__oss_to_client__r1,two_clients_four_oss,1,1,colva3,enp7s0,23242514,313838,0,0,5219750129,3462686,0,0
c1108684d75647ac951c6e46ffb093cc,fanout2__oss_to_client__r1,two_clients_four_oss,1,1,anjuna2,eno1,10789533667,7149895,0,1,64173054,938882,0,0
c1108684d75647ac951c6e46ffb093cc,fanout2__oss_to_client__r1,two_clients_four_oss,1,1,colva1,enp7s0,19558830,295790,0,0,5227414230,3462014,0,0
c1108684d75647ac951c6e46ffb093cc,fanout2__oss_to_client__r1,two_clients_four_oss,1,1,colva2,enp7s0,22843913,308783,0,0,5215063647,3458223,0,0
c1108684d75647ac951c6e46ffb093cc,fanout2__oss_to_client__r2,two_clients_four_oss,2,1,colva4,enp7s0,21578024,326456,0,0,5328171752,3522832,0,0
c1108684d75647ac951c6e46ffb093cc,fanout2__oss_to_client__r2,two_clients_four_oss,2,1,anjuna3,enp4s0,10506634735,6952862,0,0,21219423,317987,0,0
c1108684d75647ac951c6e46ffb093cc,fanout2__oss_to_client__r2,two_clients_four_oss,2,1,colva3,enp7s0,24991648,342709,0,0,5308894911,3519456,0,0
c1108684d75647ac951c6e46ffb093cc,fanout2__oss_to_client__r2,two_clients_four_oss,2,1,anjuna2,eno1,10788511182,7145004,0,1,65201460,955066,0,0
c1108684d75647ac951c6e46ffb093cc,fanout2__oss_to_client__r2,two_clients_four_oss,2,1,colva1,enp7s0,19196033,290287,0,0,5345795273,3538122,0,0
c1108684d75647ac951c6e46ffb093cc,fanout2__oss_to_client__r2,two_clients_four_oss,2,1,colva2,enp7s0,23327618,317797,0,0,5315267477,3523179,0,0
c1108684d75647ac951c6e46ffb093cc,fanout2__client_to_oss__r2,two_clients_four_oss,2,1,colva4,enp7s0,7080563721,4677045,0,0,31626939,478446,0,0
c1108684d75647ac951c6e46ffb093cc,fanout2__client_to_oss__r2,two_clients_four_oss,2,1,anjuna3,enp4s0,42681604,644724,0,0,10780609952,7128822,0,0
c1108684d75647ac951c6e46ffb093cc,fanout2__client_to_oss__r2,two_clients_four_oss,2,1,colva3,enp7s0,4679079598,3099348,0,0,11275699,118794,0,0
c1108684d75647ac951c6e46ffb093cc,fanout2__client_to_oss__r2,two_clients_four_oss,2,1,anjuna2,eno1,31849946,441625,0,1,10778932112,7125805,0,0
c1108684d75647ac951c6e46ffb093cc,fanout2__client_to_oss__r2,two_clients_four_oss,2,1,colva1,enp7s0,5145157013,3398826,0,0,25034271,378553,0,0
c1108684d75647ac951c6e46ffb093cc,fanout2__client_to_oss__r2,two_clients_four_oss,2,1,colva2,enp7s0,4657897939,3084273,0,0,9867036,116636,0,0
c1108684d75647ac951c6e46ffb093cc,fanout2__oss_to_client__r3,two_clients_four_oss,3,1,colva4,enp7s0,21234802,321284,0,0,5373135880,3557903,0,0
c1108684d75647ac951c6e46ffb093cc,fanout2__oss_to_client__r3,two_clients_four_oss,3,1,anjuna3,enp4s0,10766218508,7118261,0,0,25351821,380884,0,0
c1108684d75647ac951c6e46ffb093cc,fanout2__oss_to_client__r3,two_clients_four_oss,3,1,colva3,enp7s0,29694345,412743,0,0,5395969030,3569057,0,0
c1108684d75647ac951c6e46ffb093cc,fanout2__oss_to_client__r3,two_clients_four_oss,3,1,anjuna2,eno1,10747572459,7113329,0,1,64130062,940674,0,0
c1108684d75647ac951c6e46ffb093cc,fanout2__oss_to_client__r3,two_clients_four_oss,3,1,colva1,enp7s0,17797666,268470,0,0,5376366736,3551897,0,0
c1108684d75647ac951c6e46ffb093cc,fanout2__oss_to_client__r3,two_clients_four_oss,3,1,colva2,enp7s0,23741852,323606,0,0,5371443837,3558567,0,0
c1108684d75647ac951c6e46ffb093cc,fanout2__client_to_oss__r3,two_clients_four_oss,3,1,colva4,enp7s0,5858310455,3869734,0,0,26929795,407277,0,0
c1108684d75647ac951c6e46ffb093cc,fanout2__client_to_oss__r3,two_clients_four_oss,3,1,anjuna3,enp4s0,39668269,599134,0,0,10779775707,7129169,0,0
c1108684d75647ac951c6e46ffb093cc,fanout2__client_to_oss__r3,two_clients_four_oss,3,1,colva3,enp7s0,5235442116,3464913,0,0,11669258,124814,0,0
c1108684d75647ac951c6e46ffb093cc,fanout2__client_to_oss__r3,two_clients_four_oss,3,1,anjuna2,eno1,31343181,433367,0,1,10780809786,7127258,0,0
c1108684d75647ac951c6e46ffb093cc,fanout2__client_to_oss__r3,two_clients_four_oss,3,1,colva1,enp7s0,5232441310,3456483,0,0,25291078,382395,0,0
c1108684d75647ac951c6e46ffb093cc,fanout2__client_to_oss__r3,two_clients_four_oss,3,1,colva2,enp7s0,5237232838,3470032,0,0,10177327,124014,0,0
c1108684d75647ac951c6e46ffb093cc,fanout2__client_to_oss__r4,two_clients_four_oss,4,1,colva4,enp7s0,5091844130,3363511,0,0,24514112,370666,0,0
c1108684d75647ac951c6e46ffb093cc,fanout2__client_to_oss__r4,two_clients_four_oss,4,1,anjuna3,enp4s0,40540883,612227,0,0,10779383636,7131103,0,0
c1108684d75647ac951c6e46ffb093cc,fanout2__client_to_oss__r4,two_clients_four_oss,4,1,colva3,enp7s0,4828961362,3200218,0,0,10900285,112956,0,0
c1108684d75647ac951c6e46ffb093cc,fanout2__client_to_oss__r4,two_clients_four_oss,4,1,anjuna2,eno1,28681394,393463,0,1,10778966086,7126060,0,0
c1108684d75647ac951c6e46ffb093cc,fanout2__client_to_oss__r4,two_clients_four_oss,4,1,colva1,enp7s0,6281969362,4149732,0,0,26358049,398551,0,0
c1108684d75647ac951c6e46ffb093cc,fanout2__client_to_oss__r4,two_clients_four_oss,4,1,colva2,enp7s0,5358634344,3548365,0,0,10716865,129634,0,0
c1108684d75647ac951c6e46ffb093cc,fanout2__oss_to_client__r4,two_clients_four_oss,4,1,colva4,enp7s0,20117864,304338,0,0,5386483021,3566512,0,0
c1108684d75647ac951c6e46ffb093cc,fanout2__oss_to_client__r4,two_clients_four_oss,4,1,anjuna3,enp4s0,10773250451,7137525,0,0,20456188,305551,0,0
c1108684d75647ac951c6e46ffb093cc,fanout2__oss_to_client__r4,two_clients_four_oss,4,1,colva3,enp7s0,23939216,324394,0,0,5390752614,3575597,0,0
c1108684d75647ac951c6e46ffb093cc,fanout2__oss_to_client__r4,two_clients_four_oss,4,1,anjuna2,eno1,10783259811,7141835,0,0,63297340,928205,0,0
c1108684d75647ac951c6e46ffb093cc,fanout2__oss_to_client__r4,two_clients_four_oss,4,1,colva1,enp7s0,19731970,298411,0,0,5389862435,3568018,0,0
c1108684d75647ac951c6e46ffb093cc,fanout2__oss_to_client__r4,two_clients_four_oss,4,1,colva2,enp7s0,22928992,311213,0,0,5392609819,3575518,0,0
c1108684d75647ac951c6e46ffb093cc,fanout2__oss_to_client__r5,two_clients_four_oss,5,1,colva4,enp7s0,21812304,330029,0,0,5360841623,3545581,0,0
c1108684d75647ac951c6e46ffb093cc,fanout2__oss_to_client__r5,two_clients_four_oss,5,1,anjuna3,enp4s0,10669808815,7066087,0,0,23658330,354968,0,0
c1108684d75647ac951c6e46ffb093cc,fanout2__oss_to_client__r5,two_clients_four_oss,5,1,colva3,enp7s0,24074675,328509,0,0,5352564447,3550420,0,0
c1108684d75647ac951c6e46ffb093cc,fanout2__oss_to_client__r5,two_clients_four_oss,5,1,anjuna2,eno1,10749459789,7121109,0,0,64386892,944581,0,0
c1108684d75647ac951c6e46ffb093cc,fanout2__oss_to_client__r5,two_clients_four_oss,5,1,colva1,enp7s0,21201202,320690,0,0,5357592899,3547613,0,0
c1108684d75647ac951c6e46ffb093cc,fanout2__oss_to_client__r5,two_clients_four_oss,5,1,colva2,enp7s0,23828466,324974,0,0,5351330823,3549651,0,0
c1108684d75647ac951c6e46ffb093cc,fanout2__client_to_oss__r5,two_clients_four_oss,5,1,colva4,enp7s0,6990861932,4617812,0,0,33715146,510030,0,0
c1108684d75647ac951c6e46ffb093cc,fanout2__client_to_oss__r5,two_clients_four_oss,5,1,anjuna3,enp4s0,47455091,716895,0,0,10781650689,7130481,0,0
c1108684d75647ac951c6e46ffb093cc,fanout2__client_to_oss__r5,two_clients_four_oss,5,1,colva3,enp7s0,4508267842,2987687,0,0,10809836,112951,0,0
c1108684d75647ac951c6e46ffb093cc,fanout2__client_to_oss__r5,two_clients_four_oss,5,1,anjuna2,eno1,31250519,431910,0,1,10780135469,7126851,0,0
c1108684d75647ac951c6e46ffb093cc,fanout2__client_to_oss__r5,two_clients_four_oss,5,1,colva1,enp7s0,5570122089,3679565,0,0,27442874,414992,0,0
c1108684d75647ac951c6e46ffb093cc,fanout2__client_to_oss__r5,two_clients_four_oss,5,1,colva2,enp7s0,4495403837,2976627,0,0,9780280,116738,0,0
