unit_mode,client,server,direction,streams,runs,receiver_gbits_per_second_median,receiver_gbits_per_second_min,receiver_gbits_per_second_max,receiver_mib_per_second_median,retransmits_median,line_rate_percent_median
isolated,anjuna2,colva1,client_to_oss,1,5,2.353155837208521,2.3530965380055924,2.353165061985879,280.51803555590163,0,94.12623348834084
isolated,anjuna2,colva1,client_to_oss,4,5,2.3532074200921915,2.3531888763014304,2.353237477809781,280.524184714817,0,94.12829680368768
isolated,anjuna2,colva1,oss_to_client,1,5,2.3533413612899823,2.353240661625596,2.35335383399795,280.5401517498472,0,94.13365445159928
isolated,anjuna2,colva1,oss_to_client,4,5,2.3533715284716386,2.3526649782817413,2.35361176318239,280.5437479581402,0,94.13486113886555
isolated,anjuna2,colva2,client_to_oss,1,5,2.35308203984517,2.352994731020994,2.353234361091812,280.50923822464586,0,94.1232815938068
isolated,anjuna2,colva2,client_to_oss,4,5,2.3532508424954335,2.3532053329330758,2.3533091101252497,280.52936106865803,0,94.13003369981733
isolated,anjuna2,colva2,oss_to_client,1,5,2.3531999831201023,2.353106656308901,2.353252192519444,280.52329815865784,0,94.12799932480411
isolated,anjuna2,colva2,oss_to_client,4,5,2.353150474349338,2.3530795288009845,2.3532372608245047,280.5173962532685,0,94.12601897397353
isolated,anjuna2,colva3,client_to_oss,1,5,2.3531487235752278,2.3528854595353654,2.353300855861789,280.51718754473063,0,94.1259489430091
isolated,anjuna2,colva3,client_to_oss,4,5,2.353255583996335,2.3530804020289526,2.3533443440523683,280.52992629961193,0,94.1302233598534
isolated,anjuna2,colva3,oss_to_client,1,5,2.3529990536688747,2.3529301683660133,2.353037614103242,280.49934550152716,0,94.11996214675499
isolated,anjuna2,colva3,oss_to_client,4,5,2.3529971215329883,2.352628120285158,2.3530843435464868,280.49911517298085,0,94.11988486131955
isolated,anjuna2,colva4,client_to_oss,1,5,2.353196955643834,2.352884603544596,2.3532227628470204,280.52293725536276,0,94.12787822575336
isolated,anjuna2,colva4,client_to_oss,4,5,2.3531625046338545,2.352984622063533,2.3531900844606413,280.5188303749388,0,94.12650018535417
isolated,anjuna2,colva4,oss_to_client,1,5,2.353335511704065,2.3533202150161,2.353355716682335,280.5394544248658,0,94.1334204681626
isolated,anjuna2,colva4,oss_to_client,4,5,2.3533447005414727,2.3532977923555833,2.3536393765732355,280.54054981964504,0,94.13378802165892
isolated,anjuna3,colva1,client_to_oss,1,5,2.353657109213498,2.35363404157729,2.3536717406264733,280.57779183548666,0,94.14628436853992
isolated,anjuna3,colva1,client_to_oss,4,5,2.353659188963302,2.353628002823151,2.353691944099507,280.5780397609832,0,94.14636755853206
isolated,anjuna3,colva1,oss_to_client,1,5,2.3536906883694475,2.3536478899422697,2.3537075959695803,280.58179478281113,0,94.14762753477791
isolated,anjuna3,colva1,oss_to_client,4,5,2.353361702422709,2.3528597928611017,2.353636594478277,280.5425766018282,0,94.13446809690836
isolated,anjuna3,colva2,client_to_oss,1,5,2.353380166260667,2.35335343965036,2.3533863206935743,280.54477766283355,44,94.13520665042667
isolated,anjuna3,colva2,client_to_oss,4,5,2.353275328394984,2.3529403935291935,2.3534435334712343,280.5322800153475,0,94.13101313579936
isolated,anjuna3,colva2,oss_to_client,1,5,2.353240850821614,2.35315852043307,2.353297656506564,280.52816996832064,0,94.12963403286457
isolated,anjuna3,colva2,oss_to_client,4,5,2.3531754631467434,2.3523512264470674,2.3533138160207487,280.5203751500539,0,94.12701852586973
isolated,anjuna3,colva3,client_to_oss,1,5,2.353358902335233,2.353310110978005,2.353380410935562,280.5422428053895,0,94.13435609340931
isolated,anjuna3,colva3,client_to_oss,4,5,2.353247198713356,2.3521230144276672,2.3535432298531616,280.5289266959853,0,94.12988794853425
isolated,anjuna3,colva3,oss_to_client,1,5,2.3530083872470327,2.3529634737616347,2.3530390259255283,280.50045815074833,0,94.1203354898813
isolated,anjuna3,colva3,oss_to_client,4,5,2.35291173725909,2.352711719019095,2.35311083114148,280.4889365743506,0,94.1164694903636
isolated,anjuna3,colva4,client_to_oss,1,5,2.353654520206212,2.35354703276372,2.353677350739531,280.57748320176745,0,94.14618080824849
isolated,anjuna3,colva4,client_to_oss,4,5,2.3536303945174475,2.353604357050802,2.3536481253085015,280.5746071955499,0,94.1452157806979
isolated,anjuna3,colva4,oss_to_client,1,5,2.3536880992882874,2.3535800242355,2.353700652462207,280.5814861402854,0,94.14752397153148
isolated,anjuna3,colva4,oss_to_client,4,5,2.353752629793349,2.353417376260755,2.3539515579321812,280.5891787759482,0,94.15010519173397
one_client_four_oss,anjuna2,colva1,client_to_oss,4,5,0.588266960381234,0.5881913086110876,0.5883358279071415,70.12688641324449,0,23.530678415249362
one_client_four_oss,anjuna2,colva1,oss_to_client,4,5,0.588510418408724,0.588163099864656,0.5887147838782635,70.155908871737,0,23.540416736348956
one_client_four_oss,anjuna2,colva2,client_to_oss,4,5,0.5890225450266094,0.5887763106393602,0.5890917989069507,70.21695912201517,43,23.560901801064375
one_client_four_oss,anjuna2,colva2,oss_to_client,4,5,0.5881640882043541,0.5867316196889093,0.5885707705086264,70.11462309412408,0,23.52656352817416
one_client_four_oss,anjuna2,colva3,client_to_oss,4,5,0.5888758697799756,0.5888380629586405,0.5889233308338574,70.19947407006927,43,23.555034791199027
one_client_four_oss,anjuna2,colva3,oss_to_client,4,5,0.5879835374445287,0.5868751485337378,0.5881565604250837,70.09309976631745,0,23.51934149778115
one_client_four_oss,anjuna2,colva4,client_to_oss,4,5,0.588299019073386,0.5882083277302974,0.588337436069885,70.13070810715985,0,23.531960762935437
one_client_four_oss,anjuna2,colva4,oss_to_client,4,5,0.5883224726513501,0.5878248995172797,0.5884866661484216,70.13350399152637,0,23.532898906054
one_client_four_oss,anjuna3,colva1,client_to_oss,4,5,0.899126916221616,0.600839275301695,0.9395354035590104,107.18428089876366,0,35.96507664886464
one_client_four_oss,anjuna3,colva1,oss_to_client,4,5,0.5886522665153645,0.587322687066928,0.5888672676333853,70.17281848375374,0,23.54609066061458
one_client_four_oss,anjuna3,colva2,client_to_oss,4,5,0.4719945724837189,0.3393439326388616,0.7018788533042585,56.26613765760885,0,18.879782899348754
one_client_four_oss,anjuna3,colva2,oss_to_client,4,5,0.588361284978559,0.5870695920410457,0.588771598732431,70.13813078147876,0,23.534451399142363
one_client_four_oss,anjuna3,colva3,client_to_oss,4,5,0.4725497714969171,0.337559333400342,0.5244579939592193,56.33232253753151,0,18.901990859876687
one_client_four_oss,anjuna3,colva3,oss_to_client,4,5,0.588465048917349,0.5880711983067882,0.5887589391167615,70.1505004069029,0,23.53860195669396
one_client_four_oss,anjuna3,colva4,client_to_oss,4,5,0.550771558708644,0.47125713693914645,0.756265103011516,65.65708621843386,0,22.03086234834576
one_client_four_oss,anjuna3,colva4,oss_to_client,4,5,0.5884116992093926,0.5880265241280555,0.588594687278437,70.1441406261197,0,23.536467968375707
two_clients_four_oss,anjuna2,colva1,client_to_oss,4,5,0.5882738916546464,0.5881961122949744,0.5882960699566536,70.12771268542366,0,23.530955666185857
two_clients_four_oss,anjuna2,colva1,oss_to_client,4,5,0.5830347646472993,0.3911796966292502,0.5878947518945611,69.5031600770115,0,23.321390585891972
two_clients_four_oss,anjuna2,colva2,client_to_oss,4,5,0.5889063833055586,0.5888334540433067,0.5891664266765368,70.2031115657757,0,23.556255332222342
two_clients_four_oss,anjuna2,colva2,oss_to_client,4,5,0.5782298008575416,0.5692280589346786,0.5883939665556951,68.93036375731725,0,23.129192034301663
two_clients_four_oss,anjuna2,colva3,client_to_oss,4,5,0.588848726935575,0.5887747625451876,0.5889988360900511,70.19623839087188,0,23.553949077423
two_clients_four_oss,anjuna2,colva3,oss_to_client,4,5,0.6023876617050484,0.5297137558616849,0.7820403063004709,71.81020518601518,0,24.09550646820194
two_clients_four_oss,anjuna2,colva4,client_to_oss,4,5,0.588297352293281,0.5881958181896244,0.5883189623396664,70.1305094114877,0,23.53189409173124
two_clients_four_oss,anjuna2,colva4,oss_to_client,4,5,0.587013513337842,0.581371225519468,0.6795232994138903,69.9774638817122,0,23.48054053351368
two_clients_four_oss,anjuna3,colva1,client_to_oss,4,5,0.5589893067921337,0.5347193793292176,0.783658500036348,66.63671812917396,0,22.359572271685344
two_clients_four_oss,anjuna3,colva1,oss_to_client,4,5,0.5854228660979119,0.5720611148523617,0.7836636730385186,69.78784395431423,0,23.416914643916478
two_clients_four_oss,anjuna3,colva2,client_to_oss,4,5,0.4499095095994364,0.3936712336550184,0.581501248107689,53.63339300148921,0,17.996380383977456
two_clients_four_oss,anjuna3,colva2,oss_to_client,4,5,0.5872019923714074,0.5706157867741465,0.6007627493203328,69.99993233339875,0,23.488079694856296
two_clients_four_oss,anjuna3,colva3,client_to_oss,4,5,0.44967875856928247,0.39425593778220613,0.5547638368490162,53.60588533512145,0,17.9871503427713
two_clients_four_oss,anjuna3,colva3,oss_to_client,4,5,0.5663549648838178,0.39454994354417766,0.6121846866491826,67.51477299735758,0,22.65419859535271
two_clients_four_oss,anjuna3,colva4,client_to_oss,4,5,0.8960959939062493,0.523150313224428,0.9586585022246524,106.82296680286518,0,35.84383975624997
two_clients_four_oss,anjuna3,colva4,oss_to_client,4,5,0.58573829536167,0.45272124825029286,0.5876472254191286,69.82544605275035,0,23.4295318144668
