profile,POSIX_OPENS_mean,POSIX_OPENS_std,POSIX_OPENS_min,POSIX_OPENS_max,POSIX_OPENS_cv,POSIX_OPENS_count,POSIX_READS_mean,POSIX_READS_std,POSIX_READS_min,POSIX_READS_max,POSIX_READS_cv,POSIX_READS_count,POSIX_WRITES_mean,POSIX_WRITES_std,POSIX_WRITES_min,POSIX_WRITES_max,POSIX_WRITES_cv,POSIX_WRITES_count,POSIX_SEEKS_mean,POSIX_SEEKS_std,POSIX_SEEKS_min,POSIX_SEEKS_max,POSIX_SEEKS_cv,POSIX_SEEKS_count,POSIX_MMAPS_mean,POSIX_MMAPS_std,POSIX_MMAPS_min,POSIX_MMAPS_max,POSIX_MMAPS_cv,POSIX_MMAPS_count,POSIX_FSYNCS_mean,POSIX_FSYNCS_std,POSIX_FSYNCS_min,POSIX_FSYNCS_max,POSIX_FSYNCS_cv,POSIX_FSYNCS_count,POSIX_BYTES_READ_mean,POSIX_BYTES_READ_std,POSIX_BYTES_READ_min,POSIX_BYTES_READ_max,POSIX_BYTES_READ_cv,POSIX_BYTES_READ_count,POSIX_BYTES_WRITTEN_mean,POSIX_BYTES_WRITTEN_std,POSIX_BYTES_WRITTEN_min,POSIX_BYTES_WRITTEN_max,POSIX_BYTES_WRITTEN_cv,POSIX_BYTES_WRITTEN_count,POSIX_CONSEC_READS_mean,POSIX_CONSEC_READS_std,POSIX_CONSEC_READS_min,POSIX_CONSEC_READS_max,POSIX_CONSEC_READS_cv,POSIX_CONSEC_READS_count,POSIX_CONSEC_WRITES_mean,POSIX_CONSEC_WRITES_std,POSIX_CONSEC_WRITES_min,POSIX_CONSEC_WRITES_max,POSIX_CONSEC_WRITES_cv,POSIX_CONSEC_WRITES_count,POSIX_SEQ_READS_mean,POSIX_SEQ_READS_std,POSIX_SEQ_READS_min,POSIX_SEQ_READS_max,POSIX_SEQ_READS_cv,POSIX_SEQ_READS_count,POSIX_SEQ_WRITES_mean,POSIX_SEQ_WRITES_std,POSIX_SEQ_WRITES_min,POSIX_SEQ_WRITES_max,POSIX_SEQ_WRITES_cv,POSIX_SEQ_WRITES_count,POSIX_RW_SWITCHES_mean,POSIX_RW_SWITCHES_std,POSIX_RW_SWITCHES_min,POSIX_RW_SWITCHES_max,POSIX_RW_SWITCHES_cv,POSIX_RW_SWITCHES_count,POSIX_MEM_ALIGNMENT_mean,POSIX_MEM_ALIGNMENT_std,POSIX_MEM_ALIGNMENT_min,POSIX_MEM_ALIGNMENT_max,POSIX_MEM_ALIGNMENT_cv,POSIX_MEM_ALIGNMENT_count,POSIX_FILE_NOT_ALIGNED_mean,POSIX_FILE_NOT_ALIGNED_std,POSIX_FILE_NOT_ALIGNED_min,POSIX_FILE_NOT_ALIGNED_max,POSIX_FILE_NOT_ALIGNED_cv,POSIX_FILE_NOT_ALIGNED_count,POSIX_FILE_ALIGNMENT_mean,POSIX_FILE_ALIGNMENT_std,POSIX_FILE_ALIGNMENT_min,POSIX_FILE_ALIGNMENT_max,POSIX_FILE_ALIGNMENT_cv,POSIX_FILE_ALIGNMENT_count,POSIX_MAX_READ_TIME_SIZE_mean,POSIX_MAX_READ_TIME_SIZE_std,POSIX_MAX_READ_TIME_SIZE_min,POSIX_MAX_READ_TIME_SIZE_max,POSIX_MAX_READ_TIME_SIZE_cv,POSIX_MAX_READ_TIME_SIZE_count,POSIX_MAX_WRITE_TIME_SIZE_mean,POSIX_MAX_WRITE_TIME_SIZE_std,POSIX_MAX_WRITE_TIME_SIZE_min,POSIX_MAX_WRITE_TIME_SIZE_max,POSIX_MAX_WRITE_TIME_SIZE_cv,POSIX_MAX_WRITE_TIME_SIZE_count,POSIX_SIZE_READ_100_1K_mean,POSIX_SIZE_READ_100_1K_std,POSIX_SIZE_READ_100_1K_min,POSIX_SIZE_READ_100_1K_max,POSIX_SIZE_READ_100_1K_cv,POSIX_SIZE_READ_100_1K_count,POSIX_SIZE_READ_1K_10K_mean,POSIX_SIZE_READ_1K_10K_std,POSIX_SIZE_READ_1K_10K_min,POSIX_SIZE_READ_1K_10K_max,POSIX_SIZE_READ_1K_10K_cv,POSIX_SIZE_READ_1K_10K_count,POSIX_SIZE_READ_10K_100K_mean,POSIX_SIZE_READ_10K_100K_std,POSIX_SIZE_READ_10K_100K_min,POSIX_SIZE_READ_10K_100K_max,POSIX_SIZE_READ_10K_100K_cv,POSIX_SIZE_READ_10K_100K_count,POSIX_SIZE_READ_4M_10M_mean,POSIX_SIZE_READ_4M_10M_std,POSIX_SIZE_READ_4M_10M_min,POSIX_SIZE_READ_4M_10M_max,POSIX_SIZE_READ_4M_10M_cv,POSIX_SIZE_READ_4M_10M_count,POSIX_SIZE_WRITE_100_1K_mean,POSIX_SIZE_WRITE_100_1K_std,POSIX_SIZE_WRITE_100_1K_min,POSIX_SIZE_WRITE_100_1K_max,POSIX_SIZE_WRITE_100_1K_cv,POSIX_SIZE_WRITE_100_1K_count,POSIX_SIZE_WRITE_1K_10K_mean,POSIX_SIZE_WRITE_1K_10K_std,POSIX_SIZE_WRITE_1K_10K_min,POSIX_SIZE_WRITE_1K_10K_max,POSIX_SIZE_WRITE_1K_10K_cv,POSIX_SIZE_WRITE_1K_10K_count,POSIX_SIZE_WRITE_10K_100K_mean,POSIX_SIZE_WRITE_10K_100K_std,POSIX_SIZE_WRITE_10K_100K_min,POSIX_SIZE_WRITE_10K_100K_max,POSIX_SIZE_WRITE_10K_100K_cv,POSIX_SIZE_WRITE_10K_100K_count,POSIX_SIZE_WRITE_4M_10M_mean,POSIX_SIZE_WRITE_4M_10M_std,POSIX_SIZE_WRITE_4M_10M_min,POSIX_SIZE_WRITE_4M_10M_max,POSIX_SIZE_WRITE_4M_10M_cv,POSIX_SIZE_WRITE_4M_10M_count,POSIX_STRIDE1_STRIDE_mean,POSIX_STRIDE1_STRIDE_std,POSIX_STRIDE1_STRIDE_min,POSIX_STRIDE1_STRIDE_max,POSIX_STRIDE1_STRIDE_cv,POSIX_STRIDE1_STRIDE_count,POSIX_STRIDE2_STRIDE_mean,POSIX_STRIDE2_STRIDE_std,POSIX_STRIDE2_STRIDE_min,POSIX_STRIDE2_STRIDE_max,POSIX_STRIDE2_STRIDE_cv,POSIX_STRIDE2_STRIDE_count,POSIX_STRIDE3_STRIDE_mean,POSIX_STRIDE3_STRIDE_std,POSIX_STRIDE3_STRIDE_min,POSIX_STRIDE3_STRIDE_max,POSIX_STRIDE3_STRIDE_cv,POSIX_STRIDE3_STRIDE_count,POSIX_STRIDE4_STRIDE_mean,POSIX_STRIDE4_STRIDE_std,POSIX_STRIDE4_STRIDE_min,POSIX_STRIDE4_STRIDE_max,POSIX_STRIDE4_STRIDE_cv,POSIX_STRIDE4_STRIDE_count,POSIX_STRIDE1_COUNT_mean,POSIX_STRIDE1_COUNT_std,POSIX_STRIDE1_COUNT_min,POSIX_STRIDE1_COUNT_max,POSIX_STRIDE1_COUNT_cv,POSIX_STRIDE1_COUNT_count,POSIX_STRIDE2_COUNT_mean,POSIX_STRIDE2_COUNT_std,POSIX_STRIDE2_COUNT_min,POSIX_STRIDE2_COUNT_max,POSIX_STRIDE2_COUNT_cv,POSIX_STRIDE2_COUNT_count,POSIX_STRIDE3_COUNT_mean,POSIX_STRIDE3_COUNT_std,POSIX_STRIDE3_COUNT_min,POSIX_STRIDE3_COUNT_max,POSIX_STRIDE3_COUNT_cv,POSIX_STRIDE3_COUNT_count,POSIX_STRIDE4_COUNT_mean,POSIX_STRIDE4_COUNT_std,POSIX_STRIDE4_COUNT_min,POSIX_STRIDE4_COUNT_max,POSIX_STRIDE4_COUNT_cv,POSIX_STRIDE4_COUNT_count,POSIX_F_READ_TIME_mean,POSIX_F_READ_TIME_std,POSIX_F_READ_TIME_min,POSIX_F_READ_TIME_max,POSIX_F_READ_TIME_cv,POSIX_F_READ_TIME_count,POSIX_F_WRITE_TIME_mean,POSIX_F_WRITE_TIME_std,POSIX_F_WRITE_TIME_min,POSIX_F_WRITE_TIME_max,POSIX_F_WRITE_TIME_cv,POSIX_F_WRITE_TIME_count,POSIX_F_META_TIME_mean,POSIX_F_META_TIME_std,POSIX_F_META_TIME_min,POSIX_F_META_TIME_max,POSIX_F_META_TIME_cv,POSIX_F_META_TIME_count,POSIX_F_MAX_READ_TIME_mean,POSIX_F_MAX_READ_TIME_std,POSIX_F_MAX_READ_TIME_min,POSIX_F_MAX_READ_TIME_max,POSIX_F_MAX_READ_TIME_cv,POSIX_F_MAX_READ_TIME_count,POSIX_F_MAX_WRITE_TIME_mean,POSIX_F_MAX_WRITE_TIME_std,POSIX_F_MAX_WRITE_TIME_min,POSIX_F_MAX_WRITE_TIME_max,POSIX_F_MAX_WRITE_TIME_cv,POSIX_F_MAX_WRITE_TIME_count,POSIX_OPEN_DURATION_mean,POSIX_OPEN_DURATION_std,POSIX_OPEN_DURATION_min,POSIX_OPEN_DURATION_max,POSIX_OPEN_DURATION_cv,POSIX_OPEN_DURATION_count,POSIX_READ_DURATION_mean,POSIX_READ_DURATION_std,POSIX_READ_DURATION_min,POSIX_READ_DURATION_max,POSIX_READ_DURATION_cv,POSIX_READ_DURATION_count,POSIX_WRITE_DURATION_mean,POSIX_WRITE_DURATION_std,POSIX_WRITE_DURATION_min,POSIX_WRITE_DURATION_max,POSIX_WRITE_DURATION_cv,POSIX_WRITE_DURATION_count,POSIX_CLOSE_DURATION_mean,POSIX_CLOSE_DURATION_std,POSIX_CLOSE_DURATION_min,POSIX_CLOSE_DURATION_max,POSIX_CLOSE_DURATION_cv,POSIX_CLOSE_DURATION_count,POSIX_READ_DENSITY_mean,POSIX_READ_DENSITY_std,POSIX_READ_DENSITY_min,POSIX_READ_DENSITY_max,POSIX_READ_DENSITY_cv,POSIX_READ_DENSITY_count,POSIX_WRITE_DENSITY_mean,POSIX_WRITE_DENSITY_std,POSIX_WRITE_DENSITY_min,POSIX_WRITE_DENSITY_max,POSIX_WRITE_DENSITY_cv,POSIX_WRITE_DENSITY_count,POSIX_MEAN_READ_SIZE_mean,POSIX_MEAN_READ_SIZE_std,POSIX_MEAN_READ_SIZE_min,POSIX_MEAN_READ_SIZE_max,POSIX_MEAN_READ_SIZE_cv,POSIX_MEAN_READ_SIZE_count,POSIX_MEAN_WRITE_SIZE_mean,POSIX_MEAN_WRITE_SIZE_std,POSIX_MEAN_WRITE_SIZE_min,POSIX_MEAN_WRITE_SIZE_max,POSIX_MEAN_WRITE_SIZE_cv,POSIX_MEAN_WRITE_SIZE_count,POSIX_SEQ_READ_RATIO_mean,POSIX_SEQ_READ_RATIO_std,POSIX_SEQ_READ_RATIO_min,POSIX_SEQ_READ_RATIO_max,POSIX_SEQ_READ_RATIO_cv,POSIX_SEQ_READ_RATIO_count,POSIX_SEQ_WRITE_RATIO_mean,POSIX_SEQ_WRITE_RATIO_std,POSIX_SEQ_WRITE_RATIO_min,POSIX_SEQ_WRITE_RATIO_max,POSIX_SEQ_WRITE_RATIO_cv,POSIX_SEQ_WRITE_RATIO_count,POSIX_SEEK_RATE_mean,POSIX_SEEK_RATE_std,POSIX_SEEK_RATE_min,POSIX_SEEK_RATE_max,POSIX_SEEK_RATE_cv,POSIX_SEEK_RATE_count
large_io,1.0,0.0,1,1,0.0,5,50.0,0.0,50,50,0.0,5,50.0,0.0,50,50,0.0,5,100.0,0.0,100,100,0.0,5,-1.0,0.0,-1,-1,-0.0,5,1.0,0.0,1,1,0.0,5,524288000.0,0.0,524288000,524288000,0.0,5,524288000.0,0.0,524288000,524288000,0.0,5,49.0,0.0,49,49,0.0,5,49.0,0.0,49,49,0.0,5,49.0,0.0,49,49,0.0,5,49.0,0.0,49,49,0.0,5,1.0,0.0,1,1,0.0,5,8.0,0.0,8,8,0.0,5,0.0,0.0,0,0,,5,524288.0,0.0,524288,524288,0.0,5,10485760.0,0.0,10485760,10485760,0.0,5,10485760.0,0.0,10485760,10485760,0.0,5,0.0,0.0,0,0,,5,0.0,0.0,0,0,,5,0.0,0.0,0,0,,5,50.0,0.0,50,50,0.0,5,0.0,0.0,0,0,,5,0.0,0.0,0,0,,5,0.0,0.0,0,0,,5,50.0,0.0,50,50,0.0,5,0.0,0.0,0,0,,5,0.0,0.0,0,0,,5,0.0,0.0,0,0,,5,0.0,0.0,0,0,,5,0.0,0.0,0,0,,5,0.0,0.0,0,0,,5,0.0,0.0,0,0,,5,0.0,0.0,0,0,,5,1.81009202003479,0.005347987591030653,1.804316997528076,1.8162214756011963,0.002954539068642413,5,1.8984254360198975,0.012509854286500465,1.8890409469604488,1.919959545135498,0.006589594750019641,5,0.0030161857604980202,0.0010147410306961997,0.0023918151855468,0.0048224925994873,0.33643187498128424,5,0.0370547771453857,0.00032303905084312345,0.0366592407226562,0.037513256072998,0.008717878657741445,5,0.044554233551025356,0.01575774268849459,0.0370097160339355,0.0727238655090332,0.35367554175178817,5,0.0011688709259033401,0.00024148086636759125,0.0008692741394042999,0.0014626979827880998,0.20659326963836255,5,1.8104010581970216,0.0053695143455299785,1.8046081066131587,1.8165385723114014,0.0029659253242358785,5,1.8427395820617676,0.014781247245236115,1.8334903717041011,1.8687815666198728,0.008021343541499212,5,0.00171527862548837,0.0011877207879941155,0.0010182857513436616,0.0038301944732670457,0.6924360686042773,5,289599747.61005527,858907.0673820024,288619249.8147094,290527343.90292084,0.002965841905837973,5,284530015.3667529,2259764.448152431,280550712.48818934,285950778.9575742,0.007942095125674682,5,10485760.0,0.0,10485760.0,10485760.0,0.0,5,10485760.0,0.0,10485760.0,10485760.0,0.0,5,0.9800000000000001,0.0,0.98,0.98,0.0,5,0.9800000000000001,0.0,0.98,0.98,0.0,5,1.0,0.0,1.0,1.0,0.0,5
metadata_heavy,1000.0,0.0,1000,1000,0.0,5,0.0,0.0,0,0,,5,1000.0,0.0,1000,1000,0.0,5,0.0,0.0,0,0,,5,-1000.0,0.0,-1000,-1000,-0.0,5,1000.0,0.0,1000,1000,0.0,5,0.0,0.0,0,0,,5,4096000.0,0.0,4096000,4096000,0.0,5,0.0,0.0,0,0,,5,0.0,0.0,0,0,,5,0.0,0.0,0,0,,5,0.0,0.0,0,0,,5,0.0,0.0,0,0,,5,8.0,0.0,8,8,0.0,5,0.0,0.0,0,0,,5,524288.0,0.0,524288,524288,0.0,5,0.0,0.0,0,0,,5,4096.0,0.0,4096,4096,0.0,5,0.0,0.0,0,0,,5,0.0,0.0,0,0,,5,0.0,0.0,0,0,,5,0.0,0.0,0,0,,5,0.0,0.0,0,0,,5,1000.0,0.0,1000,1000,0.0,5,0.0,0.0,0,0,,5,0.0,0.0,0,0,,5,0.0,0.0,0,0,,5,0.0,0.0,0,0,,5,0.0,0.0,0,0,,5,0.0,0.0,0,0,,5,0.0,0.0,0,0,,5,0.0,0.0,0,0,,5,0.0,0.0,0,0,,5,0.0,0.0,0,0,,5,0.0,0.0,0.0,0.0,,5,10.626173877716065,0.790324773213689,9.240941286087036,11.12029767036438,0.07437529089101988,5,0.9055475234985352,0.049863370430932294,0.8394405841827393,0.95592999458313,0.05506433305486584,5,0.0,0.0,0.0,0.0,,5,5.388259887695313e-06,1.3338661890696876e-06,3.814697265625e-06,6.9141387939453125e-06,0.24755045541060827,5,12.084950971603394,0.8778165253641168,10.562687397003174,12.677229881286621,0.07263716066591959,5,0.0,0.0,0.0,0.0,,5,12.084142923355103,0.8780003059036438,10.561507940292358,12.676262140274048,0.07265722620730733,5,12.077504587173461,0.8704200297313618,10.567600011825562,12.66098141670227,0.07206952590651586,5,,,,,,0,340527.8059651224,27047.970124386655,323123.6428115906,387823.4077137489,0.07942954921912299,5,,,,,,0,4096.0,0.0,4096.0,4096.0,0.0,5,,,,,,0,0.0,0.0,0.0,0.0,,5,0.0,0.0,0.0,0.0,,5
mixed_rw,1.0,0.0,1,1,0.0,5,5000.0,0.0,5000,5000,0.0,5,5000.0,0.0,5000,5000,0.0,5,10000.0,0.0,10000,10000,0.0,5,-1.0,0.0,-1,-1,-0.0,5,1.0,0.0,1,1,0.0,5,327680000.0,0.0,327680000,327680000,0.0,5,327680000.0,0.0,327680000,327680000,0.0,5,4999.0,0.0,4999,4999,0.0,5,4999.0,0.0,4999,4999,0.0,5,4999.0,0.0,4999,4999,0.0,5,4999.0,0.0,4999,4999,0.0,5,7.0,0.0,7,7,0.0,5,8.0,0.0,8,8,0.0,5,8750.0,0.0,8750,8750,0.0,5,524288.0,0.0,524288,524288,0.0,5,65536.0,0.0,65536,65536,0.0,5,65536.0,0.0,65536,65536,0.0,5,0.0,0.0,0,0,,5,0.0,0.0,0,0,,5,5000.0,0.0,5000,5000,0.0,5,0.0,0.0,0,0,,5,0.0,0.0,0,0,,5,0.0,0.0,0,0,,5,5000.0,0.0,5000,5000,0.0,5,0.0,0.0,0,0,,5,0.0,0.0,0,0,,5,0.0,0.0,0,0,,5,0.0,0.0,0,0,,5,0.0,0.0,0,0,,5,0.0,0.0,0,0,,5,0.0,0.0,0,0,,5,0.0,0.0,0,0,,5,0.0,0.0,0,0,,5,1.3349389553070068,0.033245477047447285,1.2968716621398926,1.3714513778686523,0.02490411783646058,5,1.3706533908843994,0.014669920413739351,1.3448593616485596,1.3800415992736816,0.01070286661186731,5,0.00397758483886714,0.0008084323568740713,0.0032377243041992,0.00535249710083,0.20324704302330399,5,0.0036835193634032802,0.00013978918637379612,0.0035045146942138,0.003861665725708,0.037949898611267775,5,0.0041751384735106995,0.001884032244055855,0.0026991367340087,0.0071766376495361,0.45125024140137104,5,0.0015361785888671601,0.000896282690147811,0.0009129047393798,0.0031218528747559,0.5834495394241668,5,2.3339126110076904,0.04181217631723611,2.277557134628296,2.377110719680786,0.01791505651069912,5,2.334509754180908,0.03710814937173617,2.2803664207458496,2.369554281234741,0.015895478399813336,5,0.0010402679443359375,0.0001643972087347386,0.0008859634399409622,0.0012824535369873047,0.15803352360307782,5,140435586.22651285,2522967.6917135967,137848017.46382388,143873448.88868326,0.017965301812065106,5,140392070.48140678,2245560.0429767314,138287610.71016723,143696204.70591927,0.015994920762096236,5,65536.0,0.0,65536.0,65536.0,0.0,5,65536.0,0.0,65536.0,65536.0,0.0,5,0.9998000000000001,0.0,0.9998,0.9998,0.0,5,0.9998000000000001,0.0,0.9998,0.9998,0.0,5,1.0,0.0,1.0,1.0,0.0,5
random_read,1.0,0.0,1,1,0.0,5,10000.0,0.0,10000,10000,0.0,5,0.0,0.0,0,0,,5,10000.0,0.0,10000,10000,0.0,5,-1.0,0.0,-1,-1,-0.0,5,1.0,0.0,1,1,0.0,5,40960000.0,0.0,40960000,40960000,0.0,5,0.0,0.0,0,0,,5,1.0,0.0,1,1,0.0,5,0.0,0.0,0,0,,5,5000.0,31.44041984452502,4979,5054,0.006288083968905004,5,0.0,0.0,0,0,,5,0.0,0.0,0,0,,5,8.0,0.0,8,8,0.0,5,9921.0,8.602325267042627,9908,9932,0.0008670824782826959,5,524288.0,0.0,524288,524288,0.0,5,4096.0,0.0,4096,4096,0.0,5,0.0,0.0,0,0,,5,0.0,0.0,0,0,,5,10000.0,0.0,10000,10000,0.0,5,0.0,0.0,0,0,,5,0.0,0.0,0,0,,5,0.0,0.0,0,0,,5,0.0,0.0,0,0,,5,0.0,0.0,0,0,,5,0.0,0.0,0,0,,5,8873574.4,6965823.716518586,1232896,19177472,0.7850076420747185,5,16040755.2,8163162.246987573,9068544,28692480,0.5089013668750193,5,9494528.0,4634953.858345518,6045696,17580032,0.4881710663600674,5,9877913.6,7197785.433730905,2310144,19144704,0.7286746700974288,5,4.0,0.7071067811865476,3,5,0.1767766952966369,5,2.8,0.447213595499958,2,3,0.159719141249985,5,2.8,0.447213595499958,2,3,0.159719141249985,5,2.6,0.5477225575051661,2,3,0.21066252211737155,5,1.3534437656402587,0.20036802504293036,1.1855535507202148,1.6987929344177246,0.14804311056702416,5,0.01852760314941402,0.00010706502132792825,0.0184204578399658,0.0186836719512939,0.00577867630607764,5,0.00338578224182126,0.0008475480362719782,0.0028409957885742,0.0048856735229492,0.250325619232993,5,0.00299220085144038,0.0005263741869767352,0.0020971298217773,0.0033845901489257,0.17591539241871088,5,0.0,0.0,0.0,0.0,,5,0.0006175994873046999,0.00019310489061045083,0.00032687187194829987,0.0008039474487305,0.31267009539336016,5,1.358374786376953,0.2005559883997765,1.190657615661621,1.7041540145874023,0.1476440746774297,5,0.0,0.0,0.0,0.0,,5,0.0013950824737549716,0.0009389688666258817,0.0009541511535646752,0.0030744075775148705,0.6730561700044693,5,30615852.001663953,3928664.9005537983,24035386.267547503,34401157.361463204,0.12832126639298747,5,,,,,,0,4096.0,0.0,4096.0,4096.0,0.0,5,,,,,,0,0.5,0.0031440419844525032,0.4979,0.5054,0.0062880839689050064,5,,,,,,0,1.0,0.0,1.0,1.0,0.0,5
random_write,1.0,0.0,1,1,0.0,5,0.0,0.0,0,0,,5,10000.0,0.0,10000,10000,0.0,5,10000.0,0.0,10000,10000,0.0,5,-1.0,0.0,-1,-1,-0.0,5,1.0,0.0,1,1,0.0,5,0.0,0.0,0,0,,5,40960000.0,0.0,40960000,40960000,0.0,5,0.0,0.0,0,0,,5,0.8,1.3038404810405297,0,3,1.629800601300662,5,0.0,0.0,0,0,,5,5001.6,36.12201544764636,4957,5050,0.007222092020082845,5,0.0,0.0,0,0,,5,8.0,0.0,8,8,0.0,5,9916.2,3.7013511046642633,9911,9920,0.0003732630548662051,5,524288.0,0.0,524288,524288,0.0,5,0.0,0.0,0,0,,5,4096.0,0.0,4096,4096,0.0,5,0.0,0.0,0,0,,5,0.0,0.0,0,0,,5,0.0,0.0,0,0,,5,0.0,0.0,0,0,,5,0.0,0.0,0,0,,5,10000.0,0.0,10000,10000,0.0,5,0.0,0.0,0,0,,5,0.0,0.0,0,0,,5,13753548.8,7173761.575647968,3633152,23908352,0.521593494156793,5,12804915.2,6795311.156918953,5636096,23642112,0.5306799030515215,5,5061836.8,3397588.669524785,925696,9269248,0.6712165571052755,5,13152256.0,13430472.642929586,2441216,28844032,1.0211535300810435,5,3.6,1.3416407864998738,3,6,0.37267799624996495,5,3.2,0.4472135954999579,3,4,0.13975424859373684,5,3.0,0.0,3,3,0.0,5,2.6,0.5477225575051661,2,3,0.21066252211737155,5,0.0,0.0,0.0,0.0,,5,2.6623257637023925,0.4562499390622538,2.182300806045532,3.3706963062286377,0.17137269423699858,5,0.0037423610687255596,0.00030598247905125727,0.0032379627227783,0.0039994716644287,0.08176188065024359,5,0.0,0.0,0.0,0.0,,5,0.02059297561645504,0.02003843588514967,0.0042459964752197,0.0438880920410156,0.9730714132025554,5,0.00113596916198728,0.00032739201403052416,0.0006222724914551,0.0014877319335937001,0.28820501910261376,5,0.0,0.0,0.0,0.0,,5,2.6357209205627443,0.4555986710095805,2.1581952571868896,3.3432729244232173,0.17285542921300906,5,0.0010845661163330078,4.801545380255329e-05,0.0010344982147216797,0.0011382102966304153,0.04427157835697174,5,,,,,,0,15892195.338540867,2569982.208254512,12251467.626462603,18978820.319246516,0.16171347969917876,5,,,,,,0,4096.0,0.0,4096.0,4096.0,0.0,5,,,,,,0,0.5001599999999999,0.0036122015447646355,0.4957,0.505,0.007222092020082845,5,1.0,0.0,1.0,1.0,0.0,5
read_heavy,1.0,0.0,1,1,0.0,5,10000.0,0.0,10000,10000,0.0,5,0.0,0.0,0,0,,5,10000.0,0.0,10000,10000,0.0,5,-1.0,0.0,-1,-1,-0.0,5,1.0,0.0,1,1,0.0,5,655360000.0,0.0,655360000,655360000,0.0,5,0.0,0.0,0,0,,5,9999.0,0.0,9999,9999,0.0,5,0.0,0.0,0,0,,5,9999.0,0.0,9999,9999,0.0,5,0.0,0.0,0,0,,5,0.0,0.0,0,0,,5,8.0,0.0,8,8,0.0,5,8750.0,0.0,8750,8750,0.0,5,524288.0,0.0,524288,524288,0.0,5,65536.0,0.0,65536,65536,0.0,5,0.0,0.0,0,0,,5,0.0,0.0,0,0,,5,0.0,0.0,0,0,,5,10000.0,0.0,10000,10000,0.0,5,0.0,0.0,0,0,,5,0.0,0.0,0,0,,5,0.0,0.0,0,0,,5,0.0,0.0,0,0,,5,0.0,0.0,0,0,,5,0.0,0.0,0,0,,5,0.0,0.0,0,0,,5,0.0,0.0,0,0,,5,0.0,0.0,0,0,,5,0.0,0.0,0,0,,5,0.0,0.0,0,0,,5,0.0,0.0,0,0,,5,0.0,0.0,0,0,,5,2.570391893386841,0.07336531952630537,2.493570566177368,2.6717097759246826,0.02854246456155625,5,0.015499210357665938,0.0021333641741004975,0.0139131546020507,0.0186583995819091,0.13764341052673898,5,0.00303692817687984,0.0002843513354497036,0.0027737617492675,0.0034995079040527,0.09363123488216571,5,0.00404391288757318,0.0012691106805828385,0.0029125213623046,0.0062150955200195,0.3138323489812989,5,0.0,0.0,0.0,0.0,,5,0.00050306320190426,6.233152699420902e-05,0.00043725967407220014,0.0005679130554199002,0.12390396824546826,5,2.5743175506591798,0.07329148068945698,2.497710943222046,2.6758320331573486,0.02847025638724716,5,0.0,0.0,0.0,0.0,,5,0.0011169433593751776,0.00020065245859442752,0.0010213851928715378,0.0014755725860600144,0.1796442558257146,5,254740458.11885247,7213024.976199035,244918213.05641064,262384244.97375423,0.02831519197800023,5,,,,,,0,65536.0,0.0,65536.0,65536.0,0.0,5,,,,,,0,0.9999,0.0,0.9999,0.9999,0.0,5,,,,,,0,1.0,0.0,1.0,1.0,0.0,5
small_io,1.0,0.0,1,1,0.0,5,25000.0,0.0,25000,25000,0.0,5,25000.0,0.0,25000,25000,0.0,5,50000.0,0.0,50000,50000,0.0,5,-1.0,0.0,-1,-1,-0.0,5,1.0,0.0,1,1,0.0,5,12800000.0,0.0,12800000,12800000,0.0,5,12800000.0,0.0,12800000,12800000,0.0,5,0.8,0.4472135954999579,0,1,0.5590169943749473,5,0.2,0.447213595499958,0,1,2.23606797749979,5,12513.4,49.97299270606078,12455,12578,0.003993558321963717,5,12499.2,64.09524163305713,12421,12583,0.005127947519285804,5,1.0,0.0,1,1,0.0,5,8.0,0.0,8,8,0.0,5,49946.8,10.32956920689355,49932,49958,0.00020681143150098804,5,524288.0,0.0,524288,524288,0.0,5,512.0,0.0,512,512,0.0,5,512.0,0.0,512,512,0.0,5,25000.0,0.0,25000,25000,0.0,5,0.0,0.0,0,0,,5,0.0,0.0,0,0,,5,0.0,0.0,0,0,,5,25000.0,0.0,25000,25000,0.0,5,0.0,0.0,0,0,,5,0.0,0.0,0,0,,5,0.0,0.0,0,0,,5,6114816.0,3237866.6463558995,1975296,8928768,0.5295117050710765,5,6409830.4,3672683.9838021463,349696,9119744,0.5729767801347982,5,5262643.2,815750.866941127,4313088,5988352,0.15500782324386478,5,2669977.6,980763.5909457487,1288704,3779584,0.36733026934224045,5,4.4,0.547722557505166,4,5,0.12448239943299226,5,3.2,0.447213595499958,3,4,0.13975424859373686,5,3.0,0.0,3,3,0.0,5,3.0,0.0,3,3,0.0,5,2.8820343971252442,0.43558534635442786,2.2729954719543457,3.4591355323791504,0.1511381497697991,5,17.27944107055664,10.30815768733403,8.916961908340454,30.965646266937256,0.5965561990832359,5,0.02057209014892572,0.013239966714917265,0.0087041854858398,0.0370373725891113,0.6435887952595162,5,0.0024981498718261398,0.0015430154255310288,0.0009829998016357,0.0046110153198242,0.6176632727015251,5,0.1260626316070556,0.07836458908912296,0.0479471683502197,0.2109262943267822,0.621632184653973,5,0.0012142181396484599,0.0002979632031081987,0.0007681846618652999,0.0014836788177489998,0.24539511754820673,5,2.9095860004425043,0.454019720387836,2.2840147018432617,3.512058973312378,0.1560427223387748,5,17.295747470855712,10.300178575199041,8.951967477798462,30.979065418243408,0.5955324331923445,5,0.0011357307434085584,0.0002619946606975042,0.000803947448726916,0.0014531612396240234,0.23068377977618626,5,4489319.138266171,729546.6164825652,3644585.7251445167,5604167.078990364,0.1625071851684674,5,961173.5546847781,470477.38111512084,413182.25153629546,1429853.2732323862,0.48948223639945687,5,512.0,0.0,512.0,512.0,0.0,5,512.0,0.0,512.0,512.0,0.0,5,0.500536,0.001998919708242395,0.4982,0.50312,0.003993558321963645,5,0.49996799999999997,0.0025638096653223,0.49684,0.50332,0.005127947519285835,5,1.0,0.0,1.0,1.0,0.0,5
strided_read,1.0,0.0,1,1,0.0,5,10000.0,0.0,10000,10000,0.0,5,0.0,0.0,0,0,,5,10000.0,0.0,10000,10000,0.0,5,-1.0,0.0,-1,-1,-0.0,5,1.0,0.0,1,1,0.0,5,655360000.0,0.0,655360000,655360000,0.0,5,0.0,0.0,0,0,,5,0.0,0.0,0,0,,5,0.0,0.0,0,0,,5,9992.0,0.0,9992,9992,0.0,5,0.0,0.0,0,0,,5,0.0,0.0,0,0,,5,8.0,0.0,8,8,0.0,5,0.0,0.0,0,0,,5,524288.0,0.0,524288,524288,0.0,5,65536.0,0.0,65536,65536,0.0,5,0.0,0.0,0,0,,5,0.0,0.0,0,0,,5,0.0,0.0,0,0,,5,10000.0,0.0,10000,10000,0.0,5,0.0,0.0,0,0,,5,0.0,0.0,0,0,,5,0.0,0.0,0,0,,5,0.0,0.0,0,0,,5,0.0,0.0,0,0,,5,458752.0,0.0,458752,458752,0.0,5,0.0,0.0,0,0,,5,0.0,0.0,0,0,,5,0.0,0.0,0,0,,5,9992.0,0.0,9992,9992,0.0,5,0.0,0.0,0,0,,5,0.0,0.0,0,0,,5,0.0,0.0,0,0,,5,13.102248859405517,0.14211977346172186,12.94078493118286,13.302107095718384,0.010846975583103846,5,0.01480765342712396,0.0021400833708175907,0.0135643482208251,0.0186188220977783,0.14452549023719632,5,0.0052637100219726,0.001111895118432187,0.0039527416229248,0.0066010951995849,0.21123791276319187,5,0.00378885269165034,0.0007119948161287521,0.0029246807098388,0.0047593116760253,0.18791831566790818,5,0.0,0.0,0.0,0.0,,5,0.0004022598266601199,0.0001285559743713575,0.0003116130828857001,0.0006275177001952999,0.3195844224334584,5,13.111662197113038,0.14230309665862367,12.950037956237793,13.31158447265625,0.01085316983608351,5,0.0,0.0,0.0,0.0,,5,0.0023897171020500706,0.0011907979058732984,0.001115560531616211,0.0038189888000470518,0.49830078416049606,5,49987677.9832558,540656.5767680983,49232305.99228784,50606801.47924395,0.010815796983992737,5,,,,,,0,65536.0,0.0,65536.0,65536.0,0.0,5,,,,,,0,0.9991999999999999,0.0,0.9992,0.9992,0.0,5,,,,,,0,1.0,0.0,1.0,1.0,0.0,5
strided_write,1.0,0.0,1,1,0.0,5,0.0,0.0,0,0,,5,10000.0,0.0,10000,10000,0.0,5,10000.0,0.0,10000,10000,0.0,5,-1.0,0.0,-1,-1,-0.0,5,1.0,0.0,1,1,0.0,5,0.0,0.0,0,0,,5,655360000.0,0.0,655360000,655360000,0.0,5,0.0,0.0,0,0,,5,0.0,0.0,0,0,,5,0.0,0.0,0,0,,5,9992.0,0.0,9992,9992,0.0,5,0.0,0.0,0,0,,5,8.0,0.0,8,8,0.0,5,0.0,0.0,0,0,,5,524288.0,0.0,524288,524288,0.0,5,0.0,0.0,0,0,,5,65536.0,0.0,65536,65536,0.0,5,0.0,0.0,0,0,,5,0.0,0.0,0,0,,5,0.0,0.0,0,0,,5,0.0,0.0,0,0,,5,0.0,0.0,0,0,,5,0.0,0.0,0,0,,5,10000.0,0.0,10000,10000,0.0,5,0.0,0.0,0,0,,5,458752.0,0.0,458752,458752,0.0,5,0.0,0.0,0,0,,5,0.0,0.0,0,0,,5,0.0,0.0,0,0,,5,9992.0,0.0,9992,9992,0.0,5,0.0,0.0,0,0,,5,0.0,0.0,0,0,,5,0.0,0.0,0,0,,5,0.0,0.0,0.0,0.0,,5,7.385966634750366,2.4701463089801945,4.879929780960083,10.658177375793455,0.33443778331713,5,0.00702600479125972,0.0035574914403848105,0.0033671855926513,0.0122690200805664,0.5063320544287551,5,0.0,0.0,0.0,0.0,,5,0.030190610885620063,0.02489395041697241,0.0021796226501464,0.0486278533935546,0.8245593476490243,5,0.00118641853332518,0.00023545952593033431,0.0008044242858886001,0.0014164447784424002,0.19846244753983314,5,0.0,0.0,0.0,0.0,,5,7.370814275741577,2.474473738697085,4.8598620891571045,10.648308038711548,0.3357123984036524,5,0.0016834259033208453,0.0010936560048710176,0.0009307861328133882,0.0035948753356951357,0.6496609103576191,5,,,,,,0,97837096.54217878,33851248.42614626,61545928.01198668,134851563.27011448,0.3459960446756775,5,,,,,,0,65536.0,0.0,65536.0,65536.0,0.0,5,,,,,,0,0.9991999999999999,0.0,0.9992,0.9992,0.0,5,1.0,0.0,1.0,1.0,0.0,5
sync_heavy,1.0,0.0,1,1,0.0,5,0.0,0.0,0,0,,5,10000.0,0.0,10000,10000,0.0,5,10000.0,0.0,10000,10000,0.0,5,-1.0,0.0,-1,-1,-0.0,5,10001.0,0.0,10001,10001,0.0,5,0.0,0.0,0,0,,5,655360000.0,0.0,655360000,655360000,0.0,5,0.0,0.0,0,0,,5,9999.0,0.0,9999,9999,0.0,5,0.0,0.0,0,0,,5,9999.0,0.0,9999,9999,0.0,5,0.0,0.0,0,0,,5,8.0,0.0,8,8,0.0,5,8750.0,0.0,8750,8750,0.0,5,524288.0,0.0,524288,524288,0.0,5,0.0,0.0,0,0,,5,65536.0,0.0,65536,65536,0.0,5,0.0,0.0,0,0,,5,0.0,0.0,0,0,,5,0.0,0.0,0,0,,5,0.0,0.0,0,0,,5,0.0,0.0,0,0,,5,0.0,0.0,0,0,,5,10000.0,0.0,10000,10000,0.0,5,0.0,0.0,0,0,,5,0.0,0.0,0,0,,5,0.0,0.0,0,0,,5,0.0,0.0,0,0,,5,0.0,0.0,0,0,,5,0.0,0.0,0,0,,5,0.0,0.0,0,0,,5,0.0,0.0,0,0,,5,0.0,0.0,0,0,,5,0.0,0.0,0.0,0.0,,5,74.28097777366638,1.0774665968371073,73.04509329795837,75.44839000701904,0.014505282901904448,5,0.00712537765502926,0.0012386971368340079,0.0063185691833496,0.0093080997467041,0.17384301531859245,5,0.0,0.0,0.0,0.0,,5,0.01051788330078122,0.012953758552842731,0.0010161399841308,0.0256056785583496,1.2315936754955805,5,0.00109181404113772,0.00046410608007446284,0.0005419254302978999,0.0015988349914550998,0.425077955208236,5,0.0,0.0,0.0,0.0,,5,74.29132013320923,1.079203424195059,73.05059504508972,75.46061944961548,0.014526642173809487,5,0.0014324665069580078,0.0009637466944302392,0.0008127689361572266,0.0031440258026123047,0.6727882919069822,5,,,,,,0,8822974.988118943,127944.47557945858,8684794.860948356,8971316.381413264,0.014501285082610931,5,,,,,,0,65536.0,0.0,65536.0,65536.0,0.0,5,,,,,,0,0.9999,0.0,0.9999,0.9999,0.0,5,1.0,0.0,1.0,1.0,0.0,5
write_heavy,1.0,0.0,1,1,0.0,5,0.0,0.0,0,0,,5,10000.0,0.0,10000,10000,0.0,5,10000.0,0.0,10000,10000,0.0,5,-1.0,0.0,-1,-1,-0.0,5,1.0,0.0,1,1,0.0,5,0.0,0.0,0,0,,5,655360000.0,0.0,655360000,655360000,0.0,5,0.0,0.0,0,0,,5,9999.0,0.0,9999,9999,0.0,5,0.0,0.0,0,0,,5,9999.0,0.0,9999,9999,0.0,5,0.0,0.0,0,0,,5,8.0,0.0,8,8,0.0,5,8750.0,0.0,8750,8750,0.0,5,524288.0,0.0,524288,524288,0.0,5,0.0,0.0,0,0,,5,65536.0,0.0,65536,65536,0.0,5,0.0,0.0,0,0,,5,0.0,0.0,0,0,,5,0.0,0.0,0,0,,5,0.0,0.0,0,0,,5,0.0,0.0,0,0,,5,0.0,0.0,0,0,,5,10000.0,0.0,10000,10000,0.0,5,0.0,0.0,0,0,,5,0.0,0.0,0,0,,5,0.0,0.0,0,0,,5,0.0,0.0,0,0,,5,0.0,0.0,0,0,,5,0.0,0.0,0,0,,5,0.0,0.0,0,0,,5,0.0,0.0,0,0,,5,0.0,0.0,0,0,,5,0.0,0.0,0.0,0.0,,5,2.7072816371917723,0.01818176312577744,2.6820733547210693,2.732152938842773,0.006715874283636462,5,0.0040455818176269,0.0003641866466932401,0.0036487579345703,0.0044448375701904,0.09002083337097569,5,0.0,0.0,0.0,0.0,,5,0.009025192260742141,0.01235692151138738,0.0027272701263427,0.031045913696289,1.3691588117338644,5,0.0014648437500000202,0.00010968809432239439,0.0013182163238526,0.0015823841094970998,0.07488040572408687,5,0.0,0.0,0.0,0.0,,5,2.6494943618774416,0.018458637120018825,2.624600648880005,2.675593852996826,0.006966852764668261,5,0.0013069629669188565,0.00023589897365126477,0.0010035037994380325,0.001600027084350586,0.18049399992364948,5,,,,,,0,247362456.9096908,1722469.708943623,244940015.56550047,249698940.0195651,0.006963343307883123,5,,,,,,0,65536.0,0.0,65536.0,65536.0,0.0,5,,,,,,0,0.9999,0.0,0.9999,0.9999,0.0,5,1.0,0.0,1.0,1.0,0.0,5
